Store;Date;Weekly Sales ($);Holiday Week;Temp (°F);Fuel Price ($/gal);CPI;Unemployment (%);Store Type;Store Size (sq ft);Year;Month
1;05/02/2010;$1 643 691;FALSE;42,3;$2,572;211,10;8,1;A;151 315;2010;2
1;12/02/2010;$1 641 957;TRUE;38,5;$2,548;211,24;8,1;A;151 315;2010;2
1;19/02/2010;$1 611 968;FALSE;39,9;$2,514;211,29;8,1;A;151 315;2010;2
1;26/02/2010;$1 409 728;FALSE;46,6;$2,561;211,32;8,1;A;151 315;2010;2
1;05/03/2010;$1 554 807;FALSE;46,5;$2,625;211,35;8,1;A;151 315;2010;3
1;12/03/2010;$1 439 542;FALSE;57,8;$2,667;211,38;8,1;A;151 315;2010;3
1;19/03/2010;$1 472 516;FALSE;54,6;$2,720;211,22;8,1;A;151 315;2010;3
1;26/03/2010;$1 404 430;FALSE;51,5;$2,732;211,02;8,1;A;151 315;2010;3
1;02/04/2010;$1 594 968;FALSE;62,3;$2,719;210,82;7,8;A;151 315;2010;4
1;09/04/2010;$1 545 419;FALSE;65,9;$2,770;210,62;7,8;A;151 315;2010;4
1;16/04/2010;$1 466 058;FALSE;66,3;$2,808;210,49;7,8;A;151 315;2010;4
1;23/04/2010;$1 391 256;FALSE;64,8;$2,795;210,44;7,8;A;151 315;2010;4
1;30/04/2010;$1 425 101;FALSE;67,4;$2,780;210,39;7,8;A;151 315;2010;4
1;07/05/2010;$1 603 955;FALSE;72,6;$2,835;210,34;7,8;A;151 315;2010;5
1;14/05/2010;$1 494 252;FALSE;74,8;$2,854;210,34;7,8;A;151 315;2010;5
1;21/05/2010;$1 399 662;FALSE;76,4;$2,826;210,62;7,8;A;151 315;2010;5
1;28/05/2010;$1 432 070;FALSE;80,4;$2,759;210,90;7,8;A;151 315;2010;5
1;04/06/2010;$1 615 525;FALSE;80,7;$2,705;211,18;7,8;A;151 315;2010;6
1;11/06/2010;$1 542 561;FALSE;80,4;$2,668;211,46;7,8;A;151 315;2010;6
1;18/06/2010;$1 503 284;FALSE;84,1;$2,637;211,45;7,8;A;151 315;2010;6
1;25/06/2010;$1 422 712;FALSE;84,3;$2,653;211,34;7,8;A;151 315;2010;6
1;02/07/2010;$1 492 418;FALSE;80,9;$2,669;211,22;7,8;A;151 315;2010;7
1;09/07/2010;$1 546 074;FALSE;80,5;$2,642;211,11;7,8;A;151 315;2010;7
1;16/07/2010;$1 448 939;FALSE;83,2;$2,623;211,10;7,8;A;151 315;2010;7
1;23/07/2010;$1 385 065;FALSE;83,4;$2,608;211,24;7,8;A;151 315;2010;7
1;30/07/2010;$1 371 987;FALSE;81,8;$2,640;211,37;7,8;A;151 315;2010;7
1;06/08/2010;$1 605 492;FALSE;87,2;$2,627;211,50;7,8;A;151 315;2010;8
1;13/08/2010;$1 508 238;FALSE;87,0;$2,692;211,64;7,8;A;151 315;2010;8
1;20/08/2010;$1 513 080;FALSE;86,7;$2,664;211,60;7,8;A;151 315;2010;8
1;27/08/2010;$1 449 143;FALSE;85,2;$2,619;211,57;7,8;A;151 315;2010;8
1;03/09/2010;$1 540 164;FALSE;81,2;$2,577;211,53;7,8;A;151 315;2010;9
1;10/09/2010;$1 507 461;TRUE;78,7;$2,565;211,50;7,8;A;151 315;2010;9
1;17/09/2010;$1 430 379;FALSE;82,1;$2,582;211,52;7,8;A;151 315;2010;9
1;24/09/2010;$1 351 791;FALSE;80,9;$2,624;211,60;7,8;A;151 315;2010;9
1;01/10/2010;$1 453 330;FALSE;71,9;$2,603;211,67;7,8;A;151 315;2010;10
1;08/10/2010;$1 508 240;FALSE;63,9;$2,633;211,75;7,8;A;151 315;2010;10
1;15/10/2010;$1 459 409;FALSE;67,2;$2,720;211,81;7,8;A;151 315;2010;10
1;22/10/2010;$1 345 454;FALSE;69,9;$2,725;211,86;7,8;A;151 315;2010;10
1;29/10/2010;$1 384 209;FALSE;69,6;$2,716;211,91;7,8;A;151 315;2010;10
1;05/11/2010;$1 551 659;FALSE;58,7;$2,689;211,96;7,8;A;151 315;2010;11
1;12/11/2010;$1 494 479;FALSE;59,6;$2,728;212,00;7,8;A;151 315;2010;11
1;19/11/2010;$1 483 784;FALSE;51,4;$2,771;211,89;7,8;A;151 315;2010;11
1;26/11/2010;$1 955 624;TRUE;64,5;$2,735;211,75;7,8;A;151 315;2010;11
1;03/12/2010;$1 548 034;FALSE;49,3;$2,708;211,61;7,8;A;151 315;2010;12
1;10/12/2010;$1 682 614;FALSE;46,3;$2,843;211,47;7,8;A;151 315;2010;12
1;17/12/2010;$1 891 035;FALSE;49,8;$2,869;211,41;7,8;A;151 315;2010;12
1;24/12/2010;$2 387 950;FALSE;52,3;$2,886;211,41;7,8;A;151 315;2010;12
1;31/12/2010;$1 367 320;TRUE;48,4;$2,943;211,40;7,8;A;151 315;2010;12
1;07/01/2011;$1 444 732;FALSE;48,3;$2,976;211,40;7,7;A;151 315;2011;1
1;14/01/2011;$1 391 014;FALSE;35,4;$2,983;211,46;7,7;A;151 315;2011;1
1;21/01/2011;$1 327 405;FALSE;44,0;$3,016;211,83;7,7;A;151 315;2011;1
1;28/01/2011;$1 316 899;FALSE;43,8;$3,010;212,20;7,7;A;151 315;2011;1
1;04/02/2011;$1 606 630;FALSE;42,3;$2,989;212,57;7,7;A;151 315;2011;2
1;11/02/2011;$1 649 615;TRUE;36,4;$3,022;212,94;7,7;A;151 315;2011;2
1;18/02/2011;$1 686 843;FALSE;57,4;$3,045;213,25;7,7;A;151 315;2011;2
1;25/02/2011;$1 456 800;FALSE;62,9;$3,065;213,54;7,7;A;151 315;2011;2
1;04/03/2011;$1 636 263;FALSE;59,6;$3,288;213,82;7,7;A;151 315;2011;3
1;11/03/2011;$1 553 192;FALSE;53,6;$3,459;214,11;7,7;A;151 315;2011;3
1;18/03/2011;$1 576 818;FALSE;62,8;$3,488;214,36;7,7;A;151 315;2011;3
1;25/03/2011;$1 541 102;FALSE;70,0;$3,473;214,60;7,7;A;151 315;2011;3
1;01/04/2011;$1 495 065;FALSE;59,2;$3,524;214,84;7,7;A;151 315;2011;4
1;08/04/2011;$1 614 259;FALSE;67,8;$3,622;215,07;7,7;A;151 315;2011;4
1;15/04/2011;$1 559 889;FALSE;71,3;$3,743;215,29;7,7;A;151 315;2011;4
1;22/04/2011;$1 564 820;FALSE;73,0;$3,807;215,46;7,7;A;151 315;2011;4
1;29/04/2011;$1 455 091;FALSE;72,0;$3,810;215,63;7,7;A;151 315;2011;4
1;06/05/2011;$1 629 391;FALSE;64,6;$3,906;215,80;7,7;A;151 315;2011;5
1;13/05/2011;$1 604 776;FALSE;75,6;$3,899;215,96;7,7;A;151 315;2011;5
1;20/05/2011;$1 428 218;FALSE;67,6;$3,907;215,73;7,7;A;151 315;2011;5
1;27/05/2011;$1 466 047;FALSE;77,7;$3,786;215,50;7,7;A;151 315;2011;5
1;03/06/2011;$1 635 078;FALSE;83,0;$3,699;215,27;7,7;A;151 315;2011;6
1;10/06/2011;$1 588 948;FALSE;83,1;$3,648;215,04;7,7;A;151 315;2011;6
1;17/06/2011;$1 532 115;FALSE;86,4;$3,637;215,00;7,7;A;151 315;2011;6
1;24/06/2011;$1 438 830;FALSE;83,6;$3,594;215,09;7,7;A;151 315;2011;6
1;01/07/2011;$1 488 538;FALSE;85,6;$3,524;215,18;8,0;A;151 315;2011;7
1;08/07/2011;$1 534 850;FALSE;85,8;$3,480;215,28;8,0;A;151 315;2011;7
1;15/07/2011;$1 455 120;FALSE;88,5;$3,575;215,36;8,0;A;151 315;2011;7
1;22/07/2011;$1 396 927;FALSE;85,8;$3,651;215,42;8,0;A;151 315;2011;7
1;29/07/2011;$1 352 220;FALSE;86,8;$3,682;215,48;8,0;A;151 315;2011;7
1;05/08/2011;$1 624 384;FALSE;91,7;$3,684;215,54;8,0;A;151 315;2011;8
1;12/08/2011;$1 525 147;FALSE;90,8;$3,638;215,61;8,0;A;151 315;2011;8
1;19/08/2011;$1 530 761;FALSE;89,9;$3,554;215,67;8,0;A;151 315;2011;8
1;26/08/2011;$1 464 693;FALSE;88,0;$3,523;215,73;8,0;A;151 315;2011;8
1;02/09/2011;$1 550 229;FALSE;87,8;$3,533;215,80;8,0;A;151 315;2011;9
1;09/09/2011;$1 540 471;TRUE;76,0;$3,546;215,86;8,0;A;151 315;2011;9
1;16/09/2011;$1 514 260;FALSE;79,9;$3,526;216,04;8,0;A;151 315;2011;9
1;23/09/2011;$1 380 020;FALSE;75,8;$3,467;216,38;8,0;A;151 315;2011;9
1;30/09/2011;$1 394 562;FALSE;79,7;$3,355;216,71;8,0;A;151 315;2011;9
1;07/10/2011;$1 630 990;FALSE;69,3;$3,285;217,05;7,9;A;151 315;2011;10
1;14/10/2011;$1 493 526;FALSE;71,7;$3,274;217,36;7,9;A;151 315;2011;10
1;21/10/2011;$1 502 563;FALSE;63,7;$3,353;217,52;7,9;A;151 315;2011;10
1;28/10/2011;$1 445 249;FALSE;66,6;$3,372;217,68;7,9;A;151 315;2011;10
1;04/11/2011;$1 697 230;FALSE;55,0;$3,332;217,84;7,9;A;151 315;2011;11
1;11/11/2011;$1 594 939;FALSE;59,1;$3,297;218,00;7,9;A;151 315;2011;11
1;18/11/2011;$1 539 484;FALSE;62,3;$3,308;218,22;7,9;A;151 315;2011;11
1;25/11/2011;$2 033 321;TRUE;60,1;$3,236;218,47;7,9;A;151 315;2011;11
1;02/12/2011;$1 584 084;FALSE;48,9;$3,172;218,71;7,9;A;151 315;2011;12
1;09/12/2011;$1 799 682;FALSE;43,9;$3,158;218,96;7,9;A;151 315;2011;12
1;16/12/2011;$1 881 177;FALSE;51,6;$3,159;219,18;7,9;A;151 315;2011;12
1;23/12/2011;$2 270 189;FALSE;48,0;$3,112;219,36;7,9;A;151 315;2011;12
1;30/12/2011;$1 497 463;TRUE;44,6;$3,129;219,54;7,9;A;151 315;2011;12
1;06/01/2012;$1 550 370;FALSE;49,0;$3,157;219,71;7,3;A;151 315;2012;1
1;13/01/2012;$1 459 601;FALSE;48,5;$3,261;219,89;7,3;A;151 315;2012;1
1;20/01/2012;$1 394 394;FALSE;54,1;$3,268;219,99;7,3;A;151 315;2012;1
1;27/01/2012;$1 319 326;FALSE;54,3;$3,290;220,08;7,3;A;151 315;2012;1
1;03/02/2012;$1 636 340;FALSE;56,6;$3,360;220,17;7,3;A;151 315;2012;2
1;10/02/2012;$1 802 477;TRUE;48,0;$3,409;220,27;7,3;A;151 315;2012;2
1;17/02/2012;$1 819 870;FALSE;45,3;$3,510;220,43;7,3;A;151 315;2012;2
1;24/02/2012;$1 539 388;FALSE;57,3;$3,555;220,64;7,3;A;151 315;2012;2
1;02/03/2012;$1 688 421;FALSE;61,0;$3,630;220,85;7,3;A;151 315;2012;3
1;09/03/2012;$1 675 431;FALSE;58,8;$3,669;221,06;7,3;A;151 315;2012;3
1;16/03/2012;$1 677 473;FALSE;64,7;$3,734;221,21;7,3;A;151 315;2012;3
1;23/03/2012;$1 511 068;FALSE;65,9;$3,787;221,29;7,3;A;151 315;2012;3
1;30/03/2012;$1 649 605;FALSE;67,6;$3,845;221,36;7,3;A;151 315;2012;3
1;06/04/2012;$1 899 677;FALSE;70,4;$3,891;221,44;7,1;A;151 315;2012;4
1;13/04/2012;$1 621 032;FALSE;69,1;$3,891;221,51;7,1;A;151 315;2012;4
1;20/04/2012;$1 521 578;FALSE;66,8;$3,877;221,56;7,1;A;151 315;2012;4
1;27/04/2012;$1 468 928;FALSE;67,2;$3,814;221,62;7,1;A;151 315;2012;4
1;04/05/2012;$1 684 520;FALSE;75,6;$3,749;221,67;7,1;A;151 315;2012;5
1;11/05/2012;$1 611 096;FALSE;73,8;$3,688;221,73;7,1;A;151 315;2012;5
1;18/05/2012;$1 595 902;FALSE;70,3;$3,630;221,74;7,1;A;151 315;2012;5
1;25/05/2012;$1 555 445;FALSE;77,2;$3,561;221,74;7,1;A;151 315;2012;5
1;01/06/2012;$1 624 478;FALSE;78,0;$3,501;221,75;7,1;A;151 315;2012;6
1;08/06/2012;$1 697 231;FALSE;78,3;$3,452;221,75;7,1;A;151 315;2012;6
1;15/06/2012;$1 630 607;FALSE;79,4;$3,393;221,76;7,1;A;151 315;2012;6
1;22/06/2012;$1 527 846;FALSE;78,4;$3,346;221,80;7,1;A;151 315;2012;6
1;29/06/2012;$1 540 421;FALSE;84,9;$3,286;221,84;7,1;A;151 315;2012;6
1;06/07/2012;$1 769 854;FALSE;81,6;$3,227;221,88;6,9;A;151 315;2012;7
1;13/07/2012;$1 527 014;FALSE;77,1;$3,256;221,92;6,9;A;151 315;2012;7
1;20/07/2012;$1 497 955;FALSE;80,4;$3,311;221,93;6,9;A;151 315;2012;7
1;27/07/2012;$1 439 124;FALSE;82,7;$3,407;221,94;6,9;A;151 315;2012;7
1;03/08/2012;$1 631 136;FALSE;86,1;$3,417;221,95;6,9;A;151 315;2012;8
1;10/08/2012;$1 592 410;FALSE;85,1;$3,494;221,96;6,9;A;151 315;2012;8
1;17/08/2012;$1 597 868;FALSE;84,9;$3,571;222,04;6,9;A;151 315;2012;8
1;24/08/2012;$1 494 122;FALSE;77,7;$3,620;222,17;6,9;A;151 315;2012;8
1;31/08/2012;$1 582 083;FALSE;80,5;$3,638;222,31;6,9;A;151 315;2012;8
1;07/09/2012;$1 661 767;TRUE;84,0;$3,730;222,44;6,9;A;151 315;2012;9
1;14/09/2012;$1 517 429;FALSE;75,0;$3,717;222,58;6,9;A;151 315;2012;9
1;21/09/2012;$1 506 126;FALSE;69,9;$3,721;222,78;6,9;A;151 315;2012;9
1;28/09/2012;$1 437 059;FALSE;76,1;$3,666;222,98;6,9;A;151 315;2012;9
1;05/10/2012;$1 670 786;FALSE;68,6;$3,617;223,18;6,6;A;151 315;2012;10
1;12/10/2012;$1 573 073;FALSE;63,0;$3,601;223,38;6,6;A;151 315;2012;10
1;19/10/2012;$1 508 069;FALSE;68,0;$3,594;223,43;6,6;A;151 315;2012;10
1;26/10/2012;$1 493 660;FALSE;69,2;$3,506;223,44;6,6;A;151 315;2012;10
2;05/02/2010;$2 136 989;FALSE;40,2;$2,572;210,75;8,3;A;202 307;2010;2
2;12/02/2010;$2 137 810;TRUE;38,5;$2,548;210,90;8,3;A;202 307;2010;2
2;19/02/2010;$2 124 452;FALSE;39,7;$2,514;210,95;8,3;A;202 307;2010;2
2;26/02/2010;$1 865 097;FALSE;46,1;$2,561;210,98;8,3;A;202 307;2010;2
2;05/03/2010;$1 991 013;FALSE;47,2;$2,625;211,01;8,3;A;202 307;2010;3
2;12/03/2010;$1 990 484;FALSE;57,6;$2,667;211,04;8,3;A;202 307;2010;3
2;19/03/2010;$1 946 071;FALSE;54,5;$2,720;210,87;8,3;A;202 307;2010;3
2;26/03/2010;$1 750 198;FALSE;51,3;$2,732;210,68;8,3;A;202 307;2010;3
2;02/04/2010;$2 066 188;FALSE;63,3;$2,719;210,48;8,2;A;202 307;2010;4
2;09/04/2010;$1 954 689;FALSE;65,4;$2,770;210,28;8,2;A;202 307;2010;4
2;16/04/2010;$1 874 958;FALSE;68,1;$2,808;210,15;8,2;A;202 307;2010;4
2;23/04/2010;$1 821 991;FALSE;65,1;$2,795;210,10;8,2;A;202 307;2010;4
2;30/04/2010;$1 802 450;FALSE;67,0;$2,780;210,05;8,2;A;202 307;2010;4
2;07/05/2010;$2 042 582;FALSE;71,3;$2,835;210,00;8,2;A;202 307;2010;5
2;14/05/2010;$1 880 752;FALSE;73,3;$2,854;210,00;8,2;A;202 307;2010;5
2;21/05/2010;$1 896 937;FALSE;74,8;$2,826;210,28;8,2;A;202 307;2010;5
2;28/05/2010;$1 957 114;FALSE;81,1;$2,759;210,56;8,2;A;202 307;2010;5
2;04/06/2010;$2 102 540;FALSE;81,8;$2,705;210,83;8,2;A;202 307;2010;6
2;11/06/2010;$2 025 539;FALSE;83,4;$2,668;211,11;8,2;A;202 307;2010;6
2;18/06/2010;$2 001 637;FALSE;85,8;$2,637;211,11;8,2;A;202 307;2010;6
2;25/06/2010;$1 939 927;FALSE;86,3;$2,653;211,00;8,2;A;202 307;2010;6
2;02/07/2010;$2 003 941;FALSE;82,7;$2,669;210,88;8,1;A;202 307;2010;7
2;09/07/2010;$1 880 903;FALSE;82,6;$2,642;210,77;8,1;A;202 307;2010;7
2;16/07/2010;$1 845 880;FALSE;85,3;$2,623;210,76;8,1;A;202 307;2010;7
2;23/07/2010;$1 781 718;FALSE;87,7;$2,608;210,89;8,1;A;202 307;2010;7
2;30/07/2010;$1 804 246;FALSE;83,5;$2,640;211,03;8,1;A;202 307;2010;7
2;06/08/2010;$1 991 910;FALSE;89,5;$2,627;211,16;8,1;A;202 307;2010;8
2;13/08/2010;$1 895 601;FALSE;89,1;$2,692;211,30;8,1;A;202 307;2010;8
2;20/08/2010;$1 964 335;FALSE;88,7;$2,664;211,26;8,1;A;202 307;2010;8
2;27/08/2010;$1 863 840;FALSE;87,1;$2,619;211,22;8,1;A;202 307;2010;8
2;03/09/2010;$1 904 608;FALSE;81,8;$2,577;211,19;8,1;A;202 307;2010;9
2;10/09/2010;$1 839 129;TRUE;79,1;$2,565;211,15;8,1;A;202 307;2010;9
2;17/09/2010;$1 793 904;FALSE;82,1;$2,582;211,18;8,1;A;202 307;2010;9
2;24/09/2010;$1 724 557;FALSE;81,8;$2,624;211,26;8,1;A;202 307;2010;9
2;01/10/2010;$1 827 440;FALSE;69,2;$2,603;211,33;8,2;A;202 307;2010;10
2;08/10/2010;$1 849 921;FALSE;63,2;$2,633;211,40;8,2;A;202 307;2010;10
2;15/10/2010;$1 794 355;FALSE;65,8;$2,720;211,47;8,2;A;202 307;2010;10
2;22/10/2010;$1 737 948;FALSE;68,5;$2,725;211,52;8,2;A;202 307;2010;10
2;29/10/2010;$1 802 755;FALSE;66,2;$2,716;211,57;8,2;A;202 307;2010;10
2;05/11/2010;$1 939 061;FALSE;57,9;$2,689;211,61;8,2;A;202 307;2010;11
2;12/11/2010;$1 916 813;FALSE;59,7;$2,728;211,66;8,2;A;202 307;2010;11
2;19/11/2010;$1 956 739;FALSE;50,8;$2,771;211,55;8,2;A;202 307;2010;11
2;26/11/2010;$2 658 725;TRUE;63,0;$2,735;211,41;8,2;A;202 307;2010;11
2;03/12/2010;$2 015 781;FALSE;49,3;$2,708;211,27;8,2;A;202 307;2010;12
2;10/12/2010;$2 378 727;FALSE;45,5;$2,843;211,12;8,2;A;202 307;2010;12
2;17/12/2010;$2 609 167;FALSE;47,6;$2,869;211,06;8,2;A;202 307;2010;12
2;24/12/2010;$3 436 008;FALSE;50,0;$2,886;211,06;8,2;A;202 307;2010;12
2;31/12/2010;$1 750 435;TRUE;47,3;$2,943;211,06;8,2;A;202 307;2010;12
2;07/01/2011;$1 758 051;FALSE;44,7;$2,976;211,06;8,0;A;202 307;2011;1
2;14/01/2011;$1 744 194;FALSE;33,0;$2,983;211,12;8,0;A;202 307;2011;1
2;21/01/2011;$1 751 385;FALSE;41,4;$3,016;211,49;8,0;A;202 307;2011;1
2;28/01/2011;$1 695 372;FALSE;42,8;$3,010;211,86;8,0;A;202 307;2011;1
2;04/02/2011;$1 929 346;FALSE;38,3;$2,989;212,22;8,0;A;202 307;2011;2
2;11/02/2011;$2 168 042;TRUE;33,2;$3,022;212,59;8,0;A;202 307;2011;2
2;18/02/2011;$2 080 885;FALSE;57,8;$3,045;212,90;8,0;A;202 307;2011;2
2;25/02/2011;$1 833 511;FALSE;60,8;$3,065;213,19;8,0;A;202 307;2011;2
2;04/03/2011;$1 981 608;FALSE;57,8;$3,288;213,48;8,0;A;202 307;2011;3
2;11/03/2011;$1 879 107;FALSE;52,7;$3,459;213,76;8,0;A;202 307;2011;3
2;18/03/2011;$1 902 558;FALSE;62,3;$3,488;214,02;8,0;A;202 307;2011;3
2;25/03/2011;$1 766 162;FALSE;69,4;$3,473;214,25;8,0;A;202 307;2011;3
2;01/04/2011;$1 800 171;FALSE;55,4;$3,524;214,49;7,9;A;202 307;2011;4
2;08/04/2011;$1 847 553;FALSE;67,0;$3,622;214,73;7,9;A;202 307;2011;4
2;15/04/2011;$1 856 468;FALSE;69,5;$3,743;214,94;7,9;A;202 307;2011;4
2;22/04/2011;$1 886 340;FALSE;69,4;$3,807;215,11;7,9;A;202 307;2011;4
2;29/04/2011;$1 745 545;FALSE;69,2;$3,810;215,28;7,9;A;202 307;2011;4
2;06/05/2011;$1 837 744;FALSE;61,5;$3,906;215,44;7,9;A;202 307;2011;5
2;13/05/2011;$1 838 513;FALSE;74,6;$3,899;215,61;7,9;A;202 307;2011;5
2;20/05/2011;$1 688 282;FALSE;67,1;$3,907;215,38;7,9;A;202 307;2011;5
2;27/05/2011;$1 797 733;FALSE;76,4;$3,786;215,15;7,9;A;202 307;2011;5
2;03/06/2011;$1 933 756;FALSE;83,1;$3,699;214,93;7,9;A;202 307;2011;6
2;10/06/2011;$1 929 153;FALSE;83,4;$3,648;214,70;7,9;A;202 307;2011;6
2;17/06/2011;$1 953 772;FALSE;86,5;$3,637;214,65;7,9;A;202 307;2011;6
2;24/06/2011;$1 790 926;FALSE;85,2;$3,594;214,74;7,9;A;202 307;2011;6
2;01/07/2011;$1 866 243;FALSE;85,7;$3,524;214,84;7,9;A;202 307;2011;7
2;08/07/2011;$1 853 162;FALSE;87,7;$3,480;214,93;7,9;A;202 307;2011;7
2;15/07/2011;$1 785 187;FALSE;89,8;$3,575;215,01;7,9;A;202 307;2011;7
2;22/07/2011;$1 743 816;FALSE;89,3;$3,651;215,07;7,9;A;202 307;2011;7
2;29/07/2011;$1 680 693;FALSE;90,1;$3,682;215,14;7,9;A;202 307;2011;7
2;05/08/2011;$1 876 704;FALSE;93,3;$3,684;215,20;7,9;A;202 307;2011;8
2;12/08/2011;$1 812 768;FALSE;91,6;$3,638;215,26;7,9;A;202 307;2011;8
2;19/08/2011;$1 844 095;FALSE;89,9;$3,554;215,32;7,9;A;202 307;2011;8
2;26/08/2011;$1 821 140;FALSE;90,5;$3,523;215,39;7,9;A;202 307;2011;8
2;02/09/2011;$1 809 120;FALSE;89,6;$3,533;215,45;7,9;A;202 307;2011;9
2;09/09/2011;$1 748 001;TRUE;78,0;$3,546;215,51;7,9;A;202 307;2011;9
2;16/09/2011;$1 691 440;FALSE;78,9;$3,526;215,69;7,9;A;202 307;2011;9
2;23/09/2011;$1 669 300;FALSE;75,6;$3,467;216,03;7,9;A;202 307;2011;9
2;30/09/2011;$1 650 394;FALSE;78,1;$3,355;216,36;7,9;A;202 307;2011;9
2;07/10/2011;$1 837 553;FALSE;69,9;$3,285;216,70;7,4;A;202 307;2011;10
2;14/10/2011;$1 743 882;FALSE;71,7;$3,274;217,00;7,4;A;202 307;2011;10
2;21/10/2011;$1 834 680;FALSE;64,5;$3,353;217,17;7,4;A;202 307;2011;10
2;28/10/2011;$1 769 296;FALSE;65,9;$3,372;217,33;7,4;A;202 307;2011;10
2;04/11/2011;$1 959 708;FALSE;55,5;$3,332;217,49;7,4;A;202 307;2011;11
2;11/11/2011;$1 920 725;FALSE;59,3;$3,297;217,65;7,4;A;202 307;2011;11
2;18/11/2011;$1 902 763;FALSE;62,0;$3,308;217,87;7,4;A;202 307;2011;11
2;25/11/2011;$2 614 202;TRUE;56,4;$3,236;218,11;7,4;A;202 307;2011;11
2;02/12/2011;$1 954 952;FALSE;48,7;$3,172;218,36;7,4;A;202 307;2011;12
2;09/12/2011;$2 290 549;FALSE;41,8;$3,158;218,61;7,4;A;202 307;2011;12
2;16/12/2011;$2 432 737;FALSE;50,1;$3,159;218,82;7,4;A;202 307;2011;12
2;23/12/2011;$3 224 370;FALSE;46,7;$3,112;219,00;7,4;A;202 307;2011;12
2;30/12/2011;$1 874 227;TRUE;44,6;$3,129;219,18;7,4;A;202 307;2011;12
2;06/01/2012;$1 799 520;FALSE;46,8;$3,157;219,36;7,1;A;202 307;2012;1
2;13/01/2012;$1 744 725;FALSE;46,0;$3,261;219,53;7,1;A;202 307;2012;1
2;20/01/2012;$1 711 769;FALSE;51,7;$3,268;219,63;7,1;A;202 307;2012;1
2;27/01/2012;$1 660 906;FALSE;50,5;$3,290;219,72;7,1;A;202 307;2012;1
2;03/02/2012;$1 935 300;FALSE;55,2;$3,360;219,81;7,1;A;202 307;2012;2
2;10/02/2012;$2 103 323;TRUE;47,0;$3,409;219,90;7,1;A;202 307;2012;2
2;17/02/2012;$2 196 688;FALSE;43,8;$3,510;220,07;7,1;A;202 307;2012;2
2;24/02/2012;$1 861 803;FALSE;54,6;$3,555;220,28;7,1;A;202 307;2012;2
2;02/03/2012;$1 952 556;FALSE;58,8;$3,630;220,49;7,1;A;202 307;2012;3
2;09/03/2012;$1 937 628;FALSE;57,1;$3,669;220,70;7,1;A;202 307;2012;3
2;16/03/2012;$1 976 082;FALSE;63,7;$3,734;220,85;7,1;A;202 307;2012;3
2;23/03/2012;$1 790 439;FALSE;64,0;$3,787;220,92;7,1;A;202 307;2012;3
2;30/03/2012;$1 857 481;FALSE;66,8;$3,845;221,00;7,1;A;202 307;2012;3
2;06/04/2012;$2 129 036;FALSE;68,4;$3,891;221,07;6,9;A;202 307;2012;4
2;13/04/2012;$1 935 869;FALSE;68,1;$3,891;221,15;6,9;A;202 307;2012;4
2;20/04/2012;$1 847 344;FALSE;65,7;$3,877;221,20;6,9;A;202 307;2012;4
2;27/04/2012;$1 764 133;FALSE;67,2;$3,814;221,26;6,9;A;202 307;2012;4
2;04/05/2012;$1 923 957;FALSE;76,7;$3,749;221,31;6,9;A;202 307;2012;5
2;11/05/2012;$1 917 521;FALSE;73,9;$3,688;221,36;6,9;A;202 307;2012;5
2;18/05/2012;$2 000 941;FALSE;71,3;$3,630;221,38;6,9;A;202 307;2012;5
2;25/05/2012;$1 912 791;FALSE;78,2;$3,561;221,38;6,9;A;202 307;2012;5
2;01/06/2012;$1 910 092;FALSE;78,4;$3,501;221,39;6,9;A;202 307;2012;6
2;08/06/2012;$2 010 216;FALSE;78,7;$3,452;221,39;6,9;A;202 307;2012;6
2;15/06/2012;$1 962 924;FALSE;80,6;$3,393;221,40;6,9;A;202 307;2012;6
2;22/06/2012;$1 887 733;FALSE;81,0;$3,346;221,44;6,9;A;202 307;2012;6
2;29/06/2012;$1 881 046;FALSE;86,3;$3,286;221,48;6,9;A;202 307;2012;6
2;06/07/2012;$2 041 507;FALSE;84,2;$3,227;221,52;6,6;A;202 307;2012;7
2;13/07/2012;$1 830 075;FALSE;80,2;$3,256;221,56;6,6;A;202 307;2012;7
2;20/07/2012;$1 819 666;FALSE;83,2;$3,311;221,57;6,6;A;202 307;2012;7
2;27/07/2012;$1 757 924;FALSE;86,4;$3,407;221,58;6,6;A;202 307;2012;7
2;03/08/2012;$1 946 105;FALSE;90,2;$3,417;221,59;6,6;A;202 307;2012;8
2;10/08/2012;$1 866 720;FALSE;88,6;$3,494;221,60;6,6;A;202 307;2012;8
2;17/08/2012;$1 928 016;FALSE;84,8;$3,571;221,68;6,6;A;202 307;2012;8
2;24/08/2012;$1 876 788;FALSE;76,9;$3,620;221,81;6,6;A;202 307;2012;8
2;31/08/2012;$1 947 083;FALSE;82,6;$3,638;221,94;6,6;A;202 307;2012;8
2;07/09/2012;$1 898 777;TRUE;87,7;$3,730;222,07;6,6;A;202 307;2012;9
2;14/09/2012;$1 814 807;FALSE;75,9;$3,717;222,22;6,6;A;202 307;2012;9
2;21/09/2012;$1 829 416;FALSE;71,1;$3,721;222,42;6,6;A;202 307;2012;9
2;28/09/2012;$1 746 471;FALSE;79,5;$3,666;222,62;6,6;A;202 307;2012;9
2;05/10/2012;$1 998 321;FALSE;70,3;$3,617;222,82;6,2;A;202 307;2012;10
2;12/10/2012;$1 900 745;FALSE;61,0;$3,601;223,02;6,2;A;202 307;2012;10
2;19/10/2012;$1 847 990;FALSE;68,1;$3,594;223,06;6,2;A;202 307;2012;10
2;26/10/2012;$1 834 458;FALSE;69,8;$3,506;223,08;6,2;A;202 307;2012;10
3;05/02/2010;$461 622;FALSE;45,7;$2,572;214,42;7,4;B;37 392;2010;2
3;12/02/2010;$420 729;TRUE;47,9;$2,548;214,57;7,4;B;37 392;2010;2
3;19/02/2010;$421 642;FALSE;47,1;$2,514;214,62;7,4;B;37 392;2010;2
3;26/02/2010;$407 205;FALSE;52,1;$2,561;214,65;7,4;B;37 392;2010;2
3;05/03/2010;$415 202;FALSE;53,0;$2,625;214,68;7,4;B;37 392;2010;3
3;12/03/2010;$384 201;FALSE;63,1;$2,667;214,70;7,4;B;37 392;2010;3
3;19/03/2010;$375 329;FALSE;60,4;$2,720;214,53;7,4;B;37 392;2010;3
3;26/03/2010;$359 949;FALSE;57,1;$2,732;214,32;7,4;B;37 392;2010;3
3;02/04/2010;$423 294;FALSE;65,6;$2,719;214,12;7,3;B;37 392;2010;4
3;09/04/2010;$415 870;FALSE;68,0;$2,770;213,91;7,3;B;37 392;2010;4
3;16/04/2010;$354 993;FALSE;67,0;$2,808;213,77;7,3;B;37 392;2010;4
3;23/04/2010;$339 977;FALSE;67,9;$2,795;213,72;7,3;B;37 392;2010;4
3;30/04/2010;$361 248;FALSE;70,2;$2,780;213,67;7,3;B;37 392;2010;4
3;07/05/2010;$399 324;FALSE;73,5;$2,835;213,62;7,3;B;37 392;2010;5
3;14/05/2010;$384 358;FALSE;77,2;$2,854;213,62;7,3;B;37 392;2010;5
3;21/05/2010;$343 763;FALSE;75,8;$2,826;213,91;7,3;B;37 392;2010;5
3;28/05/2010;$350 089;FALSE;78,6;$2,759;214,20;7,3;B;37 392;2010;5
3;04/06/2010;$396 969;FALSE;78,5;$2,705;214,50;7,3;B;37 392;2010;6
3;11/06/2010;$355 017;FALSE;82,1;$2,668;214,79;7,3;B;37 392;2010;6
3;18/06/2010;$364 077;FALSE;83,5;$2,637;214,79;7,3;B;37 392;2010;6
3;25/06/2010;$357 346;FALSE;83,8;$2,653;214,67;7,3;B;37 392;2010;6
3;02/07/2010;$381 152;FALSE;82,2;$2,669;214,55;7,3;B;37 392;2010;7
3;09/07/2010;$349 214;FALSE;81,8;$2,642;214,43;7,3;B;37 392;2010;7
3;16/07/2010;$352 729;FALSE;84,3;$2,623;214,42;7,3;B;37 392;2010;7
3;23/07/2010;$352 864;FALSE;83,3;$2,608;214,56;7,3;B;37 392;2010;7
3;30/07/2010;$347 955;FALSE;82,0;$2,640;214,70;7,3;B;37 392;2010;7
3;06/08/2010;$402 636;FALSE;85,1;$2,627;214,83;7,3;B;37 392;2010;8
3;13/08/2010;$339 597;FALSE;86,7;$2,692;214,97;7,3;B;37 392;2010;8
3;20/08/2010;$351 728;FALSE;88,0;$2,664;214,93;7,3;B;37 392;2010;8
3;27/08/2010;$362 134;FALSE;86,2;$2,619;214,89;7,3;B;37 392;2010;8
3;03/09/2010;$366 474;FALSE;84,2;$2,577;214,85;7,3;B;37 392;2010;9
3;10/09/2010;$352 261;TRUE;80,8;$2,565;214,81;7,3;B;37 392;2010;9
3;17/09/2010;$363 065;FALSE;82,4;$2,582;214,83;7,3;B;37 392;2010;9
3;24/09/2010;$355 627;FALSE;76,9;$2,624;214,91;7,3;B;37 392;2010;9
3;01/10/2010;$358 784;FALSE;73,6;$2,603;214,98;7,6;B;37 392;2010;10
3;08/10/2010;$395 107;FALSE;67,0;$2,633;215,06;7,6;B;37 392;2010;10
3;15/10/2010;$345 584;FALSE;69,7;$2,720;215,13;7,6;B;37 392;2010;10
3;22/10/2010;$348 896;FALSE;71,6;$2,725;215,18;7,6;B;37 392;2010;10
3;29/10/2010;$348 592;FALSE;72,0;$2,716;215,23;7,6;B;37 392;2010;10
3;05/11/2010;$423 176;FALSE;62,9;$2,689;215,28;7,6;B;37 392;2010;11
3;12/11/2010;$386 635;FALSE;62,8;$2,728;215,33;7,6;B;37 392;2010;11
3;19/11/2010;$372 545;FALSE;57,7;$2,771;215,21;7,6;B;37 392;2010;11
3;26/11/2010;$565 568;TRUE;68,7;$2,735;215,06;7,6;B;37 392;2010;11
3;03/12/2010;$476 421;FALSE;53,8;$2,708;214,92;7,6;B;37 392;2010;12
3;10/12/2010;$467 642;FALSE;51,1;$2,843;214,77;7,6;B;37 392;2010;12
3;17/12/2010;$498 159;FALSE;52,2;$2,869;214,70;7,6;B;37 392;2010;12
3;24/12/2010;$605 990;FALSE;57,2;$2,886;214,70;7,6;B;37 392;2010;12
3;31/12/2010;$382 678;TRUE;53,2;$2,943;214,70;7,6;B;37 392;2010;12
3;07/01/2011;$378 241;FALSE;53,4;$2,976;214,70;7,6;B;37 392;2011;1
3;14/01/2011;$381 061;FALSE;44,8;$2,983;214,75;7,6;B;37 392;2011;1
3;21/01/2011;$350 877;FALSE;50,7;$3,016;215,13;7,6;B;37 392;2011;1
3;28/01/2011;$364 866;FALSE;48,7;$3,010;215,51;7,6;B;37 392;2011;1
3;04/02/2011;$438 517;FALSE;46,0;$2,989;215,89;7,6;B;37 392;2011;2
3;11/02/2011;$430 526;TRUE;43,6;$3,022;216,27;7,6;B;37 392;2011;2
3;18/02/2011;$432 782;FALSE;61,6;$3,045;216,58;7,6;B;37 392;2011;2
3;25/02/2011;$397 211;FALSE;67,4;$3,065;216,88;7,6;B;37 392;2011;2
3;04/03/2011;$437 085;FALSE;65,1;$3,288;217,17;7,6;B;37 392;2011;3
3;11/03/2011;$404 753;FALSE;61,3;$3,459;217,47;7,6;B;37 392;2011;3
3;18/03/2011;$392 110;FALSE;69,5;$3,488;217,72;7,6;B;37 392;2011;3
3;25/03/2011;$380 684;FALSE;72,9;$3,473;217,97;7,6;B;37 392;2011;3
3;01/04/2011;$374 556;FALSE;68,8;$3,524;218,21;7,6;B;37 392;2011;4
3;08/04/2011;$384 075;FALSE;72,6;$3,622;218,46;7,6;B;37 392;2011;4
3;15/04/2011;$366 251;FALSE;75,9;$3,743;218,68;7,6;B;37 392;2011;4
3;22/04/2011;$391 860;FALSE;76,9;$3,807;218,85;7,6;B;37 392;2011;4
3;29/04/2011;$367 405;FALSE;78,7;$3,810;219,02;7,6;B;37 392;2011;4
3;06/05/2011;$413 042;FALSE;69,5;$3,906;219,20;7,6;B;37 392;2011;5
3;13/05/2011;$386 313;FALSE;79,9;$3,899;219,37;7,6;B;37 392;2011;5
3;20/05/2011;$364 603;FALSE;75,8;$3,907;219,13;7,6;B;37 392;2011;5
3;27/05/2011;$369 351;FALSE;84,4;$3,786;218,89;7,6;B;37 392;2011;5
3;03/06/2011;$394 508;FALSE;84,3;$3,699;218,64;7,6;B;37 392;2011;6
3;10/06/2011;$391 639;FALSE;84,8;$3,648;218,40;7,6;B;37 392;2011;6
3;17/06/2011;$403 423;FALSE;87,0;$3,637;218,36;7,6;B;37 392;2011;6
3;24/06/2011;$385 521;FALSE;84,9;$3,594;218,45;7,6;B;37 392;2011;6
3;01/07/2011;$368 963;FALSE;85,1;$3,524;218,55;7,6;B;37 392;2011;7
3;08/07/2011;$395 146;FALSE;85,4;$3,480;218,64;7,6;B;37 392;2011;7
3;15/07/2011;$373 454;FALSE;87,1;$3,575;218,73;7,6;B;37 392;2011;7
3;22/07/2011;$360 617;FALSE;86,2;$3,651;218,79;7,6;B;37 392;2011;7
3;29/07/2011;$345 381;FALSE;88,1;$3,682;218,84;7,6;B;37 392;2011;7
3;05/08/2011;$409 981;FALSE;88,5;$3,684;218,90;7,6;B;37 392;2011;8
3;12/08/2011;$380 377;FALSE;88,9;$3,638;218,96;7,6;B;37 392;2011;8
3;19/08/2011;$379 717;FALSE;88,4;$3,554;219,02;7,6;B;37 392;2011;8
3;26/08/2011;$366 368;FALSE;87,7;$3,523;219,09;7,6;B;37 392;2011;8
3;02/09/2011;$375 989;FALSE;89,1;$3,533;219,15;7,6;B;37 392;2011;9
3;09/09/2011;$377 347;TRUE;81,7;$3,546;219,21;7,6;B;37 392;2011;9
3;16/09/2011;$375 630;FALSE;83,6;$3,526;219,40;7,6;B;37 392;2011;9
3;23/09/2011;$365 249;FALSE;80,2;$3,467;219,74;7,6;B;37 392;2011;9
3;30/09/2011;$368 478;FALSE;82,6;$3,355;220,09;7,6;B;37 392;2011;9
3;07/10/2011;$403 342;FALSE;75,5;$3,285;220,43;7,2;B;37 392;2011;10
3;14/10/2011;$368 283;FALSE;73,8;$3,274;220,75;7,2;B;37 392;2011;10
3;21/10/2011;$394 976;FALSE;69,0;$3,353;220,91;7,2;B;37 392;2011;10
3;28/10/2011;$389 541;FALSE;71,0;$3,372;221,08;7,2;B;37 392;2011;10
3;04/11/2011;$459 443;FALSE;59,3;$3,332;221,25;7,2;B;37 392;2011;11
3;11/11/2011;$407 764;FALSE;61,7;$3,297;221,41;7,2;B;37 392;2011;11
3;18/11/2011;$398 839;FALSE;63,9;$3,308;221,64;7,2;B;37 392;2011;11
3;25/11/2011;$556 925;TRUE;68,0;$3,236;221,90;7,2;B;37 392;2011;11
3;02/12/2011;$472 511;FALSE;55,0;$3,172;222,16;7,2;B;37 392;2011;12
3;09/12/2011;$468 773;FALSE;49,3;$3,158;222,42;7,2;B;37 392;2011;12
3;16/12/2011;$510 748;FALSE;58,0;$3,159;222,64;7,2;B;37 392;2011;12
3;23/12/2011;$551 221;FALSE;53,4;$3,112;222,83;7,2;B;37 392;2011;12
3;30/12/2011;$410 554;TRUE;48,3;$3,129;223,01;7,2;B;37 392;2011;12
3;06/01/2012;$398 178;FALSE;52,4;$3,157;223,19;6,8;B;37 392;2012;1
3;13/01/2012;$367 439;FALSE;51,9;$3,261;223,38;6,8;B;37 392;2012;1
3;20/01/2012;$365 819;FALSE;56,2;$3,268;223,47;6,8;B;37 392;2012;1
3;27/01/2012;$349 518;FALSE;58,1;$3,290;223,56;6,8;B;37 392;2012;1
3;03/02/2012;$424 961;FALSE;59,3;$3,360;223,66;6,8;B;37 392;2012;2
3;10/02/2012;$473 292;TRUE;51,7;$3,409;223,75;6,8;B;37 392;2012;2
3;17/02/2012;$475 591;FALSE;52,4;$3,510;223,92;6,8;B;37 392;2012;2
3;24/02/2012;$418 925;FALSE;60,1;$3,555;224,13;6,8;B;37 392;2012;2
3;02/03/2012;$469 753;FALSE;61,7;$3,630;224,35;6,8;B;37 392;2012;3
3;09/03/2012;$445 162;FALSE;60,7;$3,669;224,56;6,8;B;37 392;2012;3
3;16/03/2012;$411 776;FALSE;64,0;$3,734;224,72;6,8;B;37 392;2012;3
3;23/03/2012;$413 907;FALSE;66,5;$3,787;224,79;6,8;B;37 392;2012;3
3;30/03/2012;$407 489;FALSE;69,4;$3,845;224,87;6,8;B;37 392;2012;3
3;06/04/2012;$503 232;FALSE;73,0;$3,891;224,94;6,7;B;37 392;2012;4
3;13/04/2012;$420 790;FALSE;72,8;$3,891;225,01;6,7;B;37 392;2012;4
3;20/04/2012;$434 822;FALSE;72,1;$3,877;225,07;6,7;B;37 392;2012;4
3;27/04/2012;$394 616;FALSE;73,4;$3,814;225,12;6,7;B;37 392;2012;4
3;04/05/2012;$439 914;FALSE;79,5;$3,749;225,18;6,7;B;37 392;2012;5
3;11/05/2012;$431 985;FALSE;75,2;$3,688;225,24;6,7;B;37 392;2012;5
3;18/05/2012;$418 113;FALSE;72,4;$3,630;225,25;6,7;B;37 392;2012;5
3;25/05/2012;$413 701;FALSE;78,6;$3,561;225,25;6,7;B;37 392;2012;5
3;01/06/2012;$432 269;FALSE;81,6;$3,501;225,25;6,7;B;37 392;2012;6
3;08/06/2012;$446 337;FALSE;81,7;$3,452;225,25;6,7;B;37 392;2012;6
3;15/06/2012;$442 075;FALSE;84,7;$3,393;225,26;6,7;B;37 392;2012;6
3;22/06/2012;$419 498;FALSE;82,7;$3,346;225,31;6,7;B;37 392;2012;6
3;29/06/2012;$422 965;FALSE;86,4;$3,286;225,35;6,7;B;37 392;2012;6
3;06/07/2012;$411 207;FALSE;83,1;$3,227;225,39;6,3;B;37 392;2012;7
3;13/07/2012;$416 913;FALSE;82,3;$3,256;225,43;6,3;B;37 392;2012;7
3;20/07/2012;$432 425;FALSE;81,4;$3,311;225,44;6,3;B;37 392;2012;7
3;27/07/2012;$389 428;FALSE;84,9;$3,407;225,45;6,3;B;37 392;2012;7
3;03/08/2012;$419 990;FALSE;86,6;$3,417;225,46;6,3;B;37 392;2012;8
3;10/08/2012;$391 812;FALSE;85,9;$3,494;225,47;6,3;B;37 392;2012;8
3;17/08/2012;$394 919;FALSE;87,4;$3,571;225,56;6,3;B;37 392;2012;8
3;24/08/2012;$412 450;FALSE;83,0;$3,620;225,69;6,3;B;37 392;2012;8
3;31/08/2012;$408 839;FALSE;85,2;$3,638;225,83;6,3;B;37 392;2012;8
3;07/09/2012;$408 230;TRUE;85,0;$3,730;225,97;6,3;B;37 392;2012;9
3;14/09/2012;$407 589;FALSE;78,4;$3,717;226,11;6,3;B;37 392;2012;9
3;21/09/2012;$414 392;FALSE;72,8;$3,721;226,32;6,3;B;37 392;2012;9
3;28/09/2012;$389 813;FALSE;77,5;$3,666;226,52;6,3;B;37 392;2012;9
3;05/10/2012;$443 558;FALSE;72,7;$3,617;226,72;6,0;B;37 392;2012;10
3;12/10/2012;$410 804;FALSE;70,3;$3,601;226,92;6,0;B;37 392;2012;10
3;19/10/2012;$424 513;FALSE;73,4;$3,594;226,97;6,0;B;37 392;2012;10
3;26/10/2012;$405 433;FALSE;74,7;$3,506;226,99;6,0;B;37 392;2012;10
4;05/02/2010;$2 135 144;FALSE;43,8;$2,598;126,44;8,6;A;205 863;2010;2
4;12/02/2010;$2 188 307;TRUE;28,8;$2,573;126,50;8,6;A;205 863;2010;2
4;19/02/2010;$2 049 860;FALSE;36,5;$2,540;126,53;8,6;A;205 863;2010;2
4;26/02/2010;$1 925 729;FALSE;41,4;$2,590;126,55;8,6;A;205 863;2010;2
4;05/03/2010;$1 971 057;FALSE;43,5;$2,654;126,58;8,6;A;205 863;2010;3
4;12/03/2010;$1 894 324;FALSE;49,6;$2,704;126,60;8,6;A;205 863;2010;3
4;19/03/2010;$1 897 429;FALSE;55,2;$2,743;126,61;8,6;A;205 863;2010;3
4;26/03/2010;$1 762 539;FALSE;39,9;$2,752;126,61;8,6;A;205 863;2010;3
4;02/04/2010;$1 979 247;FALSE;48,8;$2,740;126,60;7,9;A;205 863;2010;4
4;09/04/2010;$1 818 453;FALSE;54,2;$2,773;126,60;7,9;A;205 863;2010;4
4;16/04/2010;$1 851 520;FALSE;56,2;$2,810;126,56;7,9;A;205 863;2010;4
4;23/04/2010;$1 802 678;FALSE;56,9;$2,805;126,47;7,9;A;205 863;2010;4
4;30/04/2010;$1 817 273;FALSE;53,0;$2,787;126,38;7,9;A;205 863;2010;4
4;07/05/2010;$2 000 626;FALSE;56,8;$2,836;126,29;7,9;A;205 863;2010;5
4;14/05/2010;$1 875 597;FALSE;62,4;$2,845;126,21;7,9;A;205 863;2010;5
4;21/05/2010;$1 903 753;FALSE;67,4;$2,820;126,18;7,9;A;205 863;2010;5
4;28/05/2010;$1 857 534;FALSE;67,7;$2,756;126,16;7,9;A;205 863;2010;5
4;04/06/2010;$1 903 291;FALSE;70,8;$2,701;126,14;7,9;A;205 863;2010;6
4;11/06/2010;$1 870 619;FALSE;78,5;$2,668;126,11;7,9;A;205 863;2010;6
4;18/06/2010;$1 929 736;FALSE;81,5;$2,635;126,11;7,9;A;205 863;2010;6
4;25/06/2010;$1 846 652;FALSE;81,1;$2,654;126,13;7,9;A;205 863;2010;6
4;02/07/2010;$1 881 337;FALSE;73,7;$2,668;126,14;7,4;A;205 863;2010;7
4;09/07/2010;$1 812 208;FALSE;80,4;$2,637;126,15;7,4;A;205 863;2010;7
4;16/07/2010;$1 898 428;FALSE;78,5;$2,621;126,15;7,4;A;205 863;2010;7
4;23/07/2010;$1 848 427;FALSE;79,8;$2,612;126,13;7,4;A;205 863;2010;7
4;30/07/2010;$1 796 638;FALSE;80,7;$2,650;126,11;7,4;A;205 863;2010;7
4;06/08/2010;$1 907 639;FALSE;76,5;$2,640;126,09;7,4;A;205 863;2010;8
4;13/08/2010;$2 007 051;FALSE;78,1;$2,698;126,06;7,4;A;205 863;2010;8
4;20/08/2010;$1 997 181;FALSE;78,8;$2,671;126,08;7,4;A;205 863;2010;8
4;27/08/2010;$1 848 404;FALSE;74,4;$2,621;126,09;7,4;A;205 863;2010;8
4;03/09/2010;$1 935 858;FALSE;76,8;$2,584;126,10;7,4;A;205 863;2010;9
4;10/09/2010;$1 865 821;TRUE;73,5;$2,574;126,11;7,4;A;205 863;2010;9
4;17/09/2010;$1 899 960;FALSE;64,9;$2,594;126,15;7,4;A;205 863;2010;9
4;24/09/2010;$1 810 685;FALSE;61,0;$2,642;126,19;7,4;A;205 863;2010;9
4;01/10/2010;$1 842 821;FALSE;64,0;$2,619;126,23;7,1;A;205 863;2010;10
4;08/10/2010;$1 951 495;FALSE;67,7;$2,645;126,28;7,1;A;205 863;2010;10
4;15/10/2010;$1 867 345;FALSE;62,0;$2,732;126,33;7,1;A;205 863;2010;10
4;22/10/2010;$1 927 610;FALSE;64,2;$2,736;126,38;7,1;A;205 863;2010;10
4;29/10/2010;$1 933 333;FALSE;56,9;$2,718;126,44;7,1;A;205 863;2010;10
4;05/11/2010;$2 013 116;FALSE;51,6;$2,699;126,49;7,1;A;205 863;2010;11
4;12/11/2010;$1 999 794;FALSE;52,7;$2,741;126,55;7,1;A;205 863;2010;11
4;19/11/2010;$2 097 809;FALSE;48,1;$2,780;126,61;7,1;A;205 863;2010;11
4;26/11/2010;$2 789 469;TRUE;48,1;$2,752;126,67;7,1;A;205 863;2010;11
4;03/12/2010;$2 102 530;FALSE;46,4;$2,727;126,73;7,1;A;205 863;2010;12
4;10/12/2010;$2 302 505;FALSE;42,4;$2,860;126,79;7,1;A;205 863;2010;12
4;17/12/2010;$2 740 057;FALSE;46,6;$2,884;126,88;7,1;A;205 863;2010;12
4;24/12/2010;$3 526 713;FALSE;43,2;$2,887;126,98;7,1;A;205 863;2010;12
4;31/12/2010;$1 794 869;TRUE;38,1;$2,955;127,09;7,1;A;205 863;2010;12
4;07/01/2011;$1 862 476;FALSE;39,3;$2,980;127,19;6,5;A;205 863;2011;1
4;14/01/2011;$1 865 502;FALSE;31,6;$2,992;127,30;6,5;A;205 863;2011;1
4;21/01/2011;$1 886 394;FALSE;38,3;$3,017;127,44;6,5;A;205 863;2011;1
4;28/01/2011;$1 814 241;FALSE;40,6;$3,022;127,58;6,5;A;205 863;2011;1
4;04/02/2011;$2 119 086;FALSE;34,6;$2,996;127,72;6,5;A;205 863;2011;2
4;11/02/2011;$2 187 847;TRUE;33,3;$3,033;127,86;6,5;A;205 863;2011;2
4;18/02/2011;$2 316 496;FALSE;48,2;$3,058;128,00;6,5;A;205 863;2011;2
4;25/02/2011;$2 078 095;FALSE;49,0;$3,087;128,13;6,5;A;205 863;2011;2
4;04/03/2011;$2 103 456;FALSE;46,6;$3,305;128,26;6,5;A;205 863;2011;3
4;11/03/2011;$2 039 818;FALSE;50,9;$3,461;128,40;6,5;A;205 863;2011;3
4;18/03/2011;$2 116 475;FALSE;51,9;$3,495;128,51;6,5;A;205 863;2011;3
4;25/03/2011;$1 944 164;FALSE;59,1;$3,480;128,62;6,5;A;205 863;2011;3
4;01/04/2011;$1 900 246;FALSE;57,0;$3,521;128,72;5,9;A;205 863;2011;4
4;08/04/2011;$2 074 953;FALSE;62,6;$3,605;128,82;5,9;A;205 863;2011;4
4;15/04/2011;$1 960 588;FALSE;62,3;$3,724;128,91;5,9;A;205 863;2011;4
4;22/04/2011;$2 220 601;FALSE;68,8;$3,781;128,96;5,9;A;205 863;2011;4
4;29/04/2011;$1 878 167;FALSE;64,2;$3,781;129,00;5,9;A;205 863;2011;4
4;06/05/2011;$2 063 683;FALSE;63,4;$3,866;129,04;5,9;A;205 863;2011;5
4;13/05/2011;$2 002 362;FALSE;70,7;$3,872;129,09;5,9;A;205 863;2011;5
4;20/05/2011;$2 015 563;FALSE;70,5;$3,881;129,08;5,9;A;205 863;2011;5
4;27/05/2011;$1 986 598;FALSE;73,7;$3,771;129,06;5,9;A;205 863;2011;5
4;03/06/2011;$2 065 377;FALSE;78,3;$3,683;129,05;5,9;A;205 863;2011;6
4;10/06/2011;$2 073 951;FALSE;80,1;$3,640;129,04;5,9;A;205 863;2011;6
4;17/06/2011;$2 141 211;FALSE;83,5;$3,618;129,04;5,9;A;205 863;2011;6
4;24/06/2011;$2 008 345;FALSE;81,9;$3,570;129,07;5,9;A;205 863;2011;6
4;01/07/2011;$2 051 534;FALSE;84,5;$3,504;129,09;5,6;A;205 863;2011;7
4;08/07/2011;$2 066 542;FALSE;84,6;$3,469;129,11;5,6;A;205 863;2011;7
4;15/07/2011;$2 049 047;FALSE;83,3;$3,563;129,13;5,6;A;205 863;2011;7
4;22/07/2011;$2 036 231;FALSE;82,8;$3,627;129,15;5,6;A;205 863;2011;7
4;29/07/2011;$1 989 674;FALSE;84,4;$3,659;129,17;5,6;A;205 863;2011;7
4;05/08/2011;$2 160 057;FALSE;86,1;$3,662;129,18;5,6;A;205 863;2011;8
4;12/08/2011;$2 105 669;FALSE;83,0;$3,617;129,20;5,6;A;205 863;2011;8
4;19/08/2011;$2 232 892;FALSE;82,8;$3,550;129,24;5,6;A;205 863;2011;8
4;26/08/2011;$1 988 490;FALSE;81,5;$3,523;129,28;5,6;A;205 863;2011;8
4;02/09/2011;$2 078 420;FALSE;78,0;$3,533;129,33;5,6;A;205 863;2011;9
4;09/09/2011;$2 093 139;TRUE;73,3;$3,554;129,37;5,6;A;205 863;2011;9
4;16/09/2011;$2 075 577;FALSE;72,8;$3,532;129,43;5,6;A;205 863;2011;9
4;23/09/2011;$2 031 406;FALSE;69,2;$3,473;129,52;5,6;A;205 863;2011;9
4;30/09/2011;$1 929 487;FALSE;72,2;$3,371;129,61;5,6;A;205 863;2011;9
4;07/10/2011;$2 166 738;FALSE;65,8;$3,299;129,69;5,1;A;205 863;2011;10
4;14/10/2011;$2 074 549;FALSE;63,8;$3,283;129,77;5,1;A;205 863;2011;10
4;21/10/2011;$2 207 742;FALSE;64,8;$3,361;129,78;5,1;A;205 863;2011;10
4;28/10/2011;$2 151 660;FALSE;55,3;$3,362;129,79;5,1;A;205 863;2011;10
4;04/11/2011;$2 281 217;FALSE;49,9;$3,322;129,81;5,1;A;205 863;2011;11
4;11/11/2011;$2 203 029;FALSE;47,1;$3,286;129,82;5,1;A;205 863;2011;11
4;18/11/2011;$2 243 947;FALSE;50,4;$3,294;129,83;5,1;A;205 863;2011;11
4;25/11/2011;$3 004 702;TRUE;48,0;$3,225;129,84;5,1;A;205 863;2011;11
4;02/12/2011;$2 180 999;FALSE;38,7;$3,176;129,85;5,1;A;205 863;2011;12
4;09/12/2011;$2 508 955;FALSE;31,6;$3,153;129,86;5,1;A;205 863;2011;12
4;16/12/2011;$2 771 397;FALSE;36,4;$3,149;129,90;5,1;A;205 863;2011;12
4;23/12/2011;$3 676 389;FALSE;35,9;$3,103;129,98;5,1;A;205 863;2011;12
4;30/12/2011;$2 007 106;TRUE;36,9;$3,119;130,07;5,1;A;205 863;2011;12
4;06/01/2012;$2 047 766;FALSE;38,6;$3,158;130,16;4,6;A;205 863;2012;1
4;13/01/2012;$1 941 677;FALSE;34,4;$3,263;130,24;4,6;A;205 863;2012;1
4;20/01/2012;$2 005 098;FALSE;42,1;$3,273;130,28;4,6;A;205 863;2012;1
4;27/01/2012;$1 928 721;FALSE;40,3;$3,290;130,31;4,6;A;205 863;2012;1
4;03/02/2012;$2 173 374;FALSE;41,8;$3,354;130,35;4,6;A;205 863;2012;2
4;10/02/2012;$2 374 661;TRUE;33,0;$3,411;130,38;4,6;A;205 863;2012;2
4;17/02/2012;$2 427 640;FALSE;34,2;$3,493;130,45;4,6;A;205 863;2012;2
4;24/02/2012;$2 226 662;FALSE;41,3;$3,541;130,55;4,6;A;205 863;2012;2
4;02/03/2012;$2 206 320;FALSE;50,4;$3,619;130,65;4,6;A;205 863;2012;3
4;09/03/2012;$2 202 451;FALSE;53,6;$3,667;130,74;4,6;A;205 863;2012;3
4;16/03/2012;$2 214 967;FALSE;59,8;$3,707;130,83;4,6;A;205 863;2012;3
4;23/03/2012;$2 091 593;FALSE;59,1;$3,759;130,90;4,6;A;205 863;2012;3
4;30/03/2012;$2 089 382;FALSE;72,6;$3,820;130,97;4,6;A;205 863;2012;3
4;06/04/2012;$2 470 206;FALSE;67,7;$3,864;131,04;4,3;A;205 863;2012;4
4;13/04/2012;$2 105 301;FALSE;68,7;$3,881;131,11;4,3;A;205 863;2012;4
4;20/04/2012;$2 144 337;FALSE;68,6;$3,864;131,12;4,3;A;205 863;2012;4
4;27/04/2012;$2 064 066;FALSE;76,5;$3,810;131,13;4,3;A;205 863;2012;4
4;04/05/2012;$2 196 968;FALSE;80,1;$3,747;131,14;4,3;A;205 863;2012;5
4;11/05/2012;$2 127 661;FALSE;67,6;$3,685;131,15;4,3;A;205 863;2012;5
4;18/05/2012;$2 207 215;FALSE;68,4;$3,620;131,10;4,3;A;205 863;2012;5
4;25/05/2012;$2 154 138;FALSE;77,5;$3,551;131,03;4,3;A;205 863;2012;5
4;01/06/2012;$2 179 361;FALSE;77,4;$3,483;130,96;4,3;A;205 863;2012;6
4;08/06/2012;$2 245 257;FALSE;78,1;$3,433;130,89;4,3;A;205 863;2012;6
4;15/06/2012;$2 234 191;FALSE;80,9;$3,372;130,83;4,3;A;205 863;2012;6
4;22/06/2012;$2 197 300;FALSE;81,6;$3,329;130,79;4,3;A;205 863;2012;6
4;29/06/2012;$2 128 363;FALSE;84,2;$3,257;130,76;4,3;A;205 863;2012;6
4;06/07/2012;$2 224 499;FALSE;80,4;$3,187;130,72;4,1;A;205 863;2012;7
4;13/07/2012;$2 100 253;FALSE;76,9;$3,224;130,68;4,1;A;205 863;2012;7
4;20/07/2012;$2 175 564;FALSE;79,1;$3,263;130,70;4,1;A;205 863;2012;7
4;27/07/2012;$2 048 614;FALSE;81,1;$3,356;130,72;4,1;A;205 863;2012;7
4;03/08/2012;$2 174 514;FALSE;83,9;$3,374;130,74;4,1;A;205 863;2012;8
4;10/08/2012;$2 193 368;FALSE;83,2;$3,476;130,76;4,1;A;205 863;2012;8
4;17/08/2012;$2 283 540;FALSE;81,4;$3,552;130,79;4,1;A;205 863;2012;8
4;24/08/2012;$2 125 242;FALSE;75,8;$3,610;130,84;4,1;A;205 863;2012;8
4;31/08/2012;$2 081 181;FALSE;76,5;$3,646;130,89;4,1;A;205 863;2012;8
4;07/09/2012;$2 125 105;TRUE;82,1;$3,709;130,93;4,1;A;205 863;2012;9
4;14/09/2012;$2 117 855;FALSE;68,2;$3,706;130,98;4,1;A;205 863;2012;9
4;21/09/2012;$2 119 439;FALSE;69,0;$3,721;131,01;4,1;A;205 863;2012;9
4;28/09/2012;$2 027 620;FALSE;71,7;$3,666;131,04;4,1;A;205 863;2012;9
4;05/10/2012;$2 209 835;FALSE;63,1;$3,620;131,08;3,9;A;205 863;2012;10
4;12/10/2012;$2 133 026;FALSE;57,1;$3,603;131,11;3,9;A;205 863;2012;10
4;19/10/2012;$2 097 267;FALSE;64,5;$3,610;131,15;3,9;A;205 863;2012;10
4;26/10/2012;$2 149 594;FALSE;63,6;$3,514;131,19;3,9;A;205 863;2012;10
5;05/02/2010;$317 173;FALSE;39,7;$2,572;211,65;6,6;B;34 875;2010;2
5;12/02/2010;$311 826;TRUE;39,8;$2,548;211,80;6,6;B;34 875;2010;2
5;19/02/2010;$303 448;FALSE;41,1;$2,514;211,85;6,6;B;34 875;2010;2
5;26/02/2010;$270 282;FALSE;46,7;$2,561;211,88;6,6;B;34 875;2010;2
5;05/03/2010;$288 856;FALSE;48,9;$2,625;211,91;6,6;B;34 875;2010;3
5;12/03/2010;$297 294;FALSE;58,5;$2,667;211,94;6,6;B;34 875;2010;3
5;19/03/2010;$281 706;FALSE;55,5;$2,720;211,77;6,6;B;34 875;2010;3
5;26/03/2010;$273 283;FALSE;52,5;$2,732;211,57;6,6;B;34 875;2010;3
5;02/04/2010;$331 406;FALSE;63,2;$2,719;211,37;6,5;B;34 875;2010;4
5;09/04/2010;$328 020;FALSE;65,2;$2,770;211,17;6,5;B;34 875;2010;4
5;16/04/2010;$306 859;FALSE;65,3;$2,808;211,04;6,5;B;34 875;2010;4
5;23/04/2010;$288 840;FALSE;65,1;$2,795;210,99;6,5;B;34 875;2010;4
5;30/04/2010;$298 698;FALSE;67,5;$2,780;210,94;6,5;B;34 875;2010;4
5;07/05/2010;$333 523;FALSE;71,5;$2,835;210,89;6,5;B;34 875;2010;5
5;14/05/2010;$296 674;FALSE;74,8;$2,854;210,89;6,5;B;34 875;2010;5
5;21/05/2010;$301 615;FALSE;75,2;$2,826;211,17;6,5;B;34 875;2010;5
5;28/05/2010;$310 013;FALSE;79,8;$2,759;211,45;6,5;B;34 875;2010;5
5;04/06/2010;$337 826;FALSE;79,5;$2,705;211,73;6,5;B;34 875;2010;6
5;11/06/2010;$296 642;FALSE;80,7;$2,668;212,01;6,5;B;34 875;2010;6
5;18/06/2010;$313 796;FALSE;83,9;$2,637;212,01;6,5;B;34 875;2010;6
5;25/06/2010;$295 257;FALSE;83,7;$2,653;211,90;6,5;B;34 875;2010;6
5;02/07/2010;$305 993;FALSE;81,3;$2,669;211,78;6,5;B;34 875;2010;7
5;09/07/2010;$291 809;FALSE;81,1;$2,642;211,66;6,5;B;34 875;2010;7
5;16/07/2010;$280 702;FALSE;84,0;$2,623;211,66;6,5;B;34 875;2010;7
5;23/07/2010;$274 743;FALSE;83,7;$2,608;211,79;6,5;B;34 875;2010;7
5;30/07/2010;$268 929;FALSE;82,5;$2,640;211,93;6,5;B;34 875;2010;7
5;06/08/2010;$303 043;FALSE;86,1;$2,627;212,06;6,5;B;34 875;2010;8
5;13/08/2010;$286 477;FALSE;87,4;$2,692;212,20;6,5;B;34 875;2010;8
5;20/08/2010;$287 205;FALSE;87,7;$2,664;212,16;6,5;B;34 875;2010;8
5;27/08/2010;$288 520;FALSE;87,1;$2,619;212,12;6,5;B;34 875;2010;8
5;03/09/2010;$323 798;FALSE;84,1;$2,577;212,09;6,5;B;34 875;2010;9
5;10/09/2010;$306 533;TRUE;79,9;$2,565;212,05;6,5;B;34 875;2010;9
5;17/09/2010;$282 559;FALSE;82,3;$2,582;212,08;6,5;B;34 875;2010;9
5;24/09/2010;$293 132;FALSE;78,5;$2,624;212,15;6,5;B;34 875;2010;9
5;01/10/2010;$283 178;FALSE;71,1;$2,603;212,23;6,8;B;34 875;2010;10
5;08/10/2010;$290 495;FALSE;65,0;$2,633;212,30;6,8;B;34 875;2010;10
5;15/10/2010;$280 681;FALSE;68,1;$2,720;212,37;6,8;B;34 875;2010;10
5;22/10/2010;$284 988;FALSE;71,0;$2,725;212,42;6,8;B;34 875;2010;10
5;29/10/2010;$278 032;FALSE;70,6;$2,716;212,46;6,8;B;34 875;2010;10
5;05/11/2010;$325 310;FALSE;58,9;$2,689;212,51;6,8;B;34 875;2010;11
5;12/11/2010;$301 827;FALSE;62,4;$2,728;212,56;6,8;B;34 875;2010;11
5;19/11/2010;$297 385;FALSE;52,5;$2,771;212,45;6,8;B;34 875;2010;11
5;26/11/2010;$488 363;TRUE;66,2;$2,735;212,30;6,8;B;34 875;2010;11
5;03/12/2010;$344 491;FALSE;51,3;$2,708;212,16;6,8;B;34 875;2010;12
5;10/12/2010;$352 812;FALSE;48,3;$2,843;212,02;6,8;B;34 875;2010;12
5;17/12/2010;$367 801;FALSE;51,6;$2,869;211,96;6,8;B;34 875;2010;12
5;24/12/2010;$466 010;FALSE;55,0;$2,886;211,96;6,8;B;34 875;2010;12
5;31/12/2010;$298 180;TRUE;49,8;$2,943;211,96;6,8;B;34 875;2010;12
5;07/01/2011;$286 347;FALSE;48,3;$2,976;211,96;6,6;B;34 875;2011;1
5;14/01/2011;$260 637;FALSE;37,7;$2,983;212,01;6,6;B;34 875;2011;1
5;21/01/2011;$275 313;FALSE;45,4;$3,016;212,38;6,6;B;34 875;2011;1
5;28/01/2011;$279 088;FALSE;44,5;$3,010;212,75;6,6;B;34 875;2011;1
5;04/02/2011;$329 613;FALSE;41,7;$2,989;213,12;6,6;B;34 875;2011;2
5;11/02/2011;$311 591;TRUE;38,3;$3,022;213,49;6,6;B;34 875;2011;2
5;18/02/2011;$356 623;FALSE;58,8;$3,045;213,81;6,6;B;34 875;2011;2
5;25/02/2011;$294 660;FALSE;63,4;$3,065;214,10;6,6;B;34 875;2011;2
5;04/03/2011;$329 034;FALSE;60,4;$3,288;214,38;6,6;B;34 875;2011;3
5;11/03/2011;$293 098;FALSE;55,7;$3,459;214,67;6,6;B;34 875;2011;3
5;18/03/2011;$312 178;FALSE;64,3;$3,488;214,93;6,6;B;34 875;2011;3
5;25/03/2011;$294 733;FALSE;70,7;$3,473;215,16;6,6;B;34 875;2011;3
5;01/04/2011;$314 317;FALSE;61,5;$3,524;215,40;6,5;B;34 875;2011;4
5;08/04/2011;$307 334;FALSE;69,6;$3,622;215,64;6,5;B;34 875;2011;4
5;15/04/2011;$307 914;FALSE;72,0;$3,743;215,86;6,5;B;34 875;2011;4
5;22/04/2011;$328 415;FALSE;74,3;$3,807;216,03;6,5;B;34 875;2011;4
5;29/04/2011;$307 292;FALSE;74,8;$3,810;216,20;6,5;B;34 875;2011;4
5;06/05/2011;$322 905;FALSE;66,3;$3,906;216,37;6,5;B;34 875;2011;5
5;13/05/2011;$290 930;FALSE;77,4;$3,899;216,53;6,5;B;34 875;2011;5
5;20/05/2011;$299 614;FALSE;71,4;$3,907;216,30;6,5;B;34 875;2011;5
5;27/05/2011;$297 150;FALSE;80,1;$3,786;216,07;6,5;B;34 875;2011;5
5;03/06/2011;$329 184;FALSE;83,8;$3,699;215,84;6,5;B;34 875;2011;6
5;10/06/2011;$304 984;FALSE;83,6;$3,648;215,61;6,5;B;34 875;2011;6
5;17/06/2011;$304 812;FALSE;86,8;$3,637;215,56;6,5;B;34 875;2011;6
5;24/06/2011;$302 882;FALSE;84,8;$3,594;215,65;6,5;B;34 875;2011;6
5;01/07/2011;$327 094;FALSE;85,8;$3,524;215,75;6,5;B;34 875;2011;7
5;08/07/2011;$310 805;FALSE;86,6;$3,480;215,84;6,5;B;34 875;2011;7
5;15/07/2011;$283 249;FALSE;88,6;$3,575;215,93;6,5;B;34 875;2011;7
5;22/07/2011;$292 540;FALSE;87,0;$3,651;215,99;6,5;B;34 875;2011;7
5;29/07/2011;$275 142;FALSE;89,4;$3,682;216,05;6,5;B;34 875;2011;7
5;05/08/2011;$317 739;FALSE;91,1;$3,684;216,11;6,5;B;34 875;2011;8
5;12/08/2011;$289 886;FALSE;90,2;$3,638;216,17;6,5;B;34 875;2011;8
5;19/08/2011;$303 644;FALSE;89,4;$3,554;216,23;6,5;B;34 875;2011;8
5;26/08/2011;$310 338;FALSE;89,2;$3,523;216,30;6,5;B;34 875;2011;8
5;02/09/2011;$315 646;FALSE;90,4;$3,533;216,36;6,5;B;34 875;2011;9
5;09/09/2011;$321 110;TRUE;79,0;$3,546;216,42;6,5;B;34 875;2011;9
5;16/09/2011;$278 530;FALSE;83,6;$3,526;216,60;6,5;B;34 875;2011;9
5;23/09/2011;$291 025;FALSE;78,0;$3,467;216,94;6,5;B;34 875;2011;9
5;30/09/2011;$292 315;FALSE;81,2;$3,355;217,28;6,5;B;34 875;2011;9
5;07/10/2011;$309 111;FALSE;71,6;$3,285;217,61;6,3;B;34 875;2011;10
5;14/10/2011;$286 118;FALSE;72,4;$3,274;217,92;6,3;B;34 875;2011;10
5;21/10/2011;$306 069;FALSE;66,9;$3,353;218,09;6,3;B;34 875;2011;10
5;28/10/2011;$307 035;FALSE;69,3;$3,372;218,25;6,3;B;34 875;2011;10
5;04/11/2011;$353 652;FALSE;56,7;$3,332;218,41;6,3;B;34 875;2011;11
5;11/11/2011;$311 907;FALSE;60,7;$3,297;218,57;6,3;B;34 875;2011;11
5;18/11/2011;$307 944;FALSE;64,3;$3,308;218,79;6,3;B;34 875;2011;11
5;25/11/2011;$507 900;TRUE;61,9;$3,236;219,04;6,3;B;34 875;2011;11
5;02/12/2011;$376 226;FALSE;51,1;$3,172;219,29;6,3;B;34 875;2011;12
5;09/12/2011;$367 434;FALSE;44,1;$3,158;219,54;6,3;B;34 875;2011;12
5;16/12/2011;$379 530;FALSE;54,4;$3,159;219,76;6,3;B;34 875;2011;12
5;23/12/2011;$458 562;FALSE;50,3;$3,112;219,94;6,3;B;34 875;2011;12
5;30/12/2011;$349 625;TRUE;45,6;$3,129;220,12;6,3;B;34 875;2011;12
5;06/01/2012;$312 079;FALSE;50,2;$3,157;220,30;5,9;B;34 875;2012;1
5;13/01/2012;$291 455;FALSE;48,9;$3,261;220,48;5,9;B;34 875;2012;1
5;20/01/2012;$287 524;FALSE;54,7;$3,268;220,57;5,9;B;34 875;2012;1
5;27/01/2012;$295 974;FALSE;54,6;$3,290;220,66;5,9;B;34 875;2012;1
5;03/02/2012;$333 948;FALSE;57,4;$3,360;220,76;5,9;B;34 875;2012;2
5;10/02/2012;$349 240;TRUE;48,6;$3,409;220,85;5,9;B;34 875;2012;2
5;17/02/2012;$356 428;FALSE;48,3;$3,510;221,01;5,9;B;34 875;2012;2
5;24/02/2012;$312 220;FALSE;57,8;$3,555;221,22;5,9;B;34 875;2012;2
5;02/03/2012;$359 206;FALSE;60,7;$3,630;221,43;5,9;B;34 875;2012;3
5;09/03/2012;$347 296;FALSE;57,7;$3,669;221,65;5,9;B;34 875;2012;3
5;16/03/2012;$339 393;FALSE;63,6;$3,734;221,80;5,9;B;34 875;2012;3
5;23/03/2012;$321 300;FALSE;64,4;$3,787;221,87;5,9;B;34 875;2012;3
5;30/03/2012;$331 319;FALSE;67,8;$3,845;221,95;5,9;B;34 875;2012;3
5;06/04/2012;$402 986;FALSE;70,4;$3,891;222,02;5,8;B;34 875;2012;4
5;13/04/2012;$351 832;FALSE;70,6;$3,891;222,10;5,8;B;34 875;2012;4
5;20/04/2012;$330 063;FALSE;67,3;$3,877;222,15;5,8;B;34 875;2012;4
5;27/04/2012;$324 840;FALSE;69,0;$3,814;222,21;5,8;B;34 875;2012;4
5;04/05/2012;$360 933;FALSE;77,1;$3,749;222,26;5,8;B;34 875;2012;5
5;11/05/2012;$333 871;FALSE;73,5;$3,688;222,31;5,8;B;34 875;2012;5
5;18/05/2012;$336 190;FALSE;70,5;$3,630;222,33;5,8;B;34 875;2012;5
5;25/05/2012;$341 994;FALSE;78,2;$3,561;222,33;5,8;B;34 875;2012;5
5;01/06/2012;$359 868;FALSE;79,7;$3,501;222,33;5,8;B;34 875;2012;6
5;08/06/2012;$341 705;FALSE;81,0;$3,452;222,34;5,8;B;34 875;2012;6
5;15/06/2012;$327 384;FALSE;81,6;$3,393;222,35;5,8;B;34 875;2012;6
5;22/06/2012;$325 042;FALSE;80,6;$3,346;222,39;5,8;B;34 875;2012;6
5;29/06/2012;$329 658;FALSE;87,1;$3,286;222,43;5,8;B;34 875;2012;6
5;06/07/2012;$341 214;FALSE;82,4;$3,227;222,47;5,6;B;34 875;2012;7
5;13/07/2012;$316 204;FALSE;80,8;$3,256;222,51;5,6;B;34 875;2012;7
5;20/07/2012;$321 205;FALSE;81,1;$3,311;222,52;5,6;B;34 875;2012;7
5;27/07/2012;$306 827;FALSE;85,1;$3,407;222,53;5,6;B;34 875;2012;7
5;03/08/2012;$324 195;FALSE;86,9;$3,417;222,54;5,6;B;34 875;2012;8
5;10/08/2012;$306 760;FALSE;87,0;$3,494;222,55;5,6;B;34 875;2012;8
5;17/08/2012;$314 014;FALSE;87,5;$3,571;222,63;5,6;B;34 875;2012;8
5;24/08/2012;$320 831;FALSE;79,5;$3,620;222,76;5,6;B;34 875;2012;8
5;31/08/2012;$344 642;FALSE;84,3;$3,638;222,90;5,6;B;34 875;2012;8
5;07/09/2012;$350 649;TRUE;86,3;$3,730;223,03;5,6;B;34 875;2012;9
5;14/09/2012;$299 801;FALSE;76,7;$3,717;223,17;5,6;B;34 875;2012;9
5;21/09/2012;$307 307;FALSE;71,1;$3,721;223,37;5,6;B;34 875;2012;9
5;28/09/2012;$310 142;FALSE;78,3;$3,666;223,57;5,6;B;34 875;2012;9
5;05/10/2012;$343 048;FALSE;71,2;$3,617;223,77;5,4;B;34 875;2012;10
5;12/10/2012;$325 345;FALSE;66,2;$3,601;223,97;5,4;B;34 875;2012;10
5;19/10/2012;$313 358;FALSE;69,2;$3,594;224,02;5,4;B;34 875;2012;10
5;26/10/2012;$319 551;FALSE;71,7;$3,506;224,04;5,4;B;34 875;2012;10
6;05/02/2010;$1 652 635;FALSE;40,4;$2,572;212,62;7,3;A;202 505;2010;2
6;12/02/2010;$1 606 284;TRUE;40,6;$2,548;212,77;7,3;A;202 505;2010;2
6;19/02/2010;$1 567 138;FALSE;43,6;$2,514;212,82;7,3;A;202 505;2010;2
6;26/02/2010;$1 432 953;FALSE;47,1;$2,561;212,85;7,3;A;202 505;2010;2
6;05/03/2010;$1 601 349;FALSE;49,6;$2,625;212,87;7,3;A;202 505;2010;3
6;12/03/2010;$1 558 621;FALSE;58,8;$2,667;212,90;7,3;A;202 505;2010;3
6;19/03/2010;$1 693 059;FALSE;56,6;$2,720;212,74;7,3;A;202 505;2010;3
6;26/03/2010;$1 472 033;FALSE;53,7;$2,732;212,53;7,3;A;202 505;2010;3
6;02/04/2010;$1 770 334;FALSE;64,9;$2,719;212,33;7,1;A;202 505;2010;4
6;09/04/2010;$1 667 182;FALSE;66,2;$2,770;212,13;7,1;A;202 505;2010;4
6;16/04/2010;$1 519 846;FALSE;65,7;$2,808;211,99;7,1;A;202 505;2010;4
6;23/04/2010;$1 540 436;FALSE;64,1;$2,795;211,94;7,1;A;202 505;2010;4
6;30/04/2010;$1 498 080;FALSE;68,9;$2,780;211,89;7,1;A;202 505;2010;4
6;07/05/2010;$1 619 920;FALSE;73,7;$2,835;211,84;7,1;A;202 505;2010;5
6;14/05/2010;$1 524 059;FALSE;75,0;$2,854;211,84;7,1;A;202 505;2010;5
6;21/05/2010;$1 531 938;FALSE;74,8;$2,826;212,13;7,1;A;202 505;2010;5
6;28/05/2010;$1 644 471;FALSE;78,9;$2,759;212,41;7,1;A;202 505;2010;5
6;04/06/2010;$1 857 380;FALSE;79,4;$2,705;212,70;7,1;A;202 505;2010;6
6;11/06/2010;$1 685 652;FALSE;81,8;$2,668;212,98;7,1;A;202 505;2010;6
6;18/06/2010;$1 677 248;FALSE;83,9;$2,637;212,98;7,1;A;202 505;2010;6
6;25/06/2010;$1 640 682;FALSE;84,2;$2,653;212,86;7,1;A;202 505;2010;6
6;02/07/2010;$1 759 777;FALSE;80,3;$2,669;212,75;7,0;A;202 505;2010;7
6;09/07/2010;$1 690 318;FALSE;80,9;$2,642;212,63;7,0;A;202 505;2010;7
6;16/07/2010;$1 560 121;FALSE;83,8;$2,623;212,62;7,0;A;202 505;2010;7
6;23/07/2010;$1 585 241;FALSE;83,9;$2,608;212,76;7,0;A;202 505;2010;7
6;30/07/2010;$1 532 309;FALSE;81,4;$2,640;212,89;7,0;A;202 505;2010;7
6;06/08/2010;$1 633 242;FALSE;86,6;$2,627;213,03;7,0;A;202 505;2010;8
6;13/08/2010;$1 547 655;FALSE;86,8;$2,692;213,17;7,0;A;202 505;2010;8
6;20/08/2010;$1 539 931;FALSE;87,4;$2,664;213,13;7,0;A;202 505;2010;8
6;27/08/2010;$1 450 766;FALSE;85,7;$2,619;213,09;7,0;A;202 505;2010;8
6;03/09/2010;$1 510 925;FALSE;82,2;$2,577;213,05;7,0;A;202 505;2010;9
6;10/09/2010;$1 424 225;TRUE;78,8;$2,565;213,01;7,0;A;202 505;2010;9
6;17/09/2010;$1 308 538;FALSE;81,8;$2,582;213,04;7,0;A;202 505;2010;9
6;24/09/2010;$1 275 592;FALSE;76,5;$2,624;213,12;7,0;A;202 505;2010;9
6;01/10/2010;$1 328 469;FALSE;70,7;$2,603;213,19;7,0;A;202 505;2010;10
6;08/10/2010;$1 360 318;FALSE;65,2;$2,633;213,27;7,0;A;202 505;2010;10
6;15/10/2010;$1 344 581;FALSE;68,9;$2,720;213,33;7,0;A;202 505;2010;10
6;22/10/2010;$1 332 717;FALSE;71,0;$2,725;213,38;7,0;A;202 505;2010;10
6;29/10/2010;$1 385 324;FALSE;70,4;$2,716;213,43;7,0;A;202 505;2010;10
6;05/11/2010;$1 505 442;FALSE;59,9;$2,689;213,48;7,0;A;202 505;2010;11
6;12/11/2010;$1 495 536;FALSE;62,1;$2,728;213,53;7,0;A;202 505;2010;11
6;19/11/2010;$1 518 841;FALSE;53,0;$2,771;213,41;7,0;A;202 505;2010;11
6;26/11/2010;$2 267 452;TRUE;65,8;$2,735;213,27;7,0;A;202 505;2010;11
6;03/12/2010;$1 677 067;FALSE;52,3;$2,708;213,12;7,0;A;202 505;2010;12
6;10/12/2010;$1 834 738;FALSE;48,5;$2,843;212,98;7,0;A;202 505;2010;12
6;17/12/2010;$2 090 269;FALSE;52,2;$2,869;212,92;7,0;A;202 505;2010;12
6;24/12/2010;$2 727 575;FALSE;55,1;$2,886;212,92;7,0;A;202 505;2010;12
6;31/12/2010;$1 464 050;TRUE;49,1;$2,943;212,91;7,0;A;202 505;2010;12
6;07/01/2011;$1 350 442;FALSE;47,8;$2,976;212,91;6,9;A;202 505;2011;1
6;14/01/2011;$1 306 195;FALSE;38,4;$2,983;212,97;6,9;A;202 505;2011;1
6;21/01/2011;$1 261 253;FALSE;46,2;$3,016;213,34;6,9;A;202 505;2011;1
6;28/01/2011;$1 287 035;FALSE;45,0;$3,010;213,71;6,9;A;202 505;2011;1
6;04/02/2011;$1 514 999;FALSE;40,6;$2,989;214,09;6,9;A;202 505;2011;2
6;11/02/2011;$1 486 920;TRUE;39,4;$3,022;214,46;6,9;A;202 505;2011;2
6;18/02/2011;$1 572 118;FALSE;59,6;$3,045;214,78;6,9;A;202 505;2011;2
6;25/02/2011;$1 422 600;FALSE;62,9;$3,065;215,07;6,9;A;202 505;2011;2
6;04/03/2011;$1 502 618;FALSE;60,5;$3,288;215,36;6,9;A;202 505;2011;3
6;11/03/2011;$1 494 497;FALSE;57,7;$3,459;215,65;6,9;A;202 505;2011;3
6;18/03/2011;$1 685 375;FALSE;65,1;$3,488;215,90;6,9;A;202 505;2011;3
6;25/03/2011;$1 438 466;FALSE;70,8;$3,473;216,14;6,9;A;202 505;2011;3
6;01/04/2011;$1 459 277;FALSE;62,3;$3,524;216,38;6,9;A;202 505;2011;4
6;08/04/2011;$1 534 594;FALSE;70,4;$3,622;216,62;6,9;A;202 505;2011;4
6;15/04/2011;$1 448 797;FALSE;73,2;$3,743;216,84;6,9;A;202 505;2011;4
6;22/04/2011;$1 639 359;FALSE;74,2;$3,807;217,01;6,9;A;202 505;2011;4
6;29/04/2011;$1 479 250;FALSE;75,3;$3,810;217,18;6,9;A;202 505;2011;4
6;06/05/2011;$1 504 652;FALSE;65,4;$3,906;217,35;6,9;A;202 505;2011;5
6;13/05/2011;$1 453 186;FALSE;77,0;$3,899;217,52;6,9;A;202 505;2011;5
6;20/05/2011;$1 382 784;FALSE;72,0;$3,907;217,29;6,9;A;202 505;2011;5
6;27/05/2011;$1 523 979;FALSE;80,8;$3,786;217,05;6,9;A;202 505;2011;5
6;03/06/2011;$1 705 506;FALSE;84,0;$3,699;216,82;6,9;A;202 505;2011;6
6;10/06/2011;$1 598 644;FALSE;84,5;$3,648;216,58;6,9;A;202 505;2011;6
6;17/06/2011;$1 622 150;FALSE;87,1;$3,637;216,54;6,9;A;202 505;2011;6
6;24/06/2011;$1 543 366;FALSE;85,5;$3,594;216,63;6,9;A;202 505;2011;6
6;01/07/2011;$1 694 551;FALSE;87,0;$3,524;216,73;6,9;A;202 505;2011;7
6;08/07/2011;$1 709 374;FALSE;88,4;$3,480;216,82;6,9;A;202 505;2011;7
6;15/07/2011;$1 526 801;FALSE;88,9;$3,575;216,90;6,9;A;202 505;2011;7
6;22/07/2011;$1 526 506;FALSE;88,1;$3,651;216,96;6,9;A;202 505;2011;7
6;29/07/2011;$1 483 991;FALSE;90,2;$3,682;217,02;6,9;A;202 505;2011;7
6;05/08/2011;$1 601 585;FALSE;91,5;$3,684;217,08;6,9;A;202 505;2011;8
6;12/08/2011;$1 484 995;FALSE;90,5;$3,638;217,14;6,9;A;202 505;2011;8
6;19/08/2011;$1 493 544;FALSE;89,3;$3,554;217,21;6,9;A;202 505;2011;8
6;26/08/2011;$1 420 405;FALSE;90,1;$3,523;217,27;6,9;A;202 505;2011;8
6;02/09/2011;$1 481 619;FALSE;91,2;$3,533;217,33;6,9;A;202 505;2011;9
6;09/09/2011;$1 483 574;TRUE;80,2;$3,546;217,40;6,9;A;202 505;2011;9
6;16/09/2011;$1 351 408;FALSE;84,9;$3,526;217,58;6,9;A;202 505;2011;9
6;23/09/2011;$1 336 045;FALSE;78,5;$3,467;217,92;6,9;A;202 505;2011;9
6;30/09/2011;$1 307 552;FALSE;82,5;$3,355;218,26;6,9;A;202 505;2011;9
6;07/10/2011;$1 481 739;FALSE;74,1;$3,285;218,60;6,6;A;202 505;2011;10
6;14/10/2011;$1 386 521;FALSE;71,2;$3,274;218,91;6,6;A;202 505;2011;10
6;21/10/2011;$1 417 922;FALSE;68,5;$3,353;219,07;6,6;A;202 505;2011;10
6;28/10/2011;$1 419 445;FALSE;69,5;$3,372;219,24;6,6;A;202 505;2011;10
6;04/11/2011;$1 523 420;FALSE;58,5;$3,332;219,40;6,6;A;202 505;2011;11
6;11/11/2011;$1 536 177;FALSE;61,3;$3,297;219,56;6,6;A;202 505;2011;11
6;18/11/2011;$1 524 390;FALSE;63,9;$3,308;219,79;6,6;A;202 505;2011;11
6;25/11/2011;$2 249 812;TRUE;62,8;$3,236;220,04;6,6;A;202 505;2011;11
6;02/12/2011;$1 688 531;FALSE;51,2;$3,172;220,29;6,6;A;202 505;2011;12
6;09/12/2011;$1 903 385;FALSE;43,6;$3,158;220,55;6,6;A;202 505;2011;12
6;16/12/2011;$2 034 696;FALSE;53,3;$3,159;220,77;6,6;A;202 505;2011;12
6;23/12/2011;$2 644 633;FALSE;49,5;$3,112;220,95;6,6;A;202 505;2011;12
6;30/12/2011;$1 598 081;TRUE;46,8;$3,129;221,13;6,6;A;202 505;2011;12
6;06/01/2012;$1 395 340;FALSE;50,8;$3,157;221,31;6,1;A;202 505;2012;1
6;13/01/2012;$1 344 243;FALSE;48,3;$3,261;221,49;6,1;A;202 505;2012;1
6;20/01/2012;$1 326 256;FALSE;55,4;$3,268;221,58;6,1;A;202 505;2012;1
6;27/01/2012;$1 315 611;FALSE;54,0;$3,290;221,68;6,1;A;202 505;2012;1
6;03/02/2012;$1 496 306;FALSE;57,5;$3,360;221,77;6,1;A;202 505;2012;2
6;10/02/2012;$1 620 604;TRUE;48,6;$3,409;221,86;6,1;A;202 505;2012;2
6;17/02/2012;$1 632 616;FALSE;49,0;$3,510;222,03;6,1;A;202 505;2012;2
6;24/02/2012;$1 465 188;FALSE;59,2;$3,555;222,24;6,1;A;202 505;2012;2
6;02/03/2012;$1 550 386;FALSE;60,3;$3,630;222,45;6,1;A;202 505;2012;3
6;09/03/2012;$1 569 304;FALSE;57,9;$3,669;222,67;6,1;A;202 505;2012;3
6;16/03/2012;$1 748 010;FALSE;62,8;$3,734;222,82;6,1;A;202 505;2012;3
6;23/03/2012;$1 495 144;FALSE;63,7;$3,787;222,89;6,1;A;202 505;2012;3
6;30/03/2012;$1 508 933;FALSE;67,9;$3,845;222,97;6,1;A;202 505;2012;3
6;06/04/2012;$1 840 131;FALSE;71,6;$3,891;223,04;6,0;A;202 505;2012;4
6;13/04/2012;$1 616 394;FALSE;71,3;$3,891;223,12;6,0;A;202 505;2012;4
6;20/04/2012;$1 456 073;FALSE;68,6;$3,877;223,17;6,0;A;202 505;2012;4
6;27/04/2012;$1 456 221;FALSE;71,5;$3,814;223,23;6,0;A;202 505;2012;4
6;04/05/2012;$1 543 461;FALSE;77,7;$3,749;223,28;6,0;A;202 505;2012;5
6;11/05/2012;$1 517 076;FALSE;72,7;$3,688;223,33;6,0;A;202 505;2012;5
6;18/05/2012;$1 513 636;FALSE;70,5;$3,630;223,35;6,0;A;202 505;2012;5
6;25/05/2012;$1 603 793;FALSE;78,5;$3,561;223,35;6,0;A;202 505;2012;5
6;01/06/2012;$1 681 121;FALSE;80,4;$3,501;223,35;6,0;A;202 505;2012;6
6;08/06/2012;$1 696 620;FALSE;80,5;$3,452;223,36;6,0;A;202 505;2012;6
6;15/06/2012;$1 642 247;FALSE;82,1;$3,393;223,37;6,0;A;202 505;2012;6
6;22/06/2012;$1 618 272;FALSE;81,2;$3,346;223,41;6,0;A;202 505;2012;6
6;29/06/2012;$1 648 863;FALSE;87,4;$3,286;223,45;6,0;A;202 505;2012;6
6;06/07/2012;$1 876 359;FALSE;83,0;$3,227;223,49;5,7;A;202 505;2012;7
6;13/07/2012;$1 588 142;FALSE;80,3;$3,256;223,53;5,7;A;202 505;2012;7
6;20/07/2012;$1 574 362;FALSE;81,6;$3,311;223,54;5,7;A;202 505;2012;7
6;27/07/2012;$1 513 229;FALSE;85,8;$3,407;223,55;5,7;A;202 505;2012;7
6;03/08/2012;$1 627 275;FALSE;87,6;$3,417;223,56;5,7;A;202 505;2012;8
6;10/08/2012;$1 588 381;FALSE;87,0;$3,494;223,57;5,7;A;202 505;2012;8
6;17/08/2012;$1 543 050;FALSE;87,5;$3,571;223,65;5,7;A;202 505;2012;8
6;24/08/2012;$1 501 095;FALSE;79,0;$3,620;223,79;5,7;A;202 505;2012;8
6;31/08/2012;$1 577 440;FALSE;83,6;$3,638;223,92;5,7;A;202 505;2012;8
6;07/09/2012;$1 608 077;TRUE;86,3;$3,730;224,06;5,7;A;202 505;2012;9
6;14/09/2012;$1 375 167;FALSE;76,4;$3,717;224,20;5,7;A;202 505;2012;9
6;21/09/2012;$1 425 604;FALSE;70,8;$3,721;224,40;5,7;A;202 505;2012;9
6;28/09/2012;$1 369 131;FALSE;77,8;$3,666;224,60;5,7;A;202 505;2012;9
6;05/10/2012;$1 518 178;FALSE;70,8;$3,617;224,80;5,3;A;202 505;2012;10
6;12/10/2012;$1 459 397;FALSE;65,4;$3,601;225,01;5,3;A;202 505;2012;10
6;19/10/2012;$1 436 884;FALSE;69,7;$3,594;225,05;5,3;A;202 505;2012;10
6;26/10/2012;$1 431 426;FALSE;72,3;$3,506;225,07;5,3;A;202 505;2012;10
7;05/02/2010;$496 725;FALSE;10,5;$2,580;189,38;9,0;B;70 713;2010;2
7;12/02/2010;$524 105;TRUE;25,9;$2,572;189,46;9,0;B;70 713;2010;2
7;19/02/2010;$506 761;FALSE;27,3;$2,550;189,53;9,0;B;70 713;2010;2
7;26/02/2010;$496 083;FALSE;24,9;$2,586;189,60;9,0;B;70 713;2010;2
7;05/03/2010;$491 420;FALSE;35,9;$2,620;189,67;9,0;B;70 713;2010;3
7;12/03/2010;$480 452;FALSE;27,3;$2,684;189,74;9,0;B;70 713;2010;3
7;19/03/2010;$574 450;FALSE;29,0;$2,692;189,73;9,0;B;70 713;2010;3
7;26/03/2010;$514 732;FALSE;23,3;$2,717;189,72;9,0;B;70 713;2010;3
7;02/04/2010;$561 145;FALSE;38,3;$2,725;189,70;9,0;B;70 713;2010;4
7;09/04/2010;$484 263;FALSE;33,8;$2,750;189,69;9,0;B;70 713;2010;4
7;16/04/2010;$406 228;FALSE;41,9;$2,765;189,66;9,0;B;70 713;2010;4
7;23/04/2010;$404 751;FALSE;43,1;$2,776;189,62;9,0;B;70 713;2010;4
7;30/04/2010;$373 656;FALSE;39,0;$2,766;189,58;9,0;B;70 713;2010;4
7;07/05/2010;$395 454;FALSE;40,1;$2,771;189,53;9,0;B;70 713;2010;5
7;14/05/2010;$372 674;FALSE;41,4;$2,788;189,49;9,0;B;70 713;2010;5
7;21/05/2010;$395 196;FALSE;46,6;$2,776;189,47;9,0;B;70 713;2010;5
7;28/05/2010;$442 735;FALSE;54,2;$2,737;189,45;9,0;B;70 713;2010;5
7;04/06/2010;$509 183;FALSE;53,6;$2,700;189,42;9,0;B;70 713;2010;6
7;11/06/2010;$498 581;FALSE;63,6;$2,684;189,40;9,0;B;70 713;2010;6
7;18/06/2010;$481 144;FALSE;52,7;$2,674;189,42;9,0;B;70 713;2010;6
7;25/06/2010;$553 715;FALSE;59,9;$2,715;189,45;9,0;B;70 713;2010;6
7;02/07/2010;$575 571;FALSE;61,3;$2,728;189,49;9,0;B;70 713;2010;7
7;09/07/2010;$593 462;FALSE;58,0;$2,711;189,52;9,0;B;70 713;2010;7
7;16/07/2010;$557 166;FALSE;62,2;$2,699;189,61;9,0;B;70 713;2010;7
7;23/07/2010;$570 231;FALSE;64,6;$2,691;189,77;9,0;B;70 713;2010;7
7;30/07/2010;$603 547;FALSE;66,1;$2,690;189,94;9,0;B;70 713;2010;7
7;06/08/2010;$643 854;FALSE;61,7;$2,690;190,10;9,0;B;70 713;2010;8
7;13/08/2010;$598 185;FALSE;60,1;$2,723;190,26;9,0;B;70 713;2010;8
7;20/08/2010;$582 353;FALSE;59,6;$2,732;190,29;9,0;B;70 713;2010;8
7;27/08/2010;$554 309;FALSE;57,6;$2,731;190,33;9,0;B;70 713;2010;8
7;03/09/2010;$532 765;FALSE;49,8;$2,773;190,36;9,0;B;70 713;2010;9
7;10/09/2010;$535 769;TRUE;48,5;$2,780;190,40;9,0;B;70 713;2010;9
7;17/09/2010;$489 409;FALSE;48,6;$2,800;190,47;9,0;B;70 713;2010;9
7;24/09/2010;$488 009;FALSE;47,6;$2,793;190,57;9,0;B;70 713;2010;9
7;01/10/2010;$448 999;FALSE;50,0;$2,759;190,67;9,1;B;70 713;2010;10
7;08/10/2010;$480 240;FALSE;44,1;$2,745;190,78;9,1;B;70 713;2010;10
7;15/10/2010;$463 370;FALSE;35,9;$2,762;190,86;9,1;B;70 713;2010;10
7;22/10/2010;$472 451;FALSE;36,8;$2,762;190,91;9,1;B;70 713;2010;10
7;29/10/2010;$465 493;FALSE;34,8;$2,748;190,95;9,1;B;70 713;2010;10
7;05/11/2010;$480 512;FALSE;49,4;$2,729;191,00;9,1;B;70 713;2010;11
7;12/11/2010;$507 584;FALSE;22,1;$2,737;191,04;9,1;B;70 713;2010;11
7;19/11/2010;$482 528;FALSE;25,6;$2,758;191,03;9,1;B;70 713;2010;11
7;26/11/2010;$835 189;TRUE;18,0;$2,742;191,01;9,1;B;70 713;2010;11
7;03/12/2010;$552 812;FALSE;21,9;$2,712;190,99;9,1;B;70 713;2010;12
7;10/12/2010;$599 730;FALSE;24,2;$2,728;190,97;9,1;B;70 713;2010;12
7;17/12/2010;$716 389;FALSE;20,7;$2,778;191,03;9,1;B;70 713;2010;12
7;24/12/2010;$1 045 125;FALSE;26,0;$2,781;191,14;9,1;B;70 713;2010;12
7;31/12/2010;$729 572;TRUE;13,8;$2,829;191,26;9,1;B;70 713;2010;12
7;07/01/2011;$661 164;FALSE;10,1;$2,882;191,37;8,8;B;70 713;2011;1
7;14/01/2011;$547 385;FALSE;11,3;$2,911;191,48;8,8;B;70 713;2011;1
7;21/01/2011;$521 539;FALSE;25,4;$2,973;191,57;8,8;B;70 713;2011;1
7;28/01/2011;$513 372;FALSE;10,1;$3,008;191,67;8,8;B;70 713;2011;1
7;04/02/2011;$558 028;FALSE;-2,1;$3,011;191,76;8,8;B;70 713;2011;2
7;11/02/2011;$559 903;TRUE;10,2;$3,037;191,86;8,8;B;70 713;2011;2
7;18/02/2011;$572 387;FALSE;17,3;$3,051;191,92;8,8;B;70 713;2011;2
7;25/02/2011;$546 691;FALSE;17,5;$3,101;191,96;8,8;B;70 713;2011;2
7;04/03/2011;$551 378;FALSE;21,8;$3,232;192,01;8,8;B;70 713;2011;3
7;11/03/2011;$558 964;FALSE;20,7;$3,372;192,06;8,8;B;70 713;2011;3
7;18/03/2011;$635 015;FALSE;27,7;$3,406;192,12;8,8;B;70 713;2011;3
7;25/03/2011;$559 062;FALSE;25,7;$3,414;192,20;8,8;B;70 713;2011;3
7;01/04/2011;$513 410;FALSE;24,8;$3,461;192,27;8,6;B;70 713;2011;4
7;08/04/2011;$500 552;FALSE;30,6;$3,532;192,34;8,6;B;70 713;2011;4
7;15/04/2011;$423 380;FALSE;27,8;$3,611;192,42;8,6;B;70 713;2011;4
7;22/04/2011;$466 595;FALSE;31,8;$3,636;192,52;8,6;B;70 713;2011;4
7;29/04/2011;$410 430;FALSE;26,8;$3,663;192,62;8,6;B;70 713;2011;4
7;06/05/2011;$407 012;FALSE;26,5;$3,735;192,73;8,6;B;70 713;2011;5
7;13/05/2011;$414 094;FALSE;36,6;$3,767;192,83;8,6;B;70 713;2011;5
7;20/05/2011;$424 671;FALSE;36,2;$3,828;192,83;8,6;B;70 713;2011;5
7;27/05/2011;$457 217;FALSE;37,5;$3,795;192,84;8,6;B;70 713;2011;5
7;03/06/2011;$542 295;FALSE;45,8;$3,763;192,84;8,6;B;70 713;2011;6
7;10/06/2011;$621 100;FALSE;53,3;$3,735;192,85;8,6;B;70 713;2011;6
7;17/06/2011;$610 991;FALSE;48,8;$3,697;192,90;8,6;B;70 713;2011;6
7;24/06/2011;$640 044;FALSE;46,9;$3,661;193,00;8,6;B;70 713;2011;6
7;01/07/2011;$704 344;FALSE;58,5;$3,597;193,09;8,6;B;70 713;2011;7
7;08/07/2011;$761 794;FALSE;59,1;$3,540;193,19;8,6;B;70 713;2011;7
7;15/07/2011;$642 748;FALSE;54,4;$3,532;193,31;8,6;B;70 713;2011;7
7;22/07/2011;$688 044;FALSE;56,2;$3,545;193,51;8,6;B;70 713;2011;7
7;29/07/2011;$653 383;FALSE;56,7;$3,547;193,71;8,6;B;70 713;2011;7
7;05/08/2011;$695 393;FALSE;55,9;$3,554;193,91;8,6;B;70 713;2011;8
7;12/08/2011;$670 670;FALSE;54,6;$3,542;194,11;8,6;B;70 713;2011;8
7;19/08/2011;$645 156;FALSE;56,1;$3,499;194,25;8,6;B;70 713;2011;8
7;26/08/2011;$629 994;FALSE;57,6;$3,485;194,38;8,6;B;70 713;2011;8
7;02/09/2011;$592 355;FALSE;53,4;$3,511;194,51;8,6;B;70 713;2011;9
7;09/09/2011;$613 135;TRUE;45,6;$3,566;194,64;8,6;B;70 713;2011;9
7;16/09/2011;$558 981;FALSE;43,7;$3,596;194,74;8,6;B;70 713;2011;9
7;23/09/2011;$536 145;FALSE;43,7;$3,581;194,81;8,6;B;70 713;2011;9
7;30/09/2011;$488 880;FALSE;47,3;$3,538;194,88;8,6;B;70 713;2011;9
7;07/10/2011;$525 866;FALSE;40,7;$3,498;194,95;8,5;B;70 713;2011;10
7;14/10/2011;$501 959;FALSE;32,7;$3,491;195,03;8,5;B;70 713;2011;10
7;21/10/2011;$558 691;FALSE;37,5;$3,548;195,18;8,5;B;70 713;2011;10
7;28/10/2011;$527 340;FALSE;28,8;$3,550;195,33;8,5;B;70 713;2011;10
7;04/11/2011;$564 536;FALSE;23,4;$3,527;195,48;8,5;B;70 713;2011;11
7;11/11/2011;$556 016;FALSE;19,5;$3,505;195,64;8,5;B;70 713;2011;11
7;18/11/2011;$539 827;FALSE;29,5;$3,479;195,72;8,5;B;70 713;2011;11
7;25/11/2011;$949 076;TRUE;27,6;$3,424;195,77;8,5;B;70 713;2011;11
7;02/12/2011;$591 908;FALSE;20,4;$3,378;195,82;8,5;B;70 713;2011;12
7;09/12/2011;$653 845;FALSE;11,2;$3,331;195,87;8,5;B;70 713;2011;12
7;16/12/2011;$720 242;FALSE;15,2;$3,266;195,98;8,5;B;70 713;2011;12
7;23/12/2011;$1 059 715;FALSE;12,2;$3,173;196,17;8,5;B;70 713;2011;12
7;30/12/2011;$815 916;TRUE;15,6;$3,119;196,36;8,5;B;70 713;2011;12
7;06/01/2012;$713 118;FALSE;18,7;$3,095;196,55;8,3;B;70 713;2012;1
7;13/01/2012;$593 875;FALSE;7,5;$3,077;196,73;8,3;B;70 713;2012;1
7;20/01/2012;$578 003;FALSE;27,4;$3,055;196,78;8,3;B;70 713;2012;1
7;27/01/2012;$541 038;FALSE;26,9;$3,038;196,83;8,3;B;70 713;2012;1
7;03/02/2012;$580 453;FALSE;22,2;$3,031;196,87;8,3;B;70 713;2012;2
7;10/02/2012;$563 461;TRUE;18,8;$3,103;196,92;8,3;B;70 713;2012;2
7;17/02/2012;$620 908;FALSE;27,0;$3,113;196,94;8,3;B;70 713;2012;2
7;24/02/2012;$603 041;FALSE;24,4;$3,129;196,95;8,3;B;70 713;2012;2
7;02/03/2012;$551 058;FALSE;21,6;$3,191;196,96;8,3;B;70 713;2012;3
7;09/03/2012;$579 167;FALSE;30,1;$3,286;196,96;8,3;B;70 713;2012;3
7;16/03/2012;$669 206;FALSE;37,3;$3,486;197,05;8,3;B;70 713;2012;3
7;23/03/2012;$615 997;FALSE;35,1;$3,664;197,23;8,3;B;70 713;2012;3
7;30/03/2012;$583 322;FALSE;45,0;$3,750;197,41;8,3;B;70 713;2012;3
7;06/04/2012;$621 426;FALSE;44,3;$3,854;197,60;8,1;B;70 713;2012;4
7;13/04/2012;$517 420;FALSE;41,4;$3,901;197,78;8,1;B;70 713;2012;4
7;20/04/2012;$457 340;FALSE;39,3;$3,936;197,72;8,1;B;70 713;2012;4
7;27/04/2012;$467 828;FALSE;51,5;$3,927;197,66;8,1;B;70 713;2012;4
7;04/05/2012;$465 199;FALSE;45,4;$3,903;197,61;8,1;B;70 713;2012;5
7;11/05/2012;$460 397;FALSE;48,5;$3,870;197,55;8,1;B;70 713;2012;5
7;18/05/2012;$468 428;FALSE;49,4;$3,837;197,56;8,1;B;70 713;2012;5
7;25/05/2012;$532 740;FALSE;50,6;$3,804;197,59;8,1;B;70 713;2012;5
7;01/06/2012;$598 495;FALSE;55,1;$3,764;197,62;8,1;B;70 713;2012;6
7;08/06/2012;$642 964;FALSE;63,1;$3,741;197,66;8,1;B;70 713;2012;6
7;15/06/2012;$666 942;FALSE;59,3;$3,723;197,69;8,1;B;70 713;2012;6
7;22/06/2012;$687 345;FALSE;63,7;$3,735;197,74;8,1;B;70 713;2012;6
7;29/06/2012;$704 335;FALSE;68,8;$3,693;197,79;8,1;B;70 713;2012;6
7;06/07/2012;$805 643;FALSE;64,7;$3,646;197,83;7,9;B;70 713;2012;7
7;13/07/2012;$694 151;FALSE;64,2;$3,613;197,88;7,9;B;70 713;2012;7
7;20/07/2012;$686 346;FALSE;62,9;$3,585;197,93;7,9;B;70 713;2012;7
7;27/07/2012;$686 365;FALSE;64,6;$3,570;197,98;7,9;B;70 713;2012;7
7;03/08/2012;$680 955;FALSE;61,8;$3,528;198,03;7,9;B;70 713;2012;8
7;10/08/2012;$675 926;FALSE;63,4;$3,509;198,08;7,9;B;70 713;2012;8
7;17/08/2012;$642 450;FALSE;59,7;$3,545;198,10;7,9;B;70 713;2012;8
7;24/08/2012;$609 099;FALSE;59,3;$3,558;198,10;7,9;B;70 713;2012;8
7;31/08/2012;$586 467;FALSE;60,5;$3,556;198,10;7,9;B;70 713;2012;8
7;07/09/2012;$597 877;TRUE;57,8;$3,596;198,10;7,9;B;70 713;2012;9
7;14/09/2012;$541 120;FALSE;53,7;$3,659;198,13;7,9;B;70 713;2012;9
7;21/09/2012;$530 842;FALSE;51,8;$3,765;198,36;7,9;B;70 713;2012;9
7;28/09/2012;$525 546;FALSE;50,6;$3,789;198,59;7,9;B;70 713;2012;9
7;05/10/2012;$505 831;FALSE;48,4;$3,779;198,82;7,6;B;70 713;2012;10
7;12/10/2012;$503 464;FALSE;41,4;$3,760;199,05;7,6;B;70 713;2012;10
7;19/10/2012;$516 425;FALSE;43,0;$3,750;199,15;7,6;B;70 713;2012;10
7;26/10/2012;$495 543;FALSE;42,5;$3,686;199,22;7,6;B;70 713;2012;10
8;05/02/2010;$1 004 137;FALSE;34,1;$2,572;214,47;6,3;A;155 078;2010;2
8;12/02/2010;$994 801;TRUE;33,3;$2,548;214,62;6,3;A;155 078;2010;2
8;19/02/2010;$963 960;FALSE;39,1;$2,514;214,67;6,3;A;155 078;2010;2
8;26/02/2010;$847 592;FALSE;37,9;$2,561;214,69;6,3;A;155 078;2010;2
8;05/03/2010;$881 504;FALSE;45,6;$2,625;214,72;6,3;A;155 078;2010;3
8;12/03/2010;$860 336;FALSE;49,8;$2,667;214,75;6,3;A;155 078;2010;3
8;19/03/2010;$839 911;FALSE;47,3;$2,720;214,58;6,3;A;155 078;2010;3
8;26/03/2010;$772 539;FALSE;46,5;$2,732;214,37;6,3;A;155 078;2010;3
8;02/04/2010;$914 501;FALSE;60,2;$2,719;214,16;6,3;A;155 078;2010;4
8;09/04/2010;$916 034;FALSE;59,3;$2,770;213,96;6,3;A;155 078;2010;4
8;16/04/2010;$882 917;FALSE;62,7;$2,808;213,82;6,3;A;155 078;2010;4
8;23/04/2010;$850 440;FALSE;56,1;$2,795;213,77;6,3;A;155 078;2010;4
8;30/04/2010;$778 673;FALSE;61,0;$2,780;213,72;6,3;A;155 078;2010;4
8;07/05/2010;$916 821;FALSE;62,7;$2,835;213,67;6,3;A;155 078;2010;5
8;14/05/2010;$873 338;FALSE;61,4;$2,854;213,67;6,3;A;155 078;2010;5
8;21/05/2010;$818 333;FALSE;66,0;$2,826;213,96;6,3;A;155 078;2010;5
8;28/05/2010;$868 042;FALSE;74,7;$2,759;214,25;6,3;A;155 078;2010;5
8;04/06/2010;$958 225;FALSE;75,7;$2,705;214,54;6,3;A;155 078;2010;6
8;11/06/2010;$914 836;FALSE;82,2;$2,668;214,83;6,3;A;155 078;2010;6
8;18/06/2010;$869 923;FALSE;78,8;$2,637;214,83;6,3;A;155 078;2010;6
8;25/06/2010;$814 919;FALSE;81,8;$2,653;214,71;6,3;A;155 078;2010;6
8;02/07/2010;$852 334;FALSE;74,8;$2,669;214,59;6,3;A;155 078;2010;7
8;09/07/2010;$845 290;FALSE;72,5;$2,642;214,47;6,3;A;155 078;2010;7
8;16/07/2010;$848 631;FALSE;77,5;$2,623;214,46;6,3;A;155 078;2010;7
8;23/07/2010;$785 516;FALSE;78,3;$2,608;214,60;6,3;A;155 078;2010;7
8;30/07/2010;$787 295;FALSE;76,0;$2,640;214,74;6,3;A;155 078;2010;7
8;06/08/2010;$893 400;FALSE;80,4;$2,627;214,88;6,3;A;155 078;2010;8
8;13/08/2010;$867 919;FALSE;80,1;$2,692;215,02;6,3;A;155 078;2010;8
8;20/08/2010;$870 676;FALSE;79,4;$2,664;214,98;6,3;A;155 078;2010;8
8;27/08/2010;$888 817;FALSE;74,9;$2,619;214,94;6,3;A;155 078;2010;8
8;03/09/2010;$899 036;FALSE;76,1;$2,577;214,89;6,3;A;155 078;2010;9
8;10/09/2010;$831 425;TRUE;74,3;$2,565;214,85;6,3;A;155 078;2010;9
8;17/09/2010;$836 708;FALSE;75,3;$2,582;214,88;6,3;A;155 078;2010;9
8;24/09/2010;$773 725;FALSE;72,2;$2,624;214,95;6,3;A;155 078;2010;9
8;01/10/2010;$804 105;FALSE;68,7;$2,603;215,03;6,4;A;155 078;2010;10
8;08/10/2010;$870 350;FALSE;62,9;$2,633;215,11;6,4;A;155 078;2010;10
8;15/10/2010;$826 547;FALSE;62,6;$2,720;215,18;6,4;A;155 078;2010;10
8;22/10/2010;$836 419;FALSE;62,9;$2,725;215,22;6,4;A;155 078;2010;10
8;29/10/2010;$830 757;FALSE;57,9;$2,716;215,27;6,4;A;155 078;2010;10
8;05/11/2010;$927 266;FALSE;55,8;$2,689;215,32;6,4;A;155 078;2010;11
8;12/11/2010;$911 539;FALSE;54,9;$2,728;215,37;6,4;A;155 078;2010;11
8;19/11/2010;$885 608;FALSE;43,9;$2,771;215,25;6,4;A;155 078;2010;11
8;26/11/2010;$1 261 693;TRUE;51,1;$2,735;215,11;6,4;A;155 078;2010;11
8;03/12/2010;$952 767;FALSE;42,9;$2,708;214,96;6,4;A;155 078;2010;12
8;10/12/2010;$1 069 062;FALSE;42,5;$2,843;214,82;6,4;A;155 078;2010;12
8;17/12/2010;$1 220 580;FALSE;45,0;$2,869;214,75;6,4;A;155 078;2010;12
8;24/12/2010;$1 511 641;FALSE;45,7;$2,886;214,75;6,4;A;155 078;2010;12
8;31/12/2010;$773 586;TRUE;41,5;$2,943;214,74;6,4;A;155 078;2010;12
8;07/01/2011;$873 065;FALSE;35,8;$2,976;214,74;6,3;A;155 078;2011;1
8;14/01/2011;$809 647;FALSE;31,6;$2,983;214,79;6,3;A;155 078;2011;1
8;21/01/2011;$822 668;FALSE;42,1;$3,016;215,17;6,3;A;155 078;2011;1
8;28/01/2011;$782 257;FALSE;39,3;$3,010;215,55;6,3;A;155 078;2011;1
8;04/02/2011;$944 595;FALSE;24,5;$2,989;215,93;6,3;A;155 078;2011;2
8;11/02/2011;$996 147;TRUE;28,3;$3,022;216,31;6,3;A;155 078;2011;2
8;18/02/2011;$1 065 109;FALSE;50,6;$3,045;216,63;6,3;A;155 078;2011;2
8;25/02/2011;$917 317;FALSE;51,3;$3,065;216,92;6,3;A;155 078;2011;2
8;04/03/2011;$935 266;FALSE;53,2;$3,288;217,22;6,3;A;155 078;2011;3
8;11/03/2011;$900 387;FALSE;49,1;$3,459;217,51;6,3;A;155 078;2011;3
8;18/03/2011;$898 289;FALSE;56,7;$3,488;217,77;6,3;A;155 078;2011;3
8;25/03/2011;$827 968;FALSE;59,7;$3,473;218,01;6,3;A;155 078;2011;3
8;01/04/2011;$878 762;FALSE;49,9;$3,524;218,26;6,3;A;155 078;2011;4
8;08/04/2011;$949 826;FALSE;65,6;$3,622;218,50;6,3;A;155 078;2011;4
8;15/04/2011;$908 279;FALSE;63,6;$3,743;218,73;6,3;A;155 078;2011;4
8;22/04/2011;$937 473;FALSE;65,1;$3,807;218,90;6,3;A;155 078;2011;4
8;29/04/2011;$855 015;FALSE;62,3;$3,810;219,07;6,3;A;155 078;2011;4
8;06/05/2011;$941 457;FALSE;58,9;$3,906;219,24;6,3;A;155 078;2011;5
8;13/05/2011;$895 763;FALSE;73,0;$3,899;219,42;6,3;A;155 078;2011;5
8;20/05/2011;$836 050;FALSE;65,5;$3,907;219,17;6,3;A;155 078;2011;5
8;27/05/2011;$857 939;FALSE;73,1;$3,786;218,93;6,3;A;155 078;2011;5
8;03/06/2011;$929 222;FALSE;82,1;$3,699;218,69;6,3;A;155 078;2011;6
8;10/06/2011;$897 309;FALSE;82,2;$3,648;218,45;6,3;A;155 078;2011;6
8;17/06/2011;$922 048;FALSE;84,7;$3,637;218,40;6,3;A;155 078;2011;6
8;24/06/2011;$864 881;FALSE;83,9;$3,594;218,50;6,3;A;155 078;2011;6
8;01/07/2011;$883 683;FALSE;87,3;$3,524;218,59;6,4;A;155 078;2011;7
8;08/07/2011;$861 965;FALSE;83,6;$3,480;218,69;6,4;A;155 078;2011;7
8;15/07/2011;$849 925;FALSE;84,3;$3,575;218,77;6,4;A;155 078;2011;7
8;22/07/2011;$829 902;FALSE;85,5;$3,651;218,83;6,4;A;155 078;2011;7
8;29/07/2011;$807 082;FALSE;86,5;$3,682;218,89;6,4;A;155 078;2011;7
8;05/08/2011;$892 394;FALSE;85,2;$3,684;218,95;6,4;A;155 078;2011;8
8;12/08/2011;$856 796;FALSE;86,1;$3,638;219,01;6,4;A;155 078;2011;8
8;19/08/2011;$895 067;FALSE;82,9;$3,554;219,07;6,4;A;155 078;2011;8
8;26/08/2011;$912 543;FALSE;84,7;$3,523;219,13;6,4;A;155 078;2011;8
8;02/09/2011;$891 387;FALSE;84,8;$3,533;219,20;6,4;A;155 078;2011;9
8;09/09/2011;$848 358;TRUE;69,0;$3,546;219,26;6,4;A;155 078;2011;9
8;16/09/2011;$870 972;FALSE;69,1;$3,526;219,44;6,4;A;155 078;2011;9
8;23/09/2011;$806 444;FALSE;68,7;$3,467;219,79;6,4;A;155 078;2011;9
8;30/09/2011;$809 049;FALSE;72,2;$3,355;220,13;6,4;A;155 078;2011;9
8;07/10/2011;$929 977;FALSE;67,6;$3,285;220,48;6,1;A;155 078;2011;10
8;14/10/2011;$863 188;FALSE;61,7;$3,274;220,80;6,1;A;155 078;2011;10
8;21/10/2011;$905 984;FALSE;60,0;$3,353;220,96;6,1;A;155 078;2011;10
8;28/10/2011;$876 712;FALSE;56,9;$3,372;221,13;6,1;A;155 078;2011;10
8;04/11/2011;$947 815;FALSE;49,7;$3,332;221,29;6,1;A;155 078;2011;11
8;11/11/2011;$917 088;FALSE;50,6;$3,297;221,46;6,1;A;155 078;2011;11
8;18/11/2011;$897 032;FALSE;51,7;$3,308;221,69;6,1;A;155 078;2011;11
8;25/11/2011;$1 235 164;TRUE;49,6;$3,236;221,95;6,1;A;155 078;2011;11
8;02/12/2011;$986 601;FALSE;40,8;$3,172;222,21;6,1;A;155 078;2011;12
8;09/12/2011;$1 051 923;FALSE;30,5;$3,158;222,47;6,1;A;155 078;2011;12
8;16/12/2011;$1 118 164;FALSE;39,8;$3,159;222,69;6,1;A;155 078;2011;12
8;23/12/2011;$1 462 254;FALSE;38,2;$3,112;222,87;6,1;A;155 078;2011;12
8;30/12/2011;$858 572;TRUE;36,3;$3,129;223,06;6,1;A;155 078;2011;12
8;06/01/2012;$872 113;FALSE;43,5;$3,157;223,24;5,8;A;155 078;2012;1
8;13/01/2012;$817 662;FALSE;36,5;$3,261;223,42;5,8;A;155 078;2012;1
8;20/01/2012;$813 955;FALSE;46,8;$3,268;223,52;5,8;A;155 078;2012;1
8;27/01/2012;$778 179;FALSE;45,5;$3,290;223,61;5,8;A;155 078;2012;1
8;03/02/2012;$927 611;FALSE;45,6;$3,360;223,71;5,8;A;155 078;2012;2
8;10/02/2012;$1 021 400;TRUE;35,7;$3,409;223,80;5,8;A;155 078;2012;2
8;17/02/2012;$1 096 233;FALSE;37,5;$3,510;223,97;5,8;A;155 078;2012;2
8;24/02/2012;$928 538;FALSE;46,3;$3,555;224,18;5,8;A;155 078;2012;2
8;02/03/2012;$952 265;FALSE;51,0;$3,630;224,40;5,8;A;155 078;2012;3
8;09/03/2012;$960 116;FALSE;49,6;$3,669;224,61;5,8;A;155 078;2012;3
8;16/03/2012;$921 178;FALSE;56,6;$3,734;224,77;5,8;A;155 078;2012;3
8;23/03/2012;$874 223;FALSE;52,9;$3,787;224,84;5,8;A;155 078;2012;3
8;30/03/2012;$905 935;FALSE;66,7;$3,845;224,91;5,8;A;155 078;2012;3
8;06/04/2012;$1 046 817;FALSE;62,2;$3,891;224,99;5,7;A;155 078;2012;4
8;13/04/2012;$909 989;FALSE;65,2;$3,891;225,06;5,7;A;155 078;2012;4
8;20/04/2012;$872 288;FALSE;63,6;$3,877;225,12;5,7;A;155 078;2012;4
8;27/04/2012;$879 448;FALSE;70,3;$3,814;225,17;5,7;A;155 078;2012;4
8;04/05/2012;$937 232;FALSE;74,0;$3,749;225,23;5,7;A;155 078;2012;5
8;11/05/2012;$920 129;FALSE;65,0;$3,688;225,28;5,7;A;155 078;2012;5
8;18/05/2012;$913 922;FALSE;64,2;$3,630;225,30;5,7;A;155 078;2012;5
8;25/05/2012;$895 157;FALSE;76,1;$3,561;225,30;5,7;A;155 078;2012;5
8;01/06/2012;$921 161;FALSE;78,3;$3,501;225,30;5,7;A;155 078;2012;6
8;08/06/2012;$928 820;FALSE;74,3;$3,452;225,30;5,7;A;155 078;2012;6
8;15/06/2012;$916 919;FALSE;77,1;$3,393;225,31;5,7;A;155 078;2012;6
8;22/06/2012;$899 450;FALSE;78,9;$3,346;225,36;5,7;A;155 078;2012;6
8;29/06/2012;$878 298;FALSE;84,5;$3,286;225,40;5,7;A;155 078;2012;6
8;06/07/2012;$936 206;FALSE;81,2;$3,227;225,44;5,4;A;155 078;2012;7
8;13/07/2012;$890 488;FALSE;78,5;$3,256;225,48;5,4;A;155 078;2012;7
8;20/07/2012;$888 834;FALSE;79,9;$3,311;225,49;5,4;A;155 078;2012;7
8;27/07/2012;$838 228;FALSE;81,7;$3,407;225,50;5,4;A;155 078;2012;7
8;03/08/2012;$897 077;FALSE;85,1;$3,417;225,51;5,4;A;155 078;2012;8
8;10/08/2012;$930 746;FALSE;83,7;$3,494;225,52;5,4;A;155 078;2012;8
8;17/08/2012;$896 613;FALSE;81,2;$3,571;225,61;5,4;A;155 078;2012;8
8;24/08/2012;$936 374;FALSE;73,8;$3,620;225,74;5,4;A;155 078;2012;8
8;31/08/2012;$976 138;FALSE;75,3;$3,638;225,88;5,4;A;155 078;2012;8
8;07/09/2012;$932 160;TRUE;80,9;$3,730;226,02;5,4;A;155 078;2012;9
8;14/09/2012;$883 569;FALSE;67,2;$3,717;226,16;5,4;A;155 078;2012;9
8;21/09/2012;$857 796;FALSE;67,0;$3,721;226,36;5,4;A;155 078;2012;9
8;28/09/2012;$884 724;FALSE;71,1;$3,666;226,57;5,4;A;155 078;2012;9
8;05/10/2012;$976 436;FALSE;61,4;$3,617;226,77;5,1;A;155 078;2012;10
8;12/10/2012;$927 512;FALSE;55,0;$3,601;226,97;5,1;A;155 078;2012;10
8;19/10/2012;$900 310;FALSE;63,0;$3,594;227,02;5,1;A;155 078;2012;10
8;26/10/2012;$891 671;FALSE;64,7;$3,506;227,04;5,1;A;155 078;2012;10
9;05/02/2010;$549 506;FALSE;38,0;$2,572;214,66;6,4;B;125 833;2010;2
9;12/02/2010;$552 677;TRUE;37,1;$2,548;214,81;6,4;B;125 833;2010;2
9;19/02/2010;$511 328;FALSE;43,1;$2,514;214,85;6,4;B;125 833;2010;2
9;26/02/2010;$473 773;FALSE;43,8;$2,561;214,88;6,4;B;125 833;2010;2
9;05/03/2010;$507 298;FALSE;48,4;$2,625;214,91;6,4;B;125 833;2010;3
9;12/03/2010;$494 146;FALSE;55,8;$2,667;214,93;6,4;B;125 833;2010;3
9;19/03/2010;$485 745;FALSE;53,2;$2,720;214,76;6,4;B;125 833;2010;3
9;26/03/2010;$484 947;FALSE;51,8;$2,732;214,55;6,4;B;125 833;2010;3
9;02/04/2010;$545 206;FALSE;65,2;$2,719;214,35;6,4;B;125 833;2010;4
9;09/04/2010;$529 384;FALSE;65,0;$2,770;214,14;6,4;B;125 833;2010;4
9;16/04/2010;$485 764;FALSE;66,1;$2,808;214,00;6,4;B;125 833;2010;4
9;23/04/2010;$488 684;FALSE;61,3;$2,795;213,95;6,4;B;125 833;2010;4
9;30/04/2010;$491 723;FALSE;66,1;$2,780;213,90;6,4;B;125 833;2010;4
9;07/05/2010;$526 129;FALSE;68,6;$2,835;213,85;6,4;B;125 833;2010;5
9;14/05/2010;$492 793;FALSE;70,5;$2,854;213,85;6,4;B;125 833;2010;5
9;21/05/2010;$506 275;FALSE;71,5;$2,826;214,14;6,4;B;125 833;2010;5
9;28/05/2010;$558 144;FALSE;77,1;$2,759;214,43;6,4;B;125 833;2010;5
9;04/06/2010;$586 061;FALSE;79,7;$2,705;214,73;6,4;B;125 833;2010;6
9;11/06/2010;$522 716;FALSE;83,8;$2,668;215,02;6,4;B;125 833;2010;6
9;18/06/2010;$513 074;FALSE;83,0;$2,637;215,02;6,4;B;125 833;2010;6
9;25/06/2010;$509 263;FALSE;85,0;$2,653;214,90;6,4;B;125 833;2010;6
9;02/07/2010;$528 833;FALSE;78,6;$2,669;214,78;6,4;B;125 833;2010;7
9;09/07/2010;$485 389;FALSE;78,5;$2,642;214,66;6,4;B;125 833;2010;7
9;16/07/2010;$474 031;FALSE;82,9;$2,623;214,65;6,4;B;125 833;2010;7
9;23/07/2010;$462 677;FALSE;84,5;$2,608;214,79;6,4;B;125 833;2010;7
9;30/07/2010;$468 675;FALSE;79,8;$2,640;214,93;6,4;B;125 833;2010;7
9;06/08/2010;$522 815;FALSE;87,1;$2,627;215,06;6,4;B;125 833;2010;8
9;13/08/2010;$481 898;FALSE;86,9;$2,692;215,20;6,4;B;125 833;2010;8
9;20/08/2010;$499 325;FALSE;86,3;$2,664;215,16;6,4;B;125 833;2010;8
9;27/08/2010;$506 790;FALSE;84,0;$2,619;215,12;6,4;B;125 833;2010;8
9;03/09/2010;$511 049;FALSE;82,5;$2,577;215,08;6,4;B;125 833;2010;9
9;10/09/2010;$484 835;TRUE;77,7;$2,565;215,04;6,4;B;125 833;2010;9
9;17/09/2010;$463 449;FALSE;81,2;$2,582;215,06;6,4;B;125 833;2010;9
9;24/09/2010;$452 905;FALSE;77,2;$2,624;215,14;6,4;B;125 833;2010;9
9;01/10/2010;$495 692;FALSE;69,1;$2,603;215,21;6,6;B;125 833;2010;10
9;08/10/2010;$505 069;FALSE;65,4;$2,633;215,29;6,6;B;125 833;2010;10
9;15/10/2010;$454 770;FALSE;67,4;$2,720;215,36;6,6;B;125 833;2010;10
9;22/10/2010;$466 323;FALSE;70,0;$2,725;215,41;6,6;B;125 833;2010;10
9;29/10/2010;$508 802;FALSE;64,4;$2,716;215,46;6,6;B;125 833;2010;10
9;05/11/2010;$517 870;FALSE;58,7;$2,689;215,51;6,6;B;125 833;2010;11
9;12/11/2010;$520 847;FALSE;61,6;$2,728;215,56;6,6;B;125 833;2010;11
9;19/11/2010;$519 823;FALSE;50,0;$2,771;215,44;6,6;B;125 833;2010;11
9;26/11/2010;$768 071;TRUE;60,2;$2,735;215,29;6,6;B;125 833;2010;11
9;03/12/2010;$578 165;FALSE;49,9;$2,708;215,14;6,6;B;125 833;2010;12
9;10/12/2010;$618 122;FALSE;46,1;$2,843;215,00;6,6;B;125 833;2010;12
9;17/12/2010;$685 243;FALSE;49,7;$2,869;214,93;6,6;B;125 833;2010;12
9;24/12/2010;$873 348;FALSE;50,9;$2,886;214,93;6,6;B;125 833;2010;12
9;31/12/2010;$459 771;TRUE;45,9;$2,943;214,93;6,6;B;125 833;2010;12
9;07/01/2011;$490 982;FALSE;41,8;$2,976;214,92;6,4;B;125 833;2011;1
9;14/01/2011;$458 087;FALSE;36,4;$2,983;214,97;6,4;B;125 833;2011;1
9;21/01/2011;$454 022;FALSE;44,7;$3,016;215,36;6,4;B;125 833;2011;1
9;28/01/2011;$463 561;FALSE;43,9;$3,010;215,74;6,4;B;125 833;2011;1
9;04/02/2011;$544 612;FALSE;31,8;$2,989;216,12;6,4;B;125 833;2011;2
9;11/02/2011;$555 279;TRUE;34,1;$3,022;216,50;6,4;B;125 833;2011;2
9;18/02/2011;$610 986;FALSE;58,5;$3,045;216,82;6,4;B;125 833;2011;2
9;25/02/2011;$513 107;FALSE;59,0;$3,065;217,11;6,4;B;125 833;2011;2
9;04/03/2011;$542 016;FALSE;60,7;$3,288;217,40;6,4;B;125 833;2011;3
9;11/03/2011;$517 784;FALSE;54,8;$3,459;217,70;6,4;B;125 833;2011;3
9;18/03/2011;$515 226;FALSE;63,8;$3,488;217,96;6,4;B;125 833;2011;3
9;25/03/2011;$497 488;FALSE;68,8;$3,473;218,20;6,4;B;125 833;2011;3
9;01/04/2011;$520 962;FALSE;56,1;$3,524;218,45;6,4;B;125 833;2011;4
9;08/04/2011;$561 626;FALSE;71,4;$3,622;218,69;6,4;B;125 833;2011;4
9;15/04/2011;$528 420;FALSE;71,9;$3,743;218,91;6,4;B;125 833;2011;4
9;22/04/2011;$549 502;FALSE;72,4;$3,807;219,09;6,4;B;125 833;2011;4
9;29/04/2011;$532 226;FALSE;70,9;$3,810;219,26;6,4;B;125 833;2011;4
9;06/05/2011;$545 251;FALSE;62,2;$3,906;219,43;6,4;B;125 833;2011;5
9;13/05/2011;$539 126;FALSE;77,7;$3,899;219,60;6,4;B;125 833;2011;5
9;20/05/2011;$518 267;FALSE;70,5;$3,907;219,36;6,4;B;125 833;2011;5
9;27/05/2011;$553 834;FALSE;80,4;$3,786;219,12;6,4;B;125 833;2011;5
9;03/06/2011;$587 004;FALSE;85,8;$3,699;218,88;6,4;B;125 833;2011;6
9;10/06/2011;$550 076;FALSE;85,8;$3,648;218,64;6,4;B;125 833;2011;6
9;17/06/2011;$558 671;FALSE;89,2;$3,637;218,59;6,4;B;125 833;2011;6
9;24/06/2011;$538 746;FALSE;86,7;$3,594;218,68;6,4;B;125 833;2011;6
9;01/07/2011;$537 064;FALSE;89,1;$3,524;218,78;6,4;B;125 833;2011;7
9;08/07/2011;$535 983;FALSE;89,0;$3,480;218,88;6,4;B;125 833;2011;7
9;15/07/2011;$512 834;FALSE;90,5;$3,575;218,96;6,4;B;125 833;2011;7
9;22/07/2011;$491 450;FALSE;89,1;$3,651;219,02;6,4;B;125 833;2011;7
9;29/07/2011;$471 450;FALSE;91,1;$3,682;219,08;6,4;B;125 833;2011;7
9;05/08/2011;$554 880;FALSE;91,5;$3,684;219,13;6,4;B;125 833;2011;8
9;12/08/2011;$520 285;FALSE;91,6;$3,638;219,19;6,4;B;125 833;2011;8
9;19/08/2011;$540 819;FALSE;85,8;$3,554;219,26;6,4;B;125 833;2011;8
9;26/08/2011;$542 664;FALSE;89,0;$3,523;219,32;6,4;B;125 833;2011;8
9;02/09/2011;$544 643;FALSE;89,3;$3,533;219,38;6,4;B;125 833;2011;9
9;09/09/2011;$528 785;TRUE;75,7;$3,546;219,45;6,4;B;125 833;2011;9
9;16/09/2011;$500 274;FALSE;78,0;$3,526;219,63;6,4;B;125 833;2011;9
9;23/09/2011;$506 744;FALSE;74,4;$3,467;219,97;6,4;B;125 833;2011;9
9;30/09/2011;$508 567;FALSE;78,5;$3,355;220,32;6,4;B;125 833;2011;9
9;07/10/2011;$553 837;FALSE;72,6;$3,285;220,66;6,1;B;125 833;2011;10
9;14/10/2011;$529 516;FALSE;67,3;$3,274;220,98;6,1;B;125 833;2011;10
9;21/10/2011;$557 075;FALSE;65,5;$3,353;221,15;6,1;B;125 833;2011;10
9;28/10/2011;$548 527;FALSE;64,0;$3,372;221,32;6,1;B;125 833;2011;10
9;04/11/2011;$597 855;FALSE;54,5;$3,332;221,48;6,1;B;125 833;2011;11
9;11/11/2011;$594 574;FALSE;58,3;$3,297;221,65;6,1;B;125 833;2011;11
9;18/11/2011;$542 414;FALSE;58,8;$3,308;221,88;6,1;B;125 833;2011;11
9;25/11/2011;$814 754;TRUE;54,3;$3,236;222,14;6,1;B;125 833;2011;11
9;02/12/2011;$613 115;FALSE;46,8;$3,172;222,40;6,1;B;125 833;2011;12
9;09/12/2011;$630 327;FALSE;37,7;$3,158;222,66;6,1;B;125 833;2011;12
9;16/12/2011;$705 558;FALSE;47,3;$3,159;222,88;6,1;B;125 833;2011;12
9;23/12/2011;$905 325;FALSE;44,4;$3,112;223,07;6,1;B;125 833;2011;12
9;30/12/2011;$549 788;TRUE;43,4;$3,129;223,25;6,1;B;125 833;2011;12
9;06/01/2012;$519 586;FALSE;47,5;$3,157;223,43;5,7;B;125 833;2012;1
9;13/01/2012;$474 965;FALSE;42,4;$3,261;223,62;5,7;B;125 833;2012;1
9;20/01/2012;$480 130;FALSE;51,6;$3,268;223,71;5,7;B;125 833;2012;1
9;27/01/2012;$482 451;FALSE;49,4;$3,290;223,81;5,7;B;125 833;2012;1
9;03/02/2012;$549 968;FALSE;54,4;$3,360;223,90;5,7;B;125 833;2012;2
9;10/02/2012;$609 736;TRUE;44,0;$3,409;224,00;5,7;B;125 833;2012;2
9;17/02/2012;$658 965;FALSE;43,8;$3,510;224,16;5,7;B;125 833;2012;2
9;24/02/2012;$563 579;FALSE;53,7;$3,555;224,37;5,7;B;125 833;2012;2
9;02/03/2012;$619 498;FALSE;57,2;$3,630;224,59;5,7;B;125 833;2012;3
9;09/03/2012;$574 956;FALSE;54,0;$3,669;224,80;5,7;B;125 833;2012;3
9;16/03/2012;$550 374;FALSE;59,9;$3,734;224,96;5,7;B;125 833;2012;3
9;23/03/2012;$550 791;FALSE;58,8;$3,787;225,03;5,7;B;125 833;2012;3
9;30/03/2012;$574 985;FALSE;67,9;$3,845;225,11;5,7;B;125 833;2012;3
9;06/04/2012;$677 886;FALSE;68,8;$3,891;225,18;5,5;B;125 833;2012;4
9;13/04/2012;$578 540;FALSE;69,2;$3,891;225,26;5,5;B;125 833;2012;4
9;20/04/2012;$542 819;FALSE;68,0;$3,877;225,31;5,5;B;125 833;2012;4
9;27/04/2012;$550 415;FALSE;73,1;$3,814;225,37;5,5;B;125 833;2012;4
9;04/05/2012;$586 289;FALSE;79,0;$3,749;225,42;5,5;B;125 833;2012;5
9;11/05/2012;$592 572;FALSE;70,9;$3,688;225,48;5,5;B;125 833;2012;5
9;18/05/2012;$571 464;FALSE;69,5;$3,630;225,49;5,5;B;125 833;2012;5
9;25/05/2012;$547 226;FALSE;79,7;$3,561;225,49;5,5;B;125 833;2012;5
9;01/06/2012;$583 649;FALSE;80,3;$3,501;225,49;5,5;B;125 833;2012;6
9;08/06/2012;$582 525;FALSE;78,9;$3,452;225,49;5,5;B;125 833;2012;6
9;15/06/2012;$564 606;FALSE;82,2;$3,393;225,51;5,5;B;125 833;2012;6
9;22/06/2012;$562 173;FALSE;81,1;$3,346;225,55;5,5;B;125 833;2012;6
9;29/06/2012;$544 771;FALSE;87,2;$3,286;225,59;5,5;B;125 833;2012;6
9;06/07/2012;$578 790;FALSE;84,2;$3,227;225,63;5,3;B;125 833;2012;7
9;13/07/2012;$536 538;FALSE;82,4;$3,256;225,68;5,3;B;125 833;2012;7
9;20/07/2012;$513 992;FALSE;83,4;$3,311;225,69;5,3;B;125 833;2012;7
9;27/07/2012;$495 951;FALSE;86,4;$3,407;225,70;5,3;B;125 833;2012;7
9;03/08/2012;$533 888;FALSE;90,2;$3,417;225,71;5,3;B;125 833;2012;8
9;10/08/2012;$538 713;FALSE;88,7;$3,494;225,72;5,3;B;125 833;2012;8
9;17/08/2012;$535 153;FALSE;86,4;$3,571;225,80;5,3;B;125 833;2012;8
9;24/08/2012;$572 888;FALSE;77,9;$3,620;225,94;5,3;B;125 833;2012;8
9;31/08/2012;$576 879;FALSE;80,7;$3,638;226,07;5,3;B;125 833;2012;8
9;07/09/2012;$565 812;TRUE;87,9;$3,730;226,21;5,3;B;125 833;2012;9
9;14/09/2012;$523 427;FALSE;73,6;$3,717;226,36;5,3;B;125 833;2012;9
9;21/09/2012;$533 757;FALSE;69,9;$3,721;226,56;5,3;B;125 833;2012;9
9;28/09/2012;$516 361;FALSE;76,8;$3,666;226,76;5,3;B;125 833;2012;9
9;05/10/2012;$606 755;FALSE;66,6;$3,617;226,97;5,0;B;125 833;2012;10
9;12/10/2012;$558 465;FALSE;60,1;$3,601;227,17;5,0;B;125 833;2012;10
9;19/10/2012;$542 009;FALSE;68,0;$3,594;227,21;5,0;B;125 833;2012;10
9;26/10/2012;$549 731;FALSE;69,5;$3,506;227,23;5,0;B;125 833;2012;10
10;05/02/2010;$2 193 049;FALSE;54,3;$2,962;126,44;9,8;B;126 512;2010;2
10;12/02/2010;$2 176 029;TRUE;50,0;$2,828;126,50;9,8;B;126 512;2010;2
10;19/02/2010;$2 113 433;FALSE;58,2;$2,915;126,53;9,8;B;126 512;2010;2
10;26/02/2010;$2 006 775;FALSE;52,8;$2,825;126,55;9,8;B;126 512;2010;2
10;05/03/2010;$1 987 090;FALSE;55,9;$2,877;126,58;9,8;B;126 512;2010;3
10;12/03/2010;$1 941 346;FALSE;52,3;$3,034;126,60;9,8;B;126 512;2010;3
10;19/03/2010;$1 946 875;FALSE;61,5;$3,054;126,61;9,8;B;126 512;2010;3
10;26/03/2010;$1 893 532;FALSE;60,1;$2,980;126,61;9,8;B;126 512;2010;3
10;02/04/2010;$2 138 652;FALSE;63,7;$3,086;126,60;9,5;B;126 512;2010;4
10;09/04/2010;$2 041 069;FALSE;65,3;$3,004;126,60;9,5;B;126 512;2010;4
10;16/04/2010;$1 826 241;FALSE;69,7;$3,109;126,56;9,5;B;126 512;2010;4
10;23/04/2010;$1 829 522;FALSE;66,4;$3,050;126,47;9,5;B;126 512;2010;4
10;30/04/2010;$1 790 695;FALSE;69,8;$3,105;126,38;9,5;B;126 512;2010;4
10;07/05/2010;$1 921 432;FALSE;71,1;$3,127;126,29;9,5;B;126 512;2010;5
10;14/05/2010;$1 808 056;FALSE;73,9;$3,145;126,21;9,5;B;126 512;2010;5
10;21/05/2010;$1 847 614;FALSE;78,3;$3,120;126,18;9,5;B;126 512;2010;5
10;28/05/2010;$1 904 618;FALSE;76,7;$3,058;126,16;9,5;B;126 512;2010;5
10;04/06/2010;$1 931 406;FALSE;82,8;$2,941;126,14;9,5;B;126 512;2010;6
10;11/06/2010;$1 827 522;FALSE;89,7;$3,057;126,11;9,5;B;126 512;2010;6
10;18/06/2010;$1 837 636;FALSE;83,5;$2,935;126,11;9,5;B;126 512;2010;6
10;25/06/2010;$1 768 172;FALSE;90,3;$3,084;126,13;9,5;B;126 512;2010;6
10;02/07/2010;$1 845 894;FALSE;92,9;$2,978;126,14;9,2;B;126 512;2010;7
10;09/07/2010;$1 769 793;FALSE;91,0;$3,100;126,15;9,2;B;126 512;2010;7
10;16/07/2010;$1 828 052;FALSE;91,8;$2,971;126,15;9,2;B;126 512;2010;7
10;23/07/2010;$1 831 676;FALSE;88,4;$3,112;126,13;9,2;B;126 512;2010;7
10;30/07/2010;$1 832 664;FALSE;85,0;$3,017;126,11;9,2;B;126 512;2010;7
10;06/08/2010;$1 949 236;FALSE;86,1;$3,123;126,09;9,2;B;126 512;2010;8
10;13/08/2010;$1 962 997;FALSE;88,4;$3,049;126,06;9,2;B;126 512;2010;8
10;20/08/2010;$1 983 191;FALSE;89,9;$3,041;126,08;9,2;B;126 512;2010;8
10;27/08/2010;$1 727 565;FALSE;85,0;$3,022;126,09;9,2;B;126 512;2010;8
10;03/09/2010;$1 766 331;FALSE;83,8;$3,087;126,10;9,2;B;126 512;2010;9
10;10/09/2010;$1 720 530;TRUE;84,0;$2,961;126,11;9,2;B;126 512;2010;9
10;17/09/2010;$1 716 756;FALSE;85,5;$3,028;126,15;9,2;B;126 512;2010;9
10;24/09/2010;$1 655 037;FALSE;85,8;$2,939;126,19;9,2;B;126 512;2010;9
10;01/10/2010;$1 645 893;FALSE;86,0;$3,001;126,23;9,0;B;126 512;2010;10
10;08/10/2010;$1 772 192;FALSE;77,0;$2,924;126,28;9,0;B;126 512;2010;10
10;15/10/2010;$1 703 850;FALSE;75,5;$3,080;126,33;9,0;B;126 512;2010;10
10;22/10/2010;$1 740 234;FALSE;68,1;$3,014;126,38;9,0;B;126 512;2010;10
10;29/10/2010;$1 741 309;FALSE;68,8;$3,130;126,44;9,0;B;126 512;2010;10
10;05/11/2010;$1 832 212;FALSE;71,0;$3,009;126,49;9,0;B;126 512;2010;11
10;12/11/2010;$1 895 902;FALSE;61,2;$3,130;126,55;9,0;B;126 512;2010;11
10;19/11/2010;$1 949 177;FALSE;58,8;$3,047;126,61;9,0;B;126 512;2010;11
10;26/11/2010;$2 939 946;TRUE;55,3;$3,162;126,67;9,0;B;126 512;2010;11
10;03/12/2010;$2 251 207;FALSE;51,2;$3,041;126,73;9,0;B;126 512;2010;12
10;10/12/2010;$2 411 790;FALSE;60,5;$3,091;126,79;9,0;B;126 512;2010;12
10;17/12/2010;$2 811 647;FALSE;59,2;$3,125;126,88;9,0;B;126 512;2010;12
10;24/12/2010;$3 749 058;FALSE;57,1;$3,236;126,98;9,0;B;126 512;2010;12
10;31/12/2010;$1 707 298;TRUE;49,7;$3,148;127,09;9,0;B;126 512;2010;12
10;07/01/2011;$1 714 310;FALSE;43,4;$3,287;127,19;8,7;B;126 512;2011;1
10;14/01/2011;$1 710 804;FALSE;50,0;$3,312;127,30;8,7;B;126 512;2011;1
10;21/01/2011;$1 677 556;FALSE;56,8;$3,336;127,44;8,7;B;126 512;2011;1
10;28/01/2011;$1 715 769;FALSE;53,0;$3,231;127,58;8,7;B;126 512;2011;1
10;04/02/2011;$1 968 046;FALSE;44,9;$3,348;127,72;8,7;B;126 512;2011;2
10;11/02/2011;$2 115 408;TRUE;51,5;$3,381;127,86;8,7;B;126 512;2011;2
10;18/02/2011;$2 106 935;FALSE;61,8;$3,430;128,00;8,7;B;126 512;2011;2
10;25/02/2011;$1 967 997;FALSE;53,6;$3,398;128,13;8,7;B;126 512;2011;2
10;04/03/2011;$1 958 003;FALSE;57,0;$3,674;128,26;8,7;B;126 512;2011;3
10;11/03/2011;$1 933 469;FALSE;64,2;$3,630;128,40;8,7;B;126 512;2011;3
10;18/03/2011;$1 884 734;FALSE;70,1;$3,892;128,51;8,7;B;126 512;2011;3
10;25/03/2011;$1 815 799;FALSE;62,5;$3,716;128,62;8,7;B;126 512;2011;3
10;01/04/2011;$1 827 733;FALSE;67,6;$3,772;128,72;8,5;B;126 512;2011;4
10;08/04/2011;$1 870 721;FALSE;73,0;$3,818;128,82;8,5;B;126 512;2011;4
10;15/04/2011;$1 781 767;FALSE;61,1;$4,089;128,91;8,5;B;126 512;2011;4
10;22/04/2011;$2 004 831;FALSE;75,9;$3,917;128,96;8,5;B;126 512;2011;4
10;29/04/2011;$1 873 646;FALSE;73,4;$4,151;129,00;8,5;B;126 512;2011;4
10;06/05/2011;$1 841 370;FALSE;73,6;$4,193;129,04;8,5;B;126 512;2011;5
10;13/05/2011;$1 712 995;FALSE;74,0;$4,202;129,09;8,5;B;126 512;2011;5
10;20/05/2011;$1 720 908;FALSE;72,6;$3,990;129,08;8,5;B;126 512;2011;5
10;27/05/2011;$1 743 000;FALSE;78,6;$3,933;129,06;8,5;B;126 512;2011;5
10;03/06/2011;$1 792 211;FALSE;81,9;$3,893;129,05;8,5;B;126 512;2011;6
10;10/06/2011;$1 740 063;FALSE;84,6;$3,981;129,04;8,5;B;126 512;2011;6
10;17/06/2011;$1 817 935;FALSE;88,0;$3,935;129,04;8,5;B;126 512;2011;6
10;24/06/2011;$1 711 813;FALSE;90,7;$3,807;129,07;8,5;B;126 512;2011;6
10;01/07/2011;$1 751 370;FALSE;95,4;$3,842;129,09;8,3;B;126 512;2011;7
10;08/07/2011;$1 699 708;FALSE;88,6;$3,793;129,11;8,3;B;126 512;2011;7
10;15/07/2011;$1 775 068;FALSE;86,0;$3,779;129,13;8,3;B;126 512;2011;7
10;22/07/2011;$1 774 343;FALSE;88,6;$3,697;129,15;8,3;B;126 512;2011;7
10;29/07/2011;$1 745 841;FALSE;86,8;$3,694;129,17;8,3;B;126 512;2011;7
10;05/08/2011;$1 886 300;FALSE;89,8;$3,803;129,18;8,3;B;126 512;2011;8
10;12/08/2011;$1 917 398;FALSE;85,6;$3,794;129,20;8,3;B;126 512;2011;8
10;19/08/2011;$1 954 850;FALSE;87,4;$3,743;129,24;8,3;B;126 512;2011;8
10;26/08/2011;$1 728 399;FALSE;91,6;$3,663;129,28;8,3;B;126 512;2011;8
10;02/09/2011;$1 758 587;FALSE;91,6;$3,798;129,33;8,3;B;126 512;2011;9
10;09/09/2011;$1 670 580;TRUE;89,1;$3,771;129,37;8,3;B;126 512;2011;9
10;16/09/2011;$1 650 894;FALSE;77,5;$3,784;129,43;8,3;B;126 512;2011;9
10;23/09/2011;$1 685 911;FALSE;82,5;$3,789;129,52;8,3;B;126 512;2011;9
10;30/09/2011;$1 627 707;FALSE;82,3;$3,877;129,61;8,3;B;126 512;2011;9
10;07/10/2011;$1 788 228;FALSE;75,0;$3,827;129,69;7,9;B;126 512;2011;10
10;14/10/2011;$1 704 753;FALSE;70,3;$3,698;129,77;7,9;B;126 512;2011;10
10;21/10/2011;$1 745 929;FALSE;77,9;$3,842;129,78;7,9;B;126 512;2011;10
10;28/10/2011;$1 771 793;FALSE;72,8;$3,843;129,79;7,9;B;126 512;2011;10
10;04/11/2011;$1 904 439;FALSE;68,6;$3,828;129,81;7,9;B;126 512;2011;11
10;11/11/2011;$2 076 571;FALSE;55,3;$3,677;129,82;7,9;B;126 512;2011;11
10;18/11/2011;$1 869 088;FALSE;59,0;$3,669;129,83;7,9;B;126 512;2011;11
10;25/11/2011;$2 950 199;TRUE;60,7;$3,760;129,84;7,9;B;126 512;2011;11
10;02/12/2011;$2 068 097;FALSE;57,3;$3,701;129,85;7,9;B;126 512;2011;12
10;09/12/2011;$2 429 311;FALSE;42,6;$3,644;129,86;7,9;B;126 512;2011;12
10;16/12/2011;$2 555 031;FALSE;50,5;$3,489;129,90;7,9;B;126 512;2011;12
10;23/12/2011;$3 487 987;FALSE;48,4;$3,541;129,98;7,9;B;126 512;2011;12
10;30/12/2011;$1 930 690;TRUE;48,9;$3,428;130,07;7,9;B;126 512;2011;12
10;06/01/2012;$1 683 402;FALSE;59,9;$3,443;130,16;7,5;B;126 512;2012;1
10;13/01/2012;$1 711 563;FALSE;51,0;$3,477;130,24;7,5;B;126 512;2012;1
10;20/01/2012;$1 675 563;FALSE;54,5;$3,660;130,28;7,5;B;126 512;2012;1
10;27/01/2012;$1 632 406;FALSE;53,6;$3,675;130,31;7,5;B;126 512;2012;1
10;03/02/2012;$1 867 403;FALSE;56,9;$3,543;130,35;7,5;B;126 512;2012;2
10;10/02/2012;$2 218 596;TRUE;55,7;$3,722;130,38;7,5;B;126 512;2012;2
10;17/02/2012;$2 168 710;FALSE;54,1;$3,781;130,45;7,5;B;126 512;2012;2
10;24/02/2012;$2 039 416;FALSE;56,0;$3,950;130,55;7,5;B;126 512;2012;2
10;02/03/2012;$1 990 371;FALSE;57,6;$3,882;130,65;7,5;B;126 512;2012;3
10;09/03/2012;$1 917 483;FALSE;57,7;$3,963;130,74;7,5;B;126 512;2012;3
10;16/03/2012;$1 930 815;FALSE;62,1;$4,273;130,83;7,5;B;126 512;2012;3
10;23/03/2012;$1 837 458;FALSE;56,5;$4,288;130,90;7,5;B;126 512;2012;3
10;30/03/2012;$1 815 760;FALSE;67,9;$4,294;130,97;7,5;B;126 512;2012;3
10;06/04/2012;$2 163 384;FALSE;66,0;$4,282;131,04;7,4;B;126 512;2012;4
10;13/04/2012;$1 974 688;FALSE;70,3;$4,254;131,11;7,4;B;126 512;2012;4
10;20/04/2012;$1 777 167;FALSE;67,8;$4,111;131,12;7,4;B;126 512;2012;4
10;27/04/2012;$1 712 988;FALSE;80,1;$4,088;131,13;7,4;B;126 512;2012;4
10;04/05/2012;$1 821 364;FALSE;77,0;$4,058;131,14;7,4;B;126 512;2012;5
10;11/05/2012;$1 792 345;FALSE;76,0;$4,186;131,15;7,4;B;126 512;2012;5
10;18/05/2012;$1 795 153;FALSE;85,2;$4,308;131,10;7,4;B;126 512;2012;5
10;25/05/2012;$1 830 939;FALSE;86,0;$4,127;131,03;7,4;B;126 512;2012;5
10;01/06/2012;$1 767 471;FALSE;80,1;$4,277;130,96;7,4;B;126 512;2012;6
10;08/06/2012;$1 840 491;FALSE;86,9;$4,103;130,89;7,4;B;126 512;2012;6
10;15/06/2012;$1 811 563;FALSE;88,6;$4,144;130,83;7,4;B;126 512;2012;6
10;22/06/2012;$1 755 334;FALSE;89,9;$4,014;130,79;7,4;B;126 512;2012;6
10;29/06/2012;$1 707 482;FALSE;91,4;$3,875;130,76;7,4;B;126 512;2012;6
10;06/07/2012;$1 806 000;FALSE;86,9;$3,666;130,72;7,2;B;126 512;2012;7
10;13/07/2012;$1 765 572;FALSE;89,8;$3,723;130,68;7,2;B;126 512;2012;7
10;20/07/2012;$1 869 967;FALSE;84,5;$3,589;130,70;7,2;B;126 512;2012;7
10;27/07/2012;$1 817 604;FALSE;84,0;$3,769;130,72;7,2;B;126 512;2012;7
10;03/08/2012;$1 939 440;FALSE;84,8;$3,595;130,74;7,2;B;126 512;2012;8
10;10/08/2012;$1 880 437;FALSE;90,8;$3,811;130,76;7,2;B;126 512;2012;8
10;17/08/2012;$1 827 797;FALSE;88,8;$4,002;130,79;7,2;B;126 512;2012;8
10;24/08/2012;$1 764 984;FALSE;82,5;$4,055;130,84;7,2;B;126 512;2012;8
10;31/08/2012;$1 650 286;FALSE;87,0;$3,886;130,89;7,2;B;126 512;2012;8
10;07/09/2012;$1 708 283;TRUE;83,1;$4,124;130,93;7,2;B;126 512;2012;9
10;14/09/2012;$1 640 169;FALSE;78,5;$3,966;130,98;7,2;B;126 512;2012;9
10;21/09/2012;$1 671 858;FALSE;81,9;$4,125;131,01;7,2;B;126 512;2012;9
10;28/09/2012;$1 694 862;FALSE;82,5;$3,966;131,04;7,2;B;126 512;2012;9
10;05/10/2012;$1 758 971;FALSE;80,9;$4,132;131,08;6,9;B;126 512;2012;10
10;12/10/2012;$1 713 889;FALSE;76,0;$4,468;131,11;6,9;B;126 512;2012;10
10;19/10/2012;$1 734 835;FALSE;72,7;$4,449;131,15;6,9;B;126 512;2012;10
10;26/10/2012;$1 744 349;FALSE;70,5;$4,301;131,19;6,9;B;126 512;2012;10
11;05/02/2010;$1 528 009;FALSE;46,0;$2,572;214,42;7,4;A;207 499;2010;2
11;12/02/2010;$1 574 684;TRUE;48,0;$2,548;214,57;7,4;A;207 499;2010;2
11;19/02/2010;$1 503 299;FALSE;48,3;$2,514;214,62;7,4;A;207 499;2010;2
11;26/02/2010;$1 336 405;FALSE;52,8;$2,561;214,65;7,4;A;207 499;2010;2
11;05/03/2010;$1 426 623;FALSE;54,0;$2,625;214,68;7,4;A;207 499;2010;3
11;12/03/2010;$1 331 883;FALSE;64,1;$2,667;214,70;7,4;A;207 499;2010;3
11;19/03/2010;$1 364 207;FALSE;61,5;$2,720;214,53;7,4;A;207 499;2010;3
11;26/03/2010;$1 245 624;FALSE;58,1;$2,732;214,32;7,4;A;207 499;2010;3
11;02/04/2010;$1 446 210;FALSE;66,2;$2,719;214,12;7,3;A;207 499;2010;4
11;09/04/2010;$1 470 308;FALSE;69,6;$2,770;213,91;7,3;A;207 499;2010;4
11;16/04/2010;$1 323 243;FALSE;67,8;$2,808;213,77;7,3;A;207 499;2010;4
11;23/04/2010;$1 283 767;FALSE;68,4;$2,795;213,72;7,3;A;207 499;2010;4
11;30/04/2010;$1 239 767;FALSE;71,1;$2,780;213,67;7,3;A;207 499;2010;4
11;07/05/2010;$1 312 330;FALSE;75,6;$2,835;213,62;7,3;A;207 499;2010;5
11;14/05/2010;$1 266 796;FALSE;77,6;$2,854;213,62;7,3;A;207 499;2010;5
11;21/05/2010;$1 271 647;FALSE;77,0;$2,826;213,91;7,3;A;207 499;2010;5
11;28/05/2010;$1 264 273;FALSE;79,7;$2,759;214,20;7,3;A;207 499;2010;5
11;04/06/2010;$1 396 322;FALSE;79,7;$2,705;214,50;7,3;A;207 499;2010;6
11;11/06/2010;$1 339 571;FALSE;82,8;$2,668;214,79;7,3;A;207 499;2010;6
11;18/06/2010;$1 336 523;FALSE;84,1;$2,637;214,79;7,3;A;207 499;2010;6
11;25/06/2010;$1 262 025;FALSE;84,5;$2,653;214,67;7,3;A;207 499;2010;6
11;02/07/2010;$1 302 600;FALSE;83,1;$2,669;214,55;7,3;A;207 499;2010;7
11;09/07/2010;$1 280 156;FALSE;83,0;$2,642;214,43;7,3;A;207 499;2010;7
11;16/07/2010;$1 290 610;FALSE;84,9;$2,623;214,42;7,3;A;207 499;2010;7
11;23/07/2010;$1 244 390;FALSE;84,6;$2,608;214,56;7,3;A;207 499;2010;7
11;30/07/2010;$1 250 179;FALSE;83,3;$2,640;214,70;7,3;A;207 499;2010;7
11;06/08/2010;$1 369 635;FALSE;86,5;$2,627;214,83;7,3;A;207 499;2010;8
11;13/08/2010;$1 384 339;FALSE;87,7;$2,692;214,97;7,3;A;207 499;2010;8
11;20/08/2010;$1 430 192;FALSE;88,9;$2,664;214,93;7,3;A;207 499;2010;8
11;27/08/2010;$1 311 263;FALSE;87,7;$2,619;214,89;7,3;A;207 499;2010;8
11;03/09/2010;$1 303 914;FALSE;84,9;$2,577;214,85;7,3;A;207 499;2010;9
11;10/09/2010;$1 231 428;TRUE;81,9;$2,565;214,81;7,3;A;207 499;2010;9
11;17/09/2010;$1 215 676;FALSE;83,0;$2,582;214,83;7,3;A;207 499;2010;9
11;24/09/2010;$1 170 103;FALSE;77,4;$2,624;214,91;7,3;A;207 499;2010;9
11;01/10/2010;$1 182 490;FALSE;75,1;$2,603;214,98;7,6;A;207 499;2010;10
11;08/10/2010;$1 293 473;FALSE;68,7;$2,633;215,06;7,6;A;207 499;2010;10
11;15/10/2010;$1 175 004;FALSE;71,5;$2,720;215,13;7,6;A;207 499;2010;10
11;22/10/2010;$1 169 831;FALSE;72,6;$2,725;215,18;7,6;A;207 499;2010;10
11;29/10/2010;$1 195 036;FALSE;74,2;$2,716;215,23;7,6;A;207 499;2010;10
11;05/11/2010;$1 332 759;FALSE;64,4;$2,689;215,28;7,6;A;207 499;2010;11
11;12/11/2010;$1 281 676;FALSE;63,7;$2,728;215,33;7,6;A;207 499;2010;11
11;19/11/2010;$1 292 347;FALSE;58,6;$2,771;215,21;7,6;A;207 499;2010;11
11;26/11/2010;$1 757 243;TRUE;69,9;$2,735;215,06;7,6;A;207 499;2010;11
11;03/12/2010;$1 380 523;FALSE;55,9;$2,708;214,92;7,6;A;207 499;2010;12
11;10/12/2010;$1 564 516;FALSE;53,3;$2,843;214,77;7,6;A;207 499;2010;12
11;17/12/2010;$1 843 971;FALSE;54,6;$2,869;214,70;7,6;A;207 499;2010;12
11;24/12/2010;$2 306 265;FALSE;59,3;$2,886;214,70;7,6;A;207 499;2010;12
11;31/12/2010;$1 172 003;TRUE;55,0;$2,943;214,70;7,6;A;207 499;2010;12
11;07/01/2011;$1 178 905;FALSE;54,4;$2,976;214,70;7,6;A;207 499;2011;1
11;14/01/2011;$1 194 450;FALSE;45,3;$2,983;214,75;7,6;A;207 499;2011;1
11;21/01/2011;$1 187 776;FALSE;51,5;$3,016;215,13;7,6;A;207 499;2011;1
11;28/01/2011;$1 100 419;FALSE;51,0;$3,010;215,51;7,6;A;207 499;2011;1
11;04/02/2011;$1 422 546;FALSE;47,2;$2,989;215,89;7,6;A;207 499;2011;2
11;11/02/2011;$1 419 237;TRUE;44,6;$3,022;216,27;7,6;A;207 499;2011;2
11;18/02/2011;$1 554 747;FALSE;61,5;$3,045;216,58;7,6;A;207 499;2011;2
11;25/02/2011;$1 323 999;FALSE;68,7;$3,065;216,88;7,6;A;207 499;2011;2
11;04/03/2011;$1 399 457;FALSE;66,5;$3,288;217,17;7,6;A;207 499;2011;3
11;11/03/2011;$1 314 557;FALSE;63,3;$3,459;217,47;7,6;A;207 499;2011;3
11;18/03/2011;$1 391 814;FALSE;70,2;$3,488;217,72;7,6;A;207 499;2011;3
11;25/03/2011;$1 229 777;FALSE;73,7;$3,473;217,97;7,6;A;207 499;2011;3
11;01/04/2011;$1 258 674;FALSE;69,1;$3,524;218,21;7,6;A;207 499;2011;4
11;08/04/2011;$1 327 401;FALSE;73,6;$3,622;218,46;7,6;A;207 499;2011;4
11;15/04/2011;$1 312 906;FALSE;76,6;$3,743;218,68;7,6;A;207 499;2011;4
11;22/04/2011;$1 388 119;FALSE;78,3;$3,807;218,85;7,6;A;207 499;2011;4
11;29/04/2011;$1 357 590;FALSE;80,0;$3,810;219,02;7,6;A;207 499;2011;4
11;06/05/2011;$1 331 453;FALSE;71,4;$3,906;219,20;7,6;A;207 499;2011;5
11;13/05/2011;$1 277 959;FALSE;80,9;$3,899;219,37;7,6;A;207 499;2011;5
11;20/05/2011;$1 239 467;FALSE;77,0;$3,907;219,13;7,6;A;207 499;2011;5
11;27/05/2011;$1 216 877;FALSE;85,6;$3,786;218,89;7,6;A;207 499;2011;5
11;03/06/2011;$1 343 637;FALSE;86,1;$3,699;218,64;7,6;A;207 499;2011;6
11;10/06/2011;$1 314 627;FALSE;85,8;$3,648;218,40;7,6;A;207 499;2011;6
11;17/06/2011;$1 337 507;FALSE;87,9;$3,637;218,36;7,6;A;207 499;2011;6
11;24/06/2011;$1 254 588;FALSE;86,1;$3,594;218,45;7,6;A;207 499;2011;6
11;01/07/2011;$1 297 472;FALSE;86,4;$3,524;218,55;7,6;A;207 499;2011;7
11;08/07/2011;$1 334 628;FALSE;87,2;$3,480;218,64;7,6;A;207 499;2011;7
11;15/07/2011;$1 266 547;FALSE;88,3;$3,575;218,73;7,6;A;207 499;2011;7
11;22/07/2011;$1 290 576;FALSE;87,8;$3,651;218,79;7,6;A;207 499;2011;7
11;29/07/2011;$1 212 939;FALSE;89,5;$3,682;218,84;7,6;A;207 499;2011;7
11;05/08/2011;$1 403 199;FALSE;90,0;$3,684;218,90;7,6;A;207 499;2011;8
11;12/08/2011;$1 354 188;FALSE;90,3;$3,638;218,96;7,6;A;207 499;2011;8
11;19/08/2011;$1 484 170;FALSE;89,5;$3,554;219,02;7,6;A;207 499;2011;8
11;26/08/2011;$1 304 707;FALSE;89,1;$3,523;219,09;7,6;A;207 499;2011;8
11;02/09/2011;$1 297 792;FALSE;91,4;$3,533;219,15;7,6;A;207 499;2011;9
11;09/09/2011;$1 249 440;TRUE;84,9;$3,546;219,21;7,6;A;207 499;2011;9
11;16/09/2011;$1 270 816;FALSE;85,1;$3,526;219,40;7,6;A;207 499;2011;9
11;23/09/2011;$1 235 775;FALSE;82,1;$3,467;219,74;7,6;A;207 499;2011;9
11;30/09/2011;$1 190 516;FALSE;84,4;$3,355;220,09;7,6;A;207 499;2011;9
11;07/10/2011;$1 346 271;FALSE;77,0;$3,285;220,43;7,2;A;207 499;2011;10
11;14/10/2011;$1 286 389;FALSE;75,6;$3,274;220,75;7,2;A;207 499;2011;10
11;21/10/2011;$1 325 108;FALSE;70,9;$3,353;220,91;7,2;A;207 499;2011;10
11;28/10/2011;$1 310 684;FALSE;72,7;$3,372;221,08;7,2;A;207 499;2011;10
11;04/11/2011;$1 458 287;FALSE;61,1;$3,332;221,25;7,2;A;207 499;2011;11
11;11/11/2011;$1 366 054;FALSE;64,2;$3,297;221,41;7,2;A;207 499;2011;11
11;18/11/2011;$1 315 092;FALSE;66,2;$3,308;221,64;7,2;A;207 499;2011;11
11;25/11/2011;$1 848 953;TRUE;70,0;$3,236;221,90;7,2;A;207 499;2011;11
11;02/12/2011;$1 399 322;FALSE;56,9;$3,172;222,16;7,2;A;207 499;2011;12
11;09/12/2011;$1 646 656;FALSE;50,6;$3,158;222,42;7,2;A;207 499;2011;12
11;16/12/2011;$1 783 910;FALSE;59,7;$3,159;222,64;7,2;A;207 499;2011;12
11;23/12/2011;$2 213 519;FALSE;54,3;$3,112;222,83;7,2;A;207 499;2011;12
11;30/12/2011;$1 352 084;TRUE;48,9;$3,129;223,01;7,2;A;207 499;2011;12
11;06/01/2012;$1 283 886;FALSE;54,4;$3,157;223,19;6,8;A;207 499;2012;1
11;13/01/2012;$1 264 737;FALSE;53,1;$3,261;223,38;6,8;A;207 499;2012;1
11;20/01/2012;$1 207 303;FALSE;56,4;$3,268;223,47;6,8;A;207 499;2012;1
11;27/01/2012;$1 162 676;FALSE;58,4;$3,290;223,56;6,8;A;207 499;2012;1
11;03/02/2012;$1 376 732;FALSE;60,2;$3,360;223,66;6,8;A;207 499;2012;2
11;10/02/2012;$1 574 288;TRUE;52,2;$3,409;223,75;6,8;A;207 499;2012;2
11;17/02/2012;$1 569 608;FALSE;52,8;$3,510;223,92;6,8;A;207 499;2012;2
11;24/02/2012;$1 379 473;FALSE;61,1;$3,555;224,13;6,8;A;207 499;2012;2
11;02/03/2012;$1 438 383;FALSE;62,6;$3,630;224,35;6,8;A;207 499;2012;3
11;09/03/2012;$1 413 383;FALSE;61,4;$3,669;224,56;6,8;A;207 499;2012;3
11;16/03/2012;$1 441 884;FALSE;64,2;$3,734;224,72;6,8;A;207 499;2012;3
11;23/03/2012;$1 300 594;FALSE;67,2;$3,787;224,79;6,8;A;207 499;2012;3
11;30/03/2012;$1 300 104;FALSE;70,2;$3,845;224,87;6,8;A;207 499;2012;3
11;06/04/2012;$1 596 325;FALSE;74,2;$3,891;224,94;6,7;A;207 499;2012;4
11;13/04/2012;$1 472 752;FALSE;72,7;$3,891;225,01;6,7;A;207 499;2012;4
11;20/04/2012;$1 315 357;FALSE;72,0;$3,877;225,07;6,7;A;207 499;2012;4
11;27/04/2012;$1 236 238;FALSE;73,4;$3,814;225,12;6,7;A;207 499;2012;4
11;04/05/2012;$1 370 251;FALSE;79,1;$3,749;225,18;6,7;A;207 499;2012;5
11;11/05/2012;$1 300 147;FALSE;75,1;$3,688;225,24;6,7;A;207 499;2012;5
11;18/05/2012;$1 352 442;FALSE;72,5;$3,630;225,25;6,7;A;207 499;2012;5
11;25/05/2012;$1 297 336;FALSE;78,4;$3,561;225,25;6,7;A;207 499;2012;5
11;01/06/2012;$1 361 595;FALSE;81,7;$3,501;225,25;6,7;A;207 499;2012;6
11;08/06/2012;$1 414 344;FALSE;82,1;$3,452;225,25;6,7;A;207 499;2012;6
11;15/06/2012;$1 417 875;FALSE;85,0;$3,393;225,26;6,7;A;207 499;2012;6
11;22/06/2012;$1 355 680;FALSE;83,3;$3,346;225,31;6,7;A;207 499;2012;6
11;29/06/2012;$1 297 029;FALSE;87,9;$3,286;225,35;6,7;A;207 499;2012;6
11;06/07/2012;$1 461 130;FALSE;83,4;$3,227;225,39;6,3;A;207 499;2012;7
11;13/07/2012;$1 320 240;FALSE;82,5;$3,256;225,43;6,3;A;207 499;2012;7
11;20/07/2012;$1 344 484;FALSE;82,4;$3,311;225,44;6,3;A;207 499;2012;7
11;27/07/2012;$1 272 395;FALSE;85,4;$3,407;225,45;6,3;A;207 499;2012;7
11;03/08/2012;$1 399 341;FALSE;86,9;$3,417;225,46;6,3;A;207 499;2012;8
11;10/08/2012;$1 388 974;FALSE;86,2;$3,494;225,47;6,3;A;207 499;2012;8
11;17/08/2012;$1 421 307;FALSE;87,7;$3,571;225,56;6,3;A;207 499;2012;8
11;24/08/2012;$1 409 516;FALSE;83,2;$3,620;225,69;6,3;A;207 499;2012;8
11;31/08/2012;$1 372 872;FALSE;86,5;$3,638;225,83;6,3;A;207 499;2012;8
11;07/09/2012;$1 304 584;TRUE;85,2;$3,730;225,97;6,3;A;207 499;2012;9
11;14/09/2012;$1 267 675;FALSE;79,6;$3,717;226,11;6,3;A;207 499;2012;9
11;21/09/2012;$1 326 133;FALSE;73,6;$3,721;226,32;6,3;A;207 499;2012;9
11;28/09/2012;$1 227 431;FALSE;77,7;$3,666;226,52;6,3;A;207 499;2012;9
11;05/10/2012;$1 422 794;FALSE;73,4;$3,617;226,72;6,0;A;207 499;2012;10
11;12/10/2012;$1 311 965;FALSE;69,9;$3,601;226,92;6,0;A;207 499;2012;10
11;19/10/2012;$1 232 073;FALSE;73,8;$3,594;226,97;6,0;A;207 499;2012;10
11;26/10/2012;$1 200 729;FALSE;74,3;$3,506;226,99;6,0;A;207 499;2012;10
12;05/02/2010;$1 100 046;FALSE;49,5;$2,962;126,44;14,0;B;112 238;2010;2
12;12/02/2010;$1 117 863;TRUE;47,9;$2,946;126,50;14,0;B;112 238;2010;2
12;19/02/2010;$1 095 422;FALSE;54,8;$2,915;126,53;14,0;B;112 238;2010;2
12;26/02/2010;$1 048 617;FALSE;50,2;$2,825;126,55;14,0;B;112 238;2010;2
12;05/03/2010;$1 077 018;FALSE;53,8;$2,987;126,58;14,0;B;112 238;2010;3
12;12/03/2010;$985 594;FALSE;50,1;$2,925;126,60;14,0;B;112 238;2010;3
12;19/03/2010;$972 088;FALSE;59,6;$3,054;126,61;14,0;B;112 238;2010;3
12;26/03/2010;$981 616;FALSE;60,1;$3,083;126,61;14,0;B;112 238;2010;3
12;02/04/2010;$1 011 822;FALSE;59,8;$3,086;126,60;14,1;B;112 238;2010;4
12;09/04/2010;$1 041 239;FALSE;59,3;$3,090;126,60;14,1;B;112 238;2010;4
12;16/04/2010;$957 998;FALSE;65,0;$3,109;126,56;14,1;B;112 238;2010;4
12;23/04/2010;$993 833;FALSE;64,6;$3,050;126,47;14,1;B;112 238;2010;4
12;30/04/2010;$954 220;FALSE;67,4;$3,105;126,38;14,1;B;112 238;2010;4
12;07/05/2010;$1 043 240;FALSE;70,2;$3,127;126,29;14,1;B;112 238;2010;5
12;14/05/2010;$966 055;FALSE;68,4;$3,145;126,21;14,1;B;112 238;2010;5
12;21/05/2010;$958 375;FALSE;76,2;$3,120;126,18;14,1;B;112 238;2010;5
12;28/05/2010;$955 451;FALSE;67,8;$3,058;126,16;14,1;B;112 238;2010;5
12;04/06/2010;$1 049 357;FALSE;81,4;$2,941;126,14;14,1;B;112 238;2010;6
12;11/06/2010;$1 016 040;FALSE;90,8;$2,949;126,11;14,1;B;112 238;2010;6
12;18/06/2010;$956 211;FALSE;81,1;$3,043;126,11;14,1;B;112 238;2010;6
12;25/06/2010;$958 008;FALSE;87,3;$3,084;126,13;14,1;B;112 238;2010;6
12;02/07/2010;$951 957;FALSE;92,0;$3,105;126,14;14,2;B;112 238;2010;7
12;09/07/2010;$943 506;FALSE;90,4;$3,100;126,15;14,2;B;112 238;2010;7
12;16/07/2010;$916 403;FALSE;97,2;$3,094;126,15;14,2;B;112 238;2010;7
12;23/07/2010;$912 404;FALSE;99,2;$3,112;126,13;14,2;B;112 238;2010;7
12;30/07/2010;$913 548;FALSE;96,3;$3,017;126,11;14,2;B;112 238;2010;7
12;06/08/2010;$967 577;FALSE;93,0;$3,123;126,09;14,2;B;112 238;2010;8
12;13/08/2010;$928 264;FALSE;87,0;$3,159;126,06;14,2;B;112 238;2010;8
12;20/08/2010;$948 447;FALSE;92,8;$3,041;126,08;14,2;B;112 238;2010;8
12;27/08/2010;$1 004 516;FALSE;93,2;$3,129;126,09;14,2;B;112 238;2010;8
12;03/09/2010;$1 075 759;FALSE;83,1;$3,087;126,10;14,2;B;112 238;2010;9
12;10/09/2010;$903 119;TRUE;83,6;$3,044;126,11;14,2;B;112 238;2010;9
12;17/09/2010;$852 883;FALSE;82,5;$3,028;126,15;14,2;B;112 238;2010;9
12;24/09/2010;$851 919;FALSE;81,8;$2,939;126,19;14,2;B;112 238;2010;9
12;01/10/2010;$850 936;FALSE;85,2;$3,001;126,23;14,3;B;112 238;2010;10
12;08/10/2010;$918 336;FALSE;71,8;$3,013;126,28;14,3;B;112 238;2010;10
12;15/10/2010;$862 420;FALSE;75,0;$2,976;126,33;14,3;B;112 238;2010;10
12;22/10/2010;$857 883;FALSE;68,9;$3,014;126,38;14,3;B;112 238;2010;10
12;29/10/2010;$955 295;FALSE;61,1;$3,016;126,44;14,3;B;112 238;2010;10
12;05/11/2010;$929 691;FALSE;65,5;$3,129;126,49;14,3;B;112 238;2010;11
12;12/11/2010;$942 475;FALSE;57,8;$3,130;126,55;14,3;B;112 238;2010;11
12;19/11/2010;$894 494;FALSE;58,2;$3,161;126,61;14,3;B;112 238;2010;11
12;26/11/2010;$1 601 377;TRUE;47,7;$3,162;126,67;14,3;B;112 238;2010;11
12;03/12/2010;$1 069 533;FALSE;43,3;$3,041;126,73;14,3;B;112 238;2010;12
12;10/12/2010;$1 121 934;FALSE;50,0;$3,203;126,79;14,3;B;112 238;2010;12
12;17/12/2010;$1 295 605;FALSE;52,8;$3,236;126,88;14,3;B;112 238;2010;12
12;24/12/2010;$1 768 250;FALSE;52,0;$3,236;126,98;14,3;B;112 238;2010;12
12;31/12/2010;$891 737;TRUE;45,6;$3,148;127,09;14,3;B;112 238;2010;12
12;07/01/2011;$910 110;FALSE;37,6;$3,287;127,19;14,0;B;112 238;2011;1
12;14/01/2011;$812 012;FALSE;43,2;$3,312;127,30;14,0;B;112 238;2011;1
12;21/01/2011;$802 106;FALSE;53,5;$3,223;127,44;14,0;B;112 238;2011;1
12;28/01/2011;$873 119;FALSE;50,7;$3,342;127,58;14,0;B;112 238;2011;1
12;04/02/2011;$1 046 068;FALSE;45,1;$3,348;127,72;14,0;B;112 238;2011;2
12;11/02/2011;$1 086 422;TRUE;51,3;$3,381;127,86;14,0;B;112 238;2011;2
12;18/02/2011;$1 128 485;FALSE;53,4;$3,430;128,00;14,0;B;112 238;2011;2
12;25/02/2011;$1 046 204;FALSE;48,5;$3,530;128,13;14,0;B;112 238;2011;2
12;04/03/2011;$1 085 248;FALSE;51,7;$3,674;128,26;14,0;B;112 238;2011;3
12;11/03/2011;$997 673;FALSE;57,8;$3,818;128,40;14,0;B;112 238;2011;3
12;18/03/2011;$1 009 502;FALSE;64,2;$3,692;128,51;14,0;B;112 238;2011;3
12;25/03/2011;$954 107;FALSE;54,4;$3,909;128,62;14,0;B;112 238;2011;3
12;01/04/2011;$1 005 463;FALSE;63,6;$3,772;128,72;13,7;B;112 238;2011;4
12;08/04/2011;$998 362;FALSE;64,5;$4,003;128,82;13,7;B;112 238;2011;4
12;15/04/2011;$990 952;FALSE;57,6;$3,868;128,91;13,7;B;112 238;2011;4
12;22/04/2011;$1 016 019;FALSE;72,1;$4,134;128,96;13,7;B;112 238;2011;4
12;29/04/2011;$994 966;FALSE;68,3;$4,151;129,00;13,7;B;112 238;2011;4
12;06/05/2011;$1 021 154;FALSE;68,4;$4,193;129,04;13,7;B;112 238;2011;5
12;13/05/2011;$977 034;FALSE;70,9;$4,202;129,09;13,7;B;112 238;2011;5
12;20/05/2011;$924 135;FALSE;66,6;$4,169;129,08;13,7;B;112 238;2011;5
12;27/05/2011;$964 333;FALSE;76,7;$4,087;129,06;13,7;B;112 238;2011;5
12;03/06/2011;$970 329;FALSE;71,8;$4,031;129,05;13,7;B;112 238;2011;6
12;10/06/2011;$996 938;FALSE;78,7;$3,981;129,04;13,7;B;112 238;2011;6
12;17/06/2011;$986 505;FALSE;86,8;$3,935;129,04;13,7;B;112 238;2011;6
12;24/06/2011;$997 283;FALSE;89,0;$3,898;129,07;13,7;B;112 238;2011;6
12;01/07/2011;$961 993;FALSE;89,9;$3,842;129,09;13,5;B;112 238;2011;7
12;08/07/2011;$943 717;FALSE;89,9;$3,705;129,11;13,5;B;112 238;2011;7
12;15/07/2011;$936 002;FALSE;88,1;$3,692;129,13;13,5;B;112 238;2011;7
12;22/07/2011;$922 232;FALSE;91,2;$3,794;129,15;13,5;B;112 238;2011;7
12;29/07/2011;$890 547;FALSE;93,3;$3,805;129,17;13,5;B;112 238;2011;7
12;05/08/2011;$988 713;FALSE;90,6;$3,803;129,18;13,5;B;112 238;2011;8
12;12/08/2011;$955 914;FALSE;91,0;$3,701;129,20;13,5;B;112 238;2011;8
12;19/08/2011;$966 817;FALSE;91,7;$3,743;129,24;13,5;B;112 238;2011;8
12;26/08/2011;$1 017 593;FALSE;94,6;$3,740;129,28;13,5;B;112 238;2011;8
12;02/09/2011;$1 052 051;FALSE;93,7;$3,798;129,33;13,5;B;112 238;2011;9
12;09/09/2011;$922 851;TRUE;88,0;$3,913;129,37;13,5;B;112 238;2011;9
12;16/09/2011;$889 290;FALSE;76,4;$3,918;129,43;13,5;B;112 238;2011;9
12;23/09/2011;$871 693;FALSE;83,0;$3,789;129,52;13,5;B;112 238;2011;9
12;30/09/2011;$866 401;FALSE;83,3;$3,877;129,61;13,5;B;112 238;2011;9
12;07/10/2011;$951 245;FALSE;70,4;$3,827;129,69;12,9;B;112 238;2011;10
12;14/10/2011;$927 600;FALSE;67,3;$3,805;129,77;12,9;B;112 238;2011;10
12;21/10/2011;$938 605;FALSE;73,1;$3,842;129,78;12,9;B;112 238;2011;10
12;28/10/2011;$990 926;FALSE;67,4;$3,727;129,79;12,9;B;112 238;2011;10
12;04/11/2011;$1 051 945;FALSE;59,8;$3,828;129,81;12,9;B;112 238;2011;11
12;11/11/2011;$1 095 092;FALSE;48,8;$3,824;129,82;12,9;B;112 238;2011;11
12;18/11/2011;$970 641;FALSE;54,2;$3,813;129,83;12,9;B;112 238;2011;11
12;25/11/2011;$1 591 920;TRUE;53,3;$3,622;129,84;12,9;B;112 238;2011;11
12;02/12/2011;$1 071 383;FALSE;52,5;$3,701;129,85;12,9;B;112 238;2011;12
12;09/12/2011;$1 189 646;FALSE;42,2;$3,644;129,86;12,9;B;112 238;2011;12
12;16/12/2011;$1 293 404;FALSE;43,3;$3,600;129,90;12,9;B;112 238;2011;12
12;23/12/2011;$1 617 612;FALSE;45,4;$3,541;129,98;12,9;B;112 238;2011;12
12;30/12/2011;$1 111 638;TRUE;44,6;$3,428;130,07;12,9;B;112 238;2011;12
12;06/01/2012;$945 824;FALSE;50,4;$3,599;130,16;12,2;B;112 238;2012;1
12;13/01/2012;$865 468;FALSE;48,1;$3,657;130,24;12,2;B;112 238;2012;1
12;20/01/2012;$855 923;FALSE;46,2;$3,660;130,28;12,2;B;112 238;2012;1
12;27/01/2012;$888 204;FALSE;50,4;$3,675;130,31;12,2;B;112 238;2012;1
12;03/02/2012;$1 058 768;FALSE;50,6;$3,702;130,35;12,2;B;112 238;2012;2
12;10/02/2012;$1 199 331;TRUE;52,3;$3,722;130,38;12,2;B;112 238;2012;2
12;17/02/2012;$1 240 049;FALSE;51,8;$3,781;130,45;12,2;B;112 238;2012;2
12;24/02/2012;$1 112 035;FALSE;53,1;$3,950;130,55;12,2;B;112 238;2012;2
12;02/03/2012;$1 147 637;FALSE;52,3;$4,178;130,65;12,2;B;112 238;2012;3
12;09/03/2012;$1 113 209;FALSE;54,5;$4,250;130,74;12,2;B;112 238;2012;3
12;16/03/2012;$1 088 499;FALSE;64,4;$4,273;130,83;12,2;B;112 238;2012;3
12;23/03/2012;$1 045 420;FALSE;56,3;$4,038;130,90;12,2;B;112 238;2012;3
12;30/03/2012;$1 025 382;FALSE;64,4;$4,294;130,97;12,2;B;112 238;2012;3
12;06/04/2012;$1 128 766;FALSE;64,1;$4,121;131,04;11,6;B;112 238;2012;4
12;13/04/2012;$1 083 811;FALSE;64,3;$4,254;131,11;11,6;B;112 238;2012;4
12;20/04/2012;$1 006 487;FALSE;66,7;$4,222;131,12;11,6;B;112 238;2012;4
12;27/04/2012;$1 004 252;FALSE;78,0;$4,193;131,13;11,6;B;112 238;2012;4
12;04/05/2012;$1 073 434;FALSE;76,0;$4,171;131,14;11,6;B;112 238;2012;5
12;11/05/2012;$1 041 995;FALSE;77,3;$4,186;131,15;11,6;B;112 238;2012;5
12;18/05/2012;$1 020 486;FALSE;84,5;$4,110;131,10;11,6;B;112 238;2012;5
12;25/05/2012;$991 514;FALSE;83,8;$4,293;131,03;11,6;B;112 238;2012;5
12;01/06/2012;$981 345;FALSE;78,1;$4,277;130,96;11,6;B;112 238;2012;6
12;08/06/2012;$1 086 231;FALSE;84,8;$4,103;130,89;11,6;B;112 238;2012;6
12;15/06/2012;$1 019 556;FALSE;85,9;$4,144;130,83;11,6;B;112 238;2012;6
12;22/06/2012;$981 386;FALSE;91,6;$4,014;130,79;11,6;B;112 238;2012;6
12;29/06/2012;$943 125;FALSE;90,5;$3,875;130,76;11,6;B;112 238;2012;6
12;06/07/2012;$1 014 899;FALSE;89,1;$3,765;130,72;10,9;B;112 238;2012;7
12;13/07/2012;$960 313;FALSE;95,6;$3,723;130,68;10,9;B;112 238;2012;7
12;20/07/2012;$941 550;FALSE;85,5;$3,726;130,70;10,9;B;112 238;2012;7
12;27/07/2012;$916 968;FALSE;93,5;$3,769;130,72;10,9;B;112 238;2012;7
12;03/08/2012;$958 667;FALSE;88,2;$3,760;130,74;10,9;B;112 238;2012;8
12;10/08/2012;$984 690;FALSE;95,9;$3,811;130,76;10,9;B;112 238;2012;8
12;17/08/2012;$1 005 003;FALSE;94,9;$4,002;130,79;10,9;B;112 238;2012;8
12;24/08/2012;$1 048 101;FALSE;85,3;$4,055;130,84;10,9;B;112 238;2012;8
12;31/08/2012;$1 061 943;FALSE;89,8;$4,093;130,89;10,9;B;112 238;2012;8
12;07/09/2012;$955 146;TRUE;88,5;$4,124;130,93;10,9;B;112 238;2012;9
12;14/09/2012;$885 892;FALSE;83,6;$4,133;130,98;10,9;B;112 238;2012;9
12;21/09/2012;$922 735;FALSE;83,0;$4,125;131,01;10,9;B;112 238;2012;9
12;28/09/2012;$880 416;FALSE;81,2;$3,966;131,04;10,9;B;112 238;2012;9
12;05/10/2012;$979 826;FALSE;81,6;$3,966;131,08;10,2;B;112 238;2012;10
12;12/10/2012;$934 917;FALSE;71,7;$4,468;131,11;10,2;B;112 238;2012;10
12;19/10/2012;$960 945;FALSE;68,7;$4,449;131,15;10,2;B;112 238;2012;10
12;26/10/2012;$974 698;FALSE;66,0;$4,301;131,19;10,2;B;112 238;2012;10
13;05/02/2010;$1 967 221;FALSE;31,5;$2,666;126,44;8,3;A;219 622;2010;2
13;12/02/2010;$2 030 933;TRUE;33,2;$2,671;126,50;8,3;A;219 622;2010;2
13;19/02/2010;$1 970 275;FALSE;35,7;$2,654;126,53;8,3;A;219 622;2010;2
13;26/02/2010;$1 817 850;FALSE;30,0;$2,667;126,55;8,3;A;219 622;2010;2
13;05/03/2010;$1 939 980;FALSE;40,7;$2,681;126,58;8,3;A;219 622;2010;3
13;12/03/2010;$1 840 687;FALSE;37,6;$2,733;126,60;8,3;A;219 622;2010;3
13;19/03/2010;$1 879 795;FALSE;42,5;$2,782;126,61;8,3;A;219 622;2010;3
13;26/03/2010;$1 882 096;FALSE;41,5;$2,819;126,61;8,3;A;219 622;2010;3
13;02/04/2010;$2 142 482;FALSE;42,2;$2,842;126,60;8,1;A;219 622;2010;4
13;09/04/2010;$1 898 321;FALSE;39,0;$2,877;126,60;8,1;A;219 622;2010;4
13;16/04/2010;$1 819 660;FALSE;50,4;$2,915;126,56;8,1;A;219 622;2010;4
13;23/04/2010;$1 909 331;FALSE;55,7;$2,936;126,47;8,1;A;219 622;2010;4
13;30/04/2010;$1 785 823;FALSE;48,3;$2,941;126,38;8,1;A;219 622;2010;4
13;07/05/2010;$2 005 478;FALSE;44,4;$2,948;126,29;8,1;A;219 622;2010;5
13;14/05/2010;$1 890 273;FALSE;50,2;$2,962;126,21;8,1;A;219 622;2010;5
13;21/05/2010;$1 853 658;FALSE;57,7;$2,950;126,18;8,1;A;219 622;2010;5
13;28/05/2010;$1 877 359;FALSE;53,1;$2,908;126,16;8,1;A;219 622;2010;5
13;04/06/2010;$2 022 705;FALSE;59,9;$2,871;126,14;8,1;A;219 622;2010;6
13;11/06/2010;$2 037 881;FALSE;65,2;$2,841;126,11;8,1;A;219 622;2010;6
13;18/06/2010;$2 003 435;FALSE;58,4;$2,819;126,11;8,1;A;219 622;2010;6
13;25/06/2010;$1 970 340;FALSE;71,8;$2,820;126,13;8,1;A;219 622;2010;6
13;02/07/2010;$2 018 315;FALSE;78,8;$2,814;126,14;8,0;A;219 622;2010;7
13;09/07/2010;$1 870 844;FALSE;71,3;$2,802;126,15;8,0;A;219 622;2010;7
13;16/07/2010;$1 932 231;FALSE;77,8;$2,791;126,15;8,0;A;219 622;2010;7
13;23/07/2010;$1 907 351;FALSE;82,3;$2,797;126,13;8,0;A;219 622;2010;7
13;30/07/2010;$1 817 887;FALSE;78,9;$2,797;126,11;8,0;A;219 622;2010;7
13;06/08/2010;$1 969 121;FALSE;81,2;$2,802;126,09;8,0;A;219 622;2010;8
13;13/08/2010;$1 877 593;FALSE;74,9;$2,837;126,06;8,0;A;219 622;2010;8
13;20/08/2010;$1 997 398;FALSE;76,3;$2,850;126,08;8,0;A;219 622;2010;8
13;27/08/2010;$1 908 278;FALSE;75,3;$2,854;126,09;8,0;A;219 622;2010;8
13;03/09/2010;$1 911 853;FALSE;65,7;$2,868;126,10;8,0;A;219 622;2010;9
13;10/09/2010;$1 772 144;TRUE;65,7;$2,870;126,11;8,0;A;219 622;2010;9
13;17/09/2010;$1 790 280;FALSE;66,8;$2,875;126,15;8,0;A;219 622;2010;9
13;24/09/2010;$1 705 655;FALSE;68,2;$2,872;126,19;8,0;A;219 622;2010;9
13;01/10/2010;$1 765 584;FALSE;68,7;$2,853;126,23;7,8;A;219 622;2010;10
13;08/10/2010;$1 871 924;FALSE;63,0;$2,841;126,28;7,8;A;219 622;2010;10
13;15/10/2010;$1 851 431;FALSE;54,1;$2,845;126,33;7,8;A;219 622;2010;10
13;22/10/2010;$1 796 950;FALSE;56,9;$2,849;126,38;7,8;A;219 622;2010;10
13;29/10/2010;$1 887 895;FALSE;45,1;$2,841;126,44;7,8;A;219 622;2010;10
13;05/11/2010;$1 854 968;FALSE;50,0;$2,831;126,49;7,8;A;219 622;2010;11
13;12/11/2010;$1 939 965;FALSE;42,6;$2,831;126,55;7,8;A;219 622;2010;11
13;19/11/2010;$1 925 394;FALSE;42,0;$2,842;126,61;7,8;A;219 622;2010;11
13;26/11/2010;$2 766 400;TRUE;28,2;$2,830;126,67;7,8;A;219 622;2010;11
13;03/12/2010;$2 083 380;FALSE;25,8;$2,812;126,73;7,8;A;219 622;2010;12
13;10/12/2010;$2 461 468;FALSE;36,8;$2,817;126,79;7,8;A;219 622;2010;12
13;17/12/2010;$2 771 647;FALSE;35,2;$2,842;126,88;7,8;A;219 622;2010;12
13;24/12/2010;$3 595 903;FALSE;34,9;$2,846;126,98;7,8;A;219 622;2010;12
13;31/12/2010;$1 675 292;TRUE;26,8;$2,868;127,09;7,8;A;219 622;2010;12
13;07/01/2011;$1 744 544;FALSE;16,9;$2,891;127,19;7,5;A;219 622;2011;1
13;14/01/2011;$1 682 316;FALSE;20,6;$2,903;127,30;7,5;A;219 622;2011;1
13;21/01/2011;$1 770 177;FALSE;34,8;$2,934;127,44;7,5;A;219 622;2011;1
13;28/01/2011;$1 633 663;FALSE;31,6;$2,960;127,58;7,5;A;219 622;2011;1
13;04/02/2011;$1 848 187;FALSE;23,4;$2,974;127,72;7,5;A;219 622;2011;2
13;11/02/2011;$1 944 439;TRUE;30,8;$3,034;127,86;7,5;A;219 622;2011;2
13;18/02/2011;$2 003 481;FALSE;40,9;$3,062;128,00;7,5;A;219 622;2011;2
13;25/02/2011;$1 831 934;FALSE;33,2;$3,120;128,13;7,5;A;219 622;2011;2
13;04/03/2011;$1 894 961;FALSE;34,2;$3,230;128,26;7,5;A;219 622;2011;3
13;11/03/2011;$1 852 433;FALSE;41,3;$3,346;128,40;7,5;A;219 622;2011;3
13;18/03/2011;$1 852 444;FALSE;44,7;$3,407;128,51;7,5;A;219 622;2011;3
13;25/03/2011;$1 807 545;FALSE;42,4;$3,435;128,62;7,5;A;219 622;2011;3
13;01/04/2011;$1 864 239;FALSE;42,5;$3,487;128,72;7,2;A;219 622;2011;4
13;08/04/2011;$1 887 465;FALSE;42,8;$3,547;128,82;7,2;A;219 622;2011;4
13;15/04/2011;$1 950 994;FALSE;41,7;$3,616;128,91;7,2;A;219 622;2011;4
13;22/04/2011;$2 124 316;FALSE;47,6;$3,655;128,96;7,2;A;219 622;2011;4
13;29/04/2011;$1 895 583;FALSE;43,9;$3,683;129,00;7,2;A;219 622;2011;4
13;06/05/2011;$1 986 380;FALSE;47,8;$3,744;129,04;7,2;A;219 622;2011;5
13;13/05/2011;$1 958 824;FALSE;52,4;$3,770;129,09;7,2;A;219 622;2011;5
13;20/05/2011;$1 860 924;FALSE;52,1;$3,802;129,08;7,2;A;219 622;2011;5
13;27/05/2011;$1 866 370;FALSE;54,6;$3,778;129,06;7,2;A;219 622;2011;5
13;03/06/2011;$1 935 594;FALSE;52,8;$3,752;129,05;7,2;A;219 622;2011;6
13;10/06/2011;$1 997 817;FALSE;61,4;$3,732;129,04;7,2;A;219 622;2011;6
13;17/06/2011;$2 086 433;FALSE;63,4;$3,704;129,04;7,2;A;219 622;2011;6
13;24/06/2011;$2 009 163;FALSE;66,4;$3,668;129,07;7,2;A;219 622;2011;6
13;01/07/2011;$2 048 036;FALSE;74,3;$3,613;129,09;6,9;A;219 622;2011;7
13;08/07/2011;$2 021 699;FALSE;77,3;$3,563;129,11;6,9;A;219 622;2011;7
13;15/07/2011;$1 956 813;FALSE;75,6;$3,553;129,13;6,9;A;219 622;2011;7
13;22/07/2011;$1 987 089;FALSE;78,5;$3,563;129,15;6,9;A;219 622;2011;7
13;29/07/2011;$1 880 786;FALSE;77,6;$3,574;129,17;6,9;A;219 622;2011;7
13;05/08/2011;$2 076 232;FALSE;75,6;$3,595;129,18;6,9;A;219 622;2011;8
13;12/08/2011;$1 970 341;FALSE;76,0;$3,606;129,20;6,9;A;219 622;2011;8
13;19/08/2011;$2 090 341;FALSE;76,7;$3,578;129,24;6,9;A;219 622;2011;8
13;26/08/2011;$2 035 245;FALSE;81,5;$3,570;129,28;6,9;A;219 622;2011;8
13;02/09/2011;$1 953 629;FALSE;77,0;$3,580;129,33;6,9;A;219 622;2011;9
13;09/09/2011;$1 872 921;TRUE;70,2;$3,619;129,37;6,9;A;219 622;2011;9
13;16/09/2011;$1 923 224;FALSE;67,5;$3,641;129,43;6,9;A;219 622;2011;9
13;23/09/2011;$1 847 431;FALSE;63,6;$3,648;129,52;6,9;A;219 622;2011;9
13;30/09/2011;$1 835 663;FALSE;68,3;$3,623;129,61;6,9;A;219 622;2011;9
13;07/10/2011;$2 067 233;FALSE;60,6;$3,592;129,69;6,4;A;219 622;2011;10
13;14/10/2011;$1 929 659;FALSE;51,7;$3,567;129,77;6,4;A;219 622;2011;10
13;21/10/2011;$1 973 544;FALSE;54,7;$3,579;129,78;6,4;A;219 622;2011;10
13;28/10/2011;$1 948 734;FALSE;47,4;$3,567;129,79;6,4;A;219 622;2011;10
13;04/11/2011;$2 036 318;FALSE;43,5;$3,538;129,81;6,4;A;219 622;2011;11
13;11/11/2011;$2 111 592;FALSE;33,8;$3,513;129,82;6,4;A;219 622;2011;11
13;18/11/2011;$2 016 324;FALSE;40,7;$3,489;129,83;6,4;A;219 622;2011;11
13;25/11/2011;$2 864 171;TRUE;38,9;$3,445;129,84;6,4;A;219 622;2011;11
13;02/12/2011;$2 051 316;FALSE;33,9;$3,389;129,85;6,4;A;219 622;2011;12
13;09/12/2011;$2 462 779;FALSE;24,8;$3,341;129,86;6,4;A;219 622;2011;12
13;16/12/2011;$2 760 347;FALSE;27,9;$3,282;129,90;6,4;A;219 622;2011;12
13;23/12/2011;$3 556 766;FALSE;24,8;$3,186;129,98;6,4;A;219 622;2011;12
13;30/12/2011;$1 969 057;TRUE;31,5;$3,119;130,07;6,4;A;219 622;2011;12
13;06/01/2012;$1 865 753;FALSE;33,8;$3,080;130,16;6,1;A;219 622;2012;1
13;13/01/2012;$1 794 963;FALSE;25,6;$3,056;130,24;6,1;A;219 622;2012;1
13;20/01/2012;$1 811 606;FALSE;32,7;$3,047;130,28;6,1;A;219 622;2012;1
13;27/01/2012;$1 733 983;FALSE;34,3;$3,058;130,31;6,1;A;219 622;2012;1
13;03/02/2012;$1 927 781;FALSE;31,4;$3,077;130,35;6,1;A;219 622;2012;2
13;10/02/2012;$2 069 285;TRUE;33,7;$3,116;130,38;6,1;A;219 622;2012;2
13;17/02/2012;$2 214 477;FALSE;36,6;$3,119;130,45;6,1;A;219 622;2012;2
13;24/02/2012;$1 929 768;FALSE;35,4;$3,145;130,55;6,1;A;219 622;2012;2
13;02/03/2012;$1 969 743;FALSE;32,4;$3,242;130,65;6,1;A;219 622;2012;3
13;09/03/2012;$1 986 446;FALSE;38,2;$3,380;130,74;6,1;A;219 622;2012;3
13;16/03/2012;$2 025 583;FALSE;52,5;$3,529;130,83;6,1;A;219 622;2012;3
13;23/03/2012;$1 904 422;FALSE;47,8;$3,671;130,90;6,1;A;219 622;2012;3
13;30/03/2012;$1 948 983;FALSE;53,2;$3,734;130,97;6,1;A;219 622;2012;3
13;06/04/2012;$2 271 615;FALSE;48,9;$3,793;131,04;6,0;A;219 622;2012;4
13;13/04/2012;$2 057 638;FALSE;51,7;$3,833;131,11;6,0;A;219 622;2012;4
13;20/04/2012;$1 955 689;FALSE;50,2;$3,845;131,12;6,0;A;219 622;2012;4
13;27/04/2012;$1 970 122;FALSE;64,8;$3,842;131,13;6,0;A;219 622;2012;4
13;04/05/2012;$1 995 995;FALSE;54,4;$3,831;131,14;6,0;A;219 622;2012;5
13;11/05/2012;$2 080 764;FALSE;56,5;$3,809;131,15;6,0;A;219 622;2012;5
13;18/05/2012;$2 131 901;FALSE;65,2;$3,808;131,10;6,0;A;219 622;2012;5
13;25/05/2012;$2 043 349;FALSE;62,4;$3,801;131,03;6,0;A;219 622;2012;5
13;01/06/2012;$2 035 431;FALSE;61,1;$3,788;130,96;6,0;A;219 622;2012;6
13;08/06/2012;$2 182 438;FALSE;68,4;$3,776;130,89;6,0;A;219 622;2012;6
13;15/06/2012;$2 152 229;FALSE;66,0;$3,756;130,83;6,0;A;219 622;2012;6
13;22/06/2012;$2 094 373;FALSE;72,9;$3,737;130,79;6,0;A;219 622;2012;6
13;29/06/2012;$2 037 664;FALSE;82,0;$3,681;130,76;6,0;A;219 622;2012;6
13;06/07/2012;$2 184 980;FALSE;79,2;$3,630;130,72;5,8;A;219 622;2012;7
13;13/07/2012;$2 002 751;FALSE;83,7;$3,595;130,68;5,8;A;219 622;2012;7
13;20/07/2012;$2 053 089;FALSE;75,7;$3,556;130,70;5,8;A;219 622;2012;7
13;27/07/2012;$1 914 431;FALSE;80,4;$3,537;130,72;5,8;A;219 622;2012;7
13;03/08/2012;$2 044 148;FALSE;82,0;$3,512;130,74;5,8;A;219 622;2012;8
13;10/08/2012;$2 041 020;FALSE;81,7;$3,509;130,76;5,8;A;219 622;2012;8
13;17/08/2012;$2 095 769;FALSE;79,4;$3,545;130,79;5,8;A;219 622;2012;8
13;24/08/2012;$2 059 458;FALSE;77,4;$3,582;130,84;5,8;A;219 622;2012;8
13;31/08/2012;$2 073 855;FALSE;79,2;$3,624;130,89;5,8;A;219 622;2012;8
13;07/09/2012;$2 165 796;TRUE;70,7;$3,689;130,93;5,8;A;219 622;2012;9
13;14/09/2012;$1 919 917;FALSE;68,6;$3,749;130,98;5,8;A;219 622;2012;9
13;21/09/2012;$1 938 380;FALSE;68,0;$3,821;131,01;5,8;A;219 622;2012;9
13;28/09/2012;$1 927 664;FALSE;64,8;$3,821;131,04;5,8;A;219 622;2012;9
13;05/10/2012;$2 041 919;FALSE;61,8;$3,815;131,08;5,6;A;219 622;2012;10
13;12/10/2012;$1 999 079;FALSE;55,1;$3,797;131,11;5,6;A;219 622;2012;10
13;19/10/2012;$2 018 010;FALSE;52,1;$3,781;131,15;5,6;A;219 622;2012;10
13;26/10/2012;$2 035 190;FALSE;47,0;$3,755;131,19;5,6;A;219 622;2012;10
14;05/02/2010;$2 623 470;FALSE;27,3;$2,784;181,87;9,0;A;200 898;2010;2
14;12/02/2010;$1 704 219;TRUE;27,7;$2,773;181,98;9,0;A;200 898;2010;2
14;19/02/2010;$2 204 557;FALSE;31,3;$2,745;182,03;9,0;A;200 898;2010;2
14;26/02/2010;$2 095 592;FALSE;34,9;$2,754;182,08;9,0;A;200 898;2010;2
14;05/03/2010;$2 237 545;FALSE;37,1;$2,777;182,12;9,0;A;200 898;2010;3
14;12/03/2010;$2 156 035;FALSE;45,8;$2,818;182,16;9,0;A;200 898;2010;3
14;19/03/2010;$2 066 219;FALSE;48,8;$2,844;182,08;9,0;A;200 898;2010;3
14;26/03/2010;$2 050 396;FALSE;54,4;$2,854;181,97;9,0;A;200 898;2010;3
14;02/04/2010;$2 495 631;FALSE;47,7;$2,850;181,87;8,9;A;200 898;2010;4
14;09/04/2010;$2 258 781;FALSE;65,5;$2,869;181,76;8,9;A;200 898;2010;4
14;16/04/2010;$2 121 789;FALSE;54,3;$2,899;181,69;8,9;A;200 898;2010;4
14;23/04/2010;$2 138 145;FALSE;53,5;$2,902;181,68;8,9;A;200 898;2010;4
14;30/04/2010;$2 082 355;FALSE;53,2;$2,921;181,66;8,9;A;200 898;2010;4
14;07/05/2010;$2 370 117;FALSE;70,8;$2,966;181,65;8,9;A;200 898;2010;5
14;14/05/2010;$2 129 771;FALSE;54,3;$2,982;181,66;8,9;A;200 898;2010;5
14;21/05/2010;$2 108 187;FALSE;62,6;$2,958;181,85;8,9;A;200 898;2010;5
14;28/05/2010;$2 227 152;FALSE;69,3;$2,899;182,05;8,9;A;200 898;2010;5
14;04/06/2010;$2 363 601;FALSE;75,9;$2,847;182,24;8,9;A;200 898;2010;6
14;11/06/2010;$2 249 570;FALSE;69,7;$2,809;182,43;8,9;A;200 898;2010;6
14;18/06/2010;$2 248 646;FALSE;72,6;$2,780;182,44;8,9;A;200 898;2010;6
14;25/06/2010;$2 246 180;FALSE;79,3;$2,808;182,38;8,9;A;200 898;2010;6
14;02/07/2010;$2 334 788;FALSE;76,6;$2,815;182,32;8,7;A;200 898;2010;7
14;09/07/2010;$2 236 209;FALSE;82,5;$2,793;182,26;8,7;A;200 898;2010;7
14;16/07/2010;$2 130 287;FALSE;77,8;$2,783;182,26;8,7;A;200 898;2010;7
14;23/07/2010;$2 044 155;FALSE;81,5;$2,771;182,35;8,7;A;200 898;2010;7
14;30/07/2010;$2 054 843;FALSE;79,8;$2,781;182,44;8,7;A;200 898;2010;7
14;06/08/2010;$2 219 814;FALSE;77,2;$2,784;182,53;8,7;A;200 898;2010;8
14;13/08/2010;$2 052 985;FALSE;78,4;$2,805;182,62;8,7;A;200 898;2010;8
14;20/08/2010;$2 057 138;FALSE;76,0;$2,779;182,62;8,7;A;200 898;2010;8
14;27/08/2010;$2 020 332;FALSE;71,4;$2,755;182,61;8,7;A;200 898;2010;8
14;03/09/2010;$2 182 564;FALSE;78,4;$2,715;182,60;8,7;A;200 898;2010;9
14;10/09/2010;$2 191 768;TRUE;70,9;$2,699;182,60;8,7;A;200 898;2010;9
14;17/09/2010;$1 953 540;FALSE;66,6;$2,706;182,62;8,7;A;200 898;2010;9
14;24/09/2010;$1 879 891;FALSE;68,6;$2,713;182,67;8,7;A;200 898;2010;9
14;01/10/2010;$1 855 704;FALSE;70,6;$2,707;182,72;8,7;A;200 898;2010;10
14;08/10/2010;$2 091 663;FALSE;56,5;$2,764;182,76;8,7;A;200 898;2010;10
14;15/10/2010;$1 932 163;FALSE;58,6;$2,868;182,81;8,7;A;200 898;2010;10
14;22/10/2010;$1 936 621;FALSE;53,2;$2,917;182,86;8,7;A;200 898;2010;10
14;29/10/2010;$1 984 768;FALSE;61,3;$2,921;182,90;8,7;A;200 898;2010;10
14;05/11/2010;$2 078 417;FALSE;45,7;$2,917;182,95;8,7;A;200 898;2010;11
14;12/11/2010;$2 092 189;FALSE;46,1;$2,931;182,99;8,7;A;200 898;2010;11
14;19/11/2010;$1 968 463;FALSE;50,0;$3,000;182,90;8,7;A;200 898;2010;11
14;26/11/2010;$2 921 710;TRUE;46,2;$3,039;182,78;8,7;A;200 898;2010;11
14;03/12/2010;$2 258 490;FALSE;40,9;$3,046;182,67;8,7;A;200 898;2010;12
14;10/12/2010;$2 600 519;FALSE;30,5;$3,109;182,55;8,7;A;200 898;2010;12
14;17/12/2010;$2 762 861;FALSE;30,5;$3,140;182,52;8,7;A;200 898;2010;12
14;24/12/2010;$3 818 686;FALSE;30,6;$3,141;182,54;8,7;A;200 898;2010;12
14;31/12/2010;$1 623 716;TRUE;29,7;$3,179;182,57;8,7;A;200 898;2010;12
14;07/01/2011;$1 864 746;FALSE;34,3;$3,193;182,60;8,5;A;200 898;2011;1
14;14/01/2011;$1 699 096;FALSE;24,8;$3,205;182,66;8,5;A;200 898;2011;1
14;21/01/2011;$1 743 189;FALSE;30,6;$3,229;182,92;8,5;A;200 898;2011;1
14;28/01/2011;$1 613 718;FALSE;24,1;$3,237;183,18;8,5;A;200 898;2011;1
14;04/02/2011;$1 995 892;FALSE;28,7;$3,231;183,44;8,5;A;200 898;2011;2
14;11/02/2011;$1 980 405;TRUE;30,3;$3,239;183,70;8,5;A;200 898;2011;2
14;18/02/2011;$2 019 032;FALSE;40,7;$3,245;183,94;8,5;A;200 898;2011;2
14;25/02/2011;$1 875 709;FALSE;35,8;$3,274;184,16;8,5;A;200 898;2011;2
14;04/03/2011;$2 041 216;FALSE;38,7;$3,433;184,39;8,5;A;200 898;2011;3
14;11/03/2011;$1 931 105;FALSE;45,0;$3,582;184,61;8,5;A;200 898;2011;3
14;18/03/2011;$1 932 491;FALSE;46,7;$3,631;184,81;8,5;A;200 898;2011;3
14;25/03/2011;$1 879 451;FALSE;41,8;$3,625;184,99;8,5;A;200 898;2011;3
14;01/04/2011;$1 869 111;FALSE;37,3;$3,638;185,18;8,5;A;200 898;2011;4
14;08/04/2011;$2 037 799;FALSE;48,7;$3,720;185,36;8,5;A;200 898;2011;4
14;15/04/2011;$1 974 961;FALSE;53,7;$3,821;185,53;8,5;A;200 898;2011;4
14;22/04/2011;$2 256 461;FALSE;53,0;$3,892;185,67;8,5;A;200 898;2011;4
14;29/04/2011;$1 930 618;FALSE;66,2;$3,962;185,80;8,5;A;200 898;2011;4
14;06/05/2011;$2 095 600;FALSE;58,2;$4,046;185,94;8,5;A;200 898;2011;5
14;13/05/2011;$2 004 330;FALSE;60,4;$4,066;186,07;8,5;A;200 898;2011;5
14;20/05/2011;$1 959 968;FALSE;62,3;$4,062;185,97;8,5;A;200 898;2011;5
14;27/05/2011;$2 080 694;FALSE;69,7;$3,985;185,86;8,5;A;200 898;2011;5
14;03/06/2011;$2 079 899;FALSE;76,4;$3,922;185,75;8,5;A;200 898;2011;6
14;10/06/2011;$2 132 446;FALSE;73,9;$3,881;185,65;8,5;A;200 898;2011;6
14;17/06/2011;$2 082 083;FALSE;69,3;$3,842;185,67;8,5;A;200 898;2011;6
14;24/06/2011;$2 069 524;FALSE;74,9;$3,804;185,79;8,5;A;200 898;2011;6
14;01/07/2011;$2 074 668;FALSE;74,0;$3,748;185,91;8,6;A;200 898;2011;7
14;08/07/2011;$2 063 401;FALSE;77,5;$3,711;186,03;8,6;A;200 898;2011;7
14;15/07/2011;$1 953 545;FALSE;78,5;$3,760;186,14;8,6;A;200 898;2011;7
14;22/07/2011;$1 882 071;FALSE;82,3;$3,811;186,22;8,6;A;200 898;2011;7
14;29/07/2011;$1 871 021;FALSE;81,3;$3,829;186,30;8,6;A;200 898;2011;7
14;05/08/2011;$2 066 021;FALSE;78,2;$3,842;186,37;8,6;A;200 898;2011;8
14;12/08/2011;$1 928 774;FALSE;77,0;$3,812;186,45;8,6;A;200 898;2011;8
14;19/08/2011;$1 896 874;FALSE;73,0;$3,747;186,51;8,6;A;200 898;2011;8
14;26/08/2011;$2 273 471;FALSE;72,6;$3,704;186,56;8,6;A;200 898;2011;8
14;02/09/2011;$1 750 891;FALSE;70,6;$3,703;186,62;8,6;A;200 898;2011;9
14;09/09/2011;$2 202 743;TRUE;71,5;$3,738;186,67;8,6;A;200 898;2011;9
14;16/09/2011;$1 864 638;FALSE;69,2;$3,742;186,80;8,6;A;200 898;2011;9
14;23/09/2011;$1 871 556;FALSE;63,8;$3,711;187,03;8,6;A;200 898;2011;9
14;30/09/2011;$1 809 989;FALSE;70,7;$3,645;187,26;8,6;A;200 898;2011;9
14;07/10/2011;$2 078 797;FALSE;55,8;$3,583;187,48;8,5;A;200 898;2011;10
14;14/10/2011;$1 890 871;FALSE;63,8;$3,541;187,69;8,5;A;200 898;2011;10
14;21/10/2011;$2 009 005;FALSE;59,6;$3,570;187,78;8,5;A;200 898;2011;10
14;28/10/2011;$2 056 846;FALSE;51,8;$3,569;187,88;8,5;A;200 898;2011;10
14;04/11/2011;$2 174 057;FALSE;43,9;$3,551;187,97;8,5;A;200 898;2011;11
14;11/11/2011;$2 081 535;FALSE;47,7;$3,530;188,06;8,5;A;200 898;2011;11
14;18/11/2011;$1 969 361;FALSE;51,3;$3,530;188,20;8,5;A;200 898;2011;11
14;25/11/2011;$2 685 352;TRUE;48,7;$3,492;188,35;8,5;A;200 898;2011;11
14;02/12/2011;$2 143 081;FALSE;50,2;$3,452;188,50;8,5;A;200 898;2011;12
14;09/12/2011;$2 470 581;FALSE;46,6;$3,415;188,65;8,5;A;200 898;2011;12
14;16/12/2011;$2 594 363;FALSE;39,9;$3,413;188,80;8,5;A;200 898;2011;12
14;23/12/2011;$3 369 069;FALSE;42,3;$3,389;188,93;8,5;A;200 898;2011;12
14;30/12/2011;$1 914 149;TRUE;37,8;$3,389;189,06;8,5;A;200 898;2011;12
14;06/01/2012;$1 859 145;FALSE;35,9;$3,422;189,19;8,4;A;200 898;2012;1
14;13/01/2012;$1 696 248;FALSE;41,2;$3,513;189,33;8,4;A;200 898;2012;1
14;20/01/2012;$1 789 113;FALSE;31,9;$3,533;189,42;8,4;A;200 898;2012;1
14;27/01/2012;$1 595 362;FALSE;37,9;$3,567;189,52;8,4;A;200 898;2012;1
14;03/02/2012;$1 877 410;FALSE;43,0;$3,617;189,61;8,4;A;200 898;2012;2
14;10/02/2012;$2 077 256;TRUE;37,0;$3,640;189,71;8,4;A;200 898;2012;2
14;17/02/2012;$2 020 551;FALSE;36,9;$3,695;189,84;8,4;A;200 898;2012;2
14;24/02/2012;$1 875 040;FALSE;42,9;$3,739;190,01;8,4;A;200 898;2012;2
14;02/03/2012;$1 926 005;FALSE;41,6;$3,816;190,17;8,4;A;200 898;2012;3
14;09/03/2012;$2 020 839;FALSE;45,5;$3,848;190,34;8,4;A;200 898;2012;3
14;16/03/2012;$1 941 041;FALSE;50,6;$3,862;190,46;8,4;A;200 898;2012;3
14;23/03/2012;$1 893 448;FALSE;59,5;$3,900;190,54;8,4;A;200 898;2012;3
14;30/03/2012;$1 905 033;FALSE;50,0;$3,953;190,61;8,4;A;200 898;2012;3
14;06/04/2012;$2 376 022;FALSE;49,7;$3,996;190,69;8,6;A;200 898;2012;4
14;13/04/2012;$1 912 910;FALSE;51,8;$4,044;190,76;8,6;A;200 898;2012;4
14;20/04/2012;$1 875 686;FALSE;63,1;$4,027;190,81;8,6;A;200 898;2012;4
14;27/04/2012;$1 784 030;FALSE;53,2;$4,004;190,87;8,6;A;200 898;2012;4
14;04/05/2012;$1 949 354;FALSE;55,2;$3,951;190,92;8,6;A;200 898;2012;5
14;11/05/2012;$1 987 531;FALSE;61,2;$3,889;190,98;8,6;A;200 898;2012;5
14;18/05/2012;$1 932 233;FALSE;66,3;$3,848;191,00;8,6;A;200 898;2012;5
14;25/05/2012;$2 030 870;FALSE;67,2;$3,798;191,00;8,6;A;200 898;2012;5
14;01/06/2012;$2 049 485;FALSE;74,5;$3,742;191,01;8,6;A;200 898;2012;6
14;08/06/2012;$2 099 616;FALSE;64,3;$3,689;191,02;8,6;A;200 898;2012;6
14;15/06/2012;$1 905 734;FALSE;71,9;$3,620;191,03;8,6;A;200 898;2012;6
14;22/06/2012;$1 660 229;FALSE;74,2;$3,564;191,06;8,6;A;200 898;2012;6
14;29/06/2012;$1 591 835;FALSE;75,2;$3,506;191,10;8,6;A;200 898;2012;6
14;06/07/2012;$1 862 129;FALSE;83,0;$3,475;191,13;8,7;A;200 898;2012;7
14;13/07/2012;$1 544 422;FALSE;80,0;$3,523;191,17;8,7;A;200 898;2012;7
14;20/07/2012;$1 553 250;FALSE;78,9;$3,567;191,17;8,7;A;200 898;2012;7
14;27/07/2012;$1 479 515;FALSE;77,2;$3,647;191,17;8,7;A;200 898;2012;7
14;03/08/2012;$1 656 886;FALSE;76,6;$3,654;191,16;8,7;A;200 898;2012;8
14;10/08/2012;$1 648 570;FALSE;78,7;$3,722;191,16;8,7;A;200 898;2012;8
14;17/08/2012;$1 660 433;FALSE;75,7;$3,807;191,23;8,7;A;200 898;2012;8
14;24/08/2012;$1 621 841;FALSE;72,6;$3,834;191,34;8,7;A;200 898;2012;8
14;31/08/2012;$1 613 342;FALSE;75,1;$3,867;191,46;8,7;A;200 898;2012;8
14;07/09/2012;$1 904 512;TRUE;75,7;$3,911;191,58;8,7;A;200 898;2012;9
14;14/09/2012;$1 554 794;FALSE;67,9;$3,948;191,70;8,7;A;200 898;2012;9
14;21/09/2012;$1 565 352;FALSE;65,3;$4,038;191,86;8,7;A;200 898;2012;9
14;28/09/2012;$1 522 512;FALSE;64,9;$3,997;192,01;8,7;A;200 898;2012;9
14;05/10/2012;$1 687 592;FALSE;64,9;$3,985;192,17;8,7;A;200 898;2012;10
14;12/10/2012;$1 639 586;FALSE;54,5;$4,000;192,33;8,7;A;200 898;2012;10
14;19/10/2012;$1 590 275;FALSE;56,5;$3,969;192,33;8,7;A;200 898;2012;10
14;26/10/2012;$1 704 358;FALSE;58,9;$3,882;192,31;8,7;A;200 898;2012;10
15;05/02/2010;$652 122;FALSE;19,8;$2,954;131,53;8,4;B;123 737;2010;2
15;12/02/2010;$682 447;TRUE;22,0;$2,940;131,59;8,4;B;123 737;2010;2
15;19/02/2010;$660 839;FALSE;27,5;$2,909;131,64;8,4;B;123 737;2010;2
15;26/02/2010;$564 883;FALSE;29,9;$2,910;131,69;8,4;B;123 737;2010;2
15;05/03/2010;$605 325;FALSE;31,8;$2,919;131,74;8,4;B;123 737;2010;3
15;12/03/2010;$604 174;FALSE;41,4;$2,938;131,78;8,4;B;123 737;2010;3
15;19/03/2010;$593 711;FALSE;44,7;$2,960;131,82;8,4;B;123 737;2010;3
15;26/03/2010;$592 111;FALSE;39,5;$2,963;131,86;8,4;B;123 737;2010;3
15;02/04/2010;$718 471;FALSE;45,3;$2,957;131,90;8,2;B;123 737;2010;4
15;09/04/2010;$634 606;FALSE;57,8;$2,992;131,94;8,2;B;123 737;2010;4
15;16/04/2010;$641 209;FALSE;49,6;$3,010;131,98;8,2;B;123 737;2010;4
15;23/04/2010;$643 098;FALSE;46,5;$3,021;132,02;8,2;B;123 737;2010;4
15;30/04/2010;$570 791;FALSE;49,1;$3,042;132,06;8,2;B;123 737;2010;4
15;07/05/2010;$661 349;FALSE;63,2;$3,095;132,11;8,2;B;123 737;2010;5
15;14/05/2010;$594 385;FALSE;47,1;$3,112;132,15;8,2;B;123 737;2010;5
15;21/05/2010;$616 598;FALSE;59,1;$3,096;132,22;8,2;B;123 737;2010;5
15;28/05/2010;$744 773;FALSE;70,6;$3,046;132,29;8,2;B;123 737;2010;5
15;04/06/2010;$693 193;FALSE;70,0;$3,006;132,36;8,2;B;123 737;2010;6
15;11/06/2010;$619 337;FALSE;61,0;$2,972;132,44;8,2;B;123 737;2010;6
15;18/06/2010;$652 330;FALSE;65,8;$2,942;132,47;8,2;B;123 737;2010;6
15;25/06/2010;$672 194;FALSE;72,8;$2,958;132,50;8,2;B;123 737;2010;6
15;02/07/2010;$709 337;FALSE;66,1;$2,958;132,52;8,1;B;123 737;2010;7
15;09/07/2010;$691 498;FALSE;77,3;$2,940;132,55;8,1;B;123 737;2010;7
15;16/07/2010;$633 204;FALSE;72,8;$2,933;132,57;8,1;B;123 737;2010;7
15;23/07/2010;$598 553;FALSE;73,2;$2,924;132,58;8,1;B;123 737;2010;7
15;30/07/2010;$619 224;FALSE;72,0;$2,932;132,60;8,1;B;123 737;2010;7
15;06/08/2010;$639 651;FALSE;72,7;$2,942;132,61;8,1;B;123 737;2010;8
15;13/08/2010;$622 437;FALSE;72,2;$2,923;132,63;8,1;B;123 737;2010;8
15;20/08/2010;$637 090;FALSE;71,1;$2,913;132,66;8,1;B;123 737;2010;8
15;27/08/2010;$649 791;FALSE;65,1;$2,885;132,69;8,1;B;123 737;2010;8
15;03/09/2010;$638 647;FALSE;73,2;$2,860;132,72;8,1;B;123 737;2010;9
15;10/09/2010;$641 965;TRUE;62,4;$2,837;132,76;8,1;B;123 737;2010;9
15;17/09/2010;$583 211;FALSE;57,9;$2,846;132,77;8,1;B;123 737;2010;9
15;24/09/2010;$548 542;FALSE;62,5;$2,837;132,76;8,1;B;123 737;2010;9
15;01/10/2010;$566 946;FALSE;59,7;$2,840;132,76;8,1;B;123 737;2010;10
15;08/10/2010;$591 604;FALSE;52,2;$2,903;132,75;8,1;B;123 737;2010;10
15;15/10/2010;$577 011;FALSE;50,0;$2,999;132,76;8,1;B;123 737;2010;10
15;22/10/2010;$600 396;FALSE;47,1;$3,049;132,82;8,1;B;123 737;2010;10
15;29/10/2010;$598 302;FALSE;55,1;$3,055;132,87;8,1;B;123 737;2010;10
15;05/11/2010;$612 988;FALSE;40,3;$3,049;132,92;8,1;B;123 737;2010;11
15;12/11/2010;$619 640;FALSE;39,6;$3,065;132,98;8,1;B;123 737;2010;11
15;19/11/2010;$608 201;FALSE;44,1;$3,138;132,92;8,1;B;123 737;2010;11
15;26/11/2010;$1 120 019;TRUE;40,7;$3,186;132,84;8,1;B;123 737;2010;11
15;03/12/2010;$754 135;FALSE;36,0;$3,200;132,76;8,1;B;123 737;2010;12
15;10/12/2010;$847 294;FALSE;24,0;$3,255;132,68;8,1;B;123 737;2010;12
15;17/12/2010;$983 825;FALSE;25,3;$3,301;132,68;8,1;B;123 737;2010;12
15;24/12/2010;$1 368 318;FALSE;25,1;$3,309;132,75;8,1;B;123 737;2010;12
15;31/12/2010;$543 754;TRUE;26,5;$3,336;132,82;8,1;B;123 737;2010;12
15;07/01/2011;$509 641;FALSE;30,5;$3,351;132,88;7,8;B;123 737;2011;1
15;14/01/2011;$479 424;FALSE;19,5;$3,367;132,95;7,8;B;123 737;2011;1
15;21/01/2011;$487 311;FALSE;21,8;$3,391;133,03;7,8;B;123 737;2011;1
15;28/01/2011;$481 120;FALSE;19,6;$3,402;133,11;7,8;B;123 737;2011;1
15;04/02/2011;$556 551;FALSE;20,7;$3,400;133,18;7,8;B;123 737;2011;2
15;11/02/2011;$582 864;TRUE;21,6;$3,416;133,26;7,8;B;123 737;2011;2
15;18/02/2011;$649 994;FALSE;33,1;$3,420;133,37;7,8;B;123 737;2011;2
15;25/02/2011;$547 564;FALSE;20,9;$3,452;133,49;7,8;B;123 737;2011;2
15;04/03/2011;$573 374;FALSE;28,2;$3,605;133,61;7,8;B;123 737;2011;3
15;11/03/2011;$537 035;FALSE;34,3;$3,752;133,74;7,8;B;123 737;2011;3
15;18/03/2011;$551 554;FALSE;40,2;$3,796;133,85;7,8;B;123 737;2011;3
15;25/03/2011;$527 389;FALSE;32,6;$3,789;133,96;7,8;B;123 737;2011;3
15;01/04/2011;$542 556;FALSE;30,3;$3,811;134,07;7,7;B;123 737;2011;4
15;08/04/2011;$587 371;FALSE;40,9;$3,895;134,18;7,7;B;123 737;2011;4
15;15/04/2011;$607 691;FALSE;48,6;$3,981;134,28;7,7;B;123 737;2011;4
15;22/04/2011;$655 318;FALSE;41,4;$4,061;134,36;7,7;B;123 737;2011;4
15;29/04/2011;$560 764;FALSE;55,5;$4,117;134,44;7,7;B;123 737;2011;4
15;06/05/2011;$630 523;FALSE;49,9;$4,192;134,51;7,7;B;123 737;2011;5
15;13/05/2011;$630 483;FALSE;57,1;$4,211;134,59;7,7;B;123 737;2011;5
15;20/05/2011;$593 942;FALSE;57,2;$4,202;134,68;7,7;B;123 737;2011;5
15;27/05/2011;$636 193;FALSE;65,9;$4,134;134,77;7,7;B;123 737;2011;5
15;03/06/2011;$695 396;FALSE;69,8;$4,069;134,86;7,7;B;123 737;2011;6
15;10/06/2011;$642 680;FALSE;69,9;$4,025;134,94;7,7;B;123 737;2011;6
15;17/06/2011;$639 929;FALSE;63,9;$3,989;135,08;7,7;B;123 737;2011;6
15;24/06/2011;$656 595;FALSE;70,0;$3,964;135,27;7,7;B;123 737;2011;6
15;01/07/2011;$674 669;FALSE;67,4;$3,916;135,45;7,8;B;123 737;2011;7
15;08/07/2011;$635 118;FALSE;73,5;$3,886;135,63;7,8;B;123 737;2011;7
15;15/07/2011;$624 115;FALSE;73,3;$3,915;135,78;7,8;B;123 737;2011;7
15;22/07/2011;$607 475;FALSE;80,0;$3,972;135,87;7,8;B;123 737;2011;7
15;29/07/2011;$577 511;FALSE;74,7;$4,004;135,96;7,8;B;123 737;2011;7
15;05/08/2011;$607 961;FALSE;73,6;$4,020;136,05;7,8;B;123 737;2011;8
15;12/08/2011;$590 836;FALSE;70,6;$3,995;136,14;7,8;B;123 737;2011;8
15;19/08/2011;$599 489;FALSE;70,4;$3,942;136,18;7,8;B;123 737;2011;8
15;26/08/2011;$605 413;FALSE;69,2;$3,906;136,21;7,8;B;123 737;2011;8
15;02/09/2011;$649 160;FALSE;67,6;$3,879;136,24;7,8;B;123 737;2011;9
15;09/09/2011;$607 594;TRUE;67,6;$3,930;136,27;7,8;B;123 737;2011;9
15;16/09/2011;$545 052;FALSE;62,1;$3,937;136,31;7,8;B;123 737;2011;9
15;23/09/2011;$545 571;FALSE;59,0;$3,899;136,37;7,8;B;123 737;2011;9
15;30/09/2011;$521 297;FALSE;64,9;$3,858;136,42;7,8;B;123 737;2011;9
15;07/10/2011;$579 069;FALSE;51,2;$3,775;136,47;7,9;B;123 737;2011;10
15;14/10/2011;$537 301;FALSE;61,3;$3,744;136,52;7,9;B;123 737;2011;10
15;21/10/2011;$603 319;FALSE;51,7;$3,757;136,50;7,9;B;123 737;2011;10
15;28/10/2011;$589 843;FALSE;45,5;$3,757;136,49;7,9;B;123 737;2011;10
15;04/11/2011;$615 122;FALSE;43,4;$3,738;136,48;7,9;B;123 737;2011;11
15;11/11/2011;$618 950;FALSE;47,1;$3,719;136,46;7,9;B;123 737;2011;11
15;18/11/2011;$597 857;FALSE;46,5;$3,717;136,47;7,9;B;123 737;2011;11
15;25/11/2011;$1 066 478;TRUE;41,1;$3,689;136,48;7,9;B;123 737;2011;11
15;02/12/2011;$699 029;FALSE;45,7;$3,666;136,49;7,9;B;123 737;2011;12
15;09/12/2011;$764 566;FALSE;38,5;$3,627;136,50;7,9;B;123 737;2011;12
15;16/12/2011;$870 415;FALSE;35,5;$3,611;136,53;7,9;B;123 737;2011;12
15;23/12/2011;$1 182 692;FALSE;34,9;$3,587;136,59;7,9;B;123 737;2011;12
15;30/12/2011;$603 461;TRUE;31,4;$3,566;136,64;7,9;B;123 737;2011;12
15;06/01/2012;$516 088;FALSE;30,2;$3,585;136,70;7,9;B;123 737;2012;1
15;13/01/2012;$454 183;FALSE;36,3;$3,666;136,75;7,9;B;123 737;2012;1
15;20/01/2012;$492 722;FALSE;21,4;$3,705;136,86;7,9;B;123 737;2012;1
15;27/01/2012;$466 046;FALSE;30,9;$3,737;136,96;7,9;B;123 737;2012;1
15;03/02/2012;$523 832;FALSE;35,3;$3,796;137,06;7,9;B;123 737;2012;2
15;10/02/2012;$628 218;TRUE;31,9;$3,826;137,17;7,9;B;123 737;2012;2
15;17/02/2012;$598 503;FALSE;30,3;$3,874;137,26;7,9;B;123 737;2012;2
15;24/02/2012;$561 137;FALSE;33,2;$3,917;137,34;7,9;B;123 737;2012;2
15;02/03/2012;$541 293;FALSE;33,2;$3,983;137,42;7,9;B;123 737;2012;3
15;09/03/2012;$545 121;FALSE;37,0;$4,021;137,51;7,9;B;123 737;2012;3
15;16/03/2012;$570 611;FALSE;47,4;$4,021;137,58;7,9;B;123 737;2012;3
15;23/03/2012;$565 482;FALSE;58,9;$4,054;137,66;7,9;B;123 737;2012;3
15;30/03/2012;$557 547;FALSE;42,7;$4,098;137,73;7,9;B;123 737;2012;3
15;06/04/2012;$659 950;FALSE;40,0;$4,143;137,80;8,2;B;123 737;2012;4
15;13/04/2012;$558 585;FALSE;43,5;$4,187;137,87;8,2;B;123 737;2012;4
15;20/04/2012;$534 781;FALSE;54,5;$4,170;137,92;8,2;B;123 737;2012;4
15;27/04/2012;$527 403;FALSE;41,6;$4,163;137,98;8,2;B;123 737;2012;4
15;04/05/2012;$577 868;FALSE;51,0;$4,124;138,03;8,2;B;123 737;2012;5
15;11/05/2012;$579 540;FALSE;54,2;$4,055;138,09;8,2;B;123 737;2012;5
15;18/05/2012;$600 051;FALSE;58,8;$4,029;138,11;8,2;B;123 737;2012;5
15;25/05/2012;$693 780;FALSE;68,0;$3,979;138,11;8,2;B;123 737;2012;5
15;01/06/2012;$663 971;FALSE;67,6;$3,915;138,11;8,2;B;123 737;2012;6
15;08/06/2012;$611 391;FALSE;59,4;$3,871;138,12;8,2;B;123 737;2012;6
15;15/06/2012;$636 738;FALSE;67,7;$3,786;138,13;8,2;B;123 737;2012;6
15;22/06/2012;$687 086;FALSE;74,3;$3,722;138,16;8,2;B;123 737;2012;6
15;29/06/2012;$624 099;FALSE;68,9;$3,667;138,20;8,2;B;123 737;2012;6
15;06/07/2012;$678 025;FALSE;74,6;$3,646;138,23;8,2;B;123 737;2012;7
15;13/07/2012;$591 336;FALSE;72,6;$3,689;138,26;8,2;B;123 737;2012;7
15;20/07/2012;$592 369;FALSE;75,3;$3,732;138,23;8,2;B;123 737;2012;7
15;27/07/2012;$571 191;FALSE;73,9;$3,820;138,20;8,2;B;123 737;2012;7
15;03/08/2012;$590 740;FALSE;73,1;$3,819;138,17;8,2;B;123 737;2012;8
15;10/08/2012;$590 454;FALSE;74,0;$3,863;138,14;8,2;B;123 737;2012;8
15;17/08/2012;$579 738;FALSE;70,3;$3,963;138,19;8,2;B;123 737;2012;8
15;24/08/2012;$606 211;FALSE;67,0;$3,997;138,28;8,2;B;123 737;2012;8
15;31/08/2012;$610 185;FALSE;71,4;$4,026;138,38;8,2;B;123 737;2012;8
15;07/09/2012;$587 260;TRUE;71,6;$4,076;138,47;8,2;B;123 737;2012;9
15;14/09/2012;$527 510;FALSE;65,4;$4,088;138,57;8,2;B;123 737;2012;9
15;21/09/2012;$533 162;FALSE;60,3;$4,203;138,65;8,2;B;123 737;2012;9
15;28/09/2012;$553 902;FALSE;57,1;$4,158;138,74;8,2;B;123 737;2012;9
15;05/10/2012;$573 499;FALSE;59,6;$4,151;138,83;8,0;B;123 737;2012;10
15;12/10/2012;$551 800;FALSE;49,1;$4,186;138,91;8,0;B;123 737;2012;10
15;19/10/2012;$555 653;FALSE;52,9;$4,153;138,83;8,0;B;123 737;2012;10
15;26/10/2012;$558 474;FALSE;55,8;$4,071;138,73;8,0;B;123 737;2012;10
16;05/02/2010;$477 409;FALSE;19,8;$2,580;189,38;7,0;B;57 197;2010;2
16;12/02/2010;$472 044;TRUE;20,9;$2,572;189,46;7,0;B;57 197;2010;2
16;19/02/2010;$469 869;FALSE;21,1;$2,550;189,53;7,0;B;57 197;2010;2
16;26/02/2010;$443 242;FALSE;18,1;$2,586;189,60;7,0;B;57 197;2010;2
16;05/03/2010;$444 182;FALSE;27,9;$2,620;189,67;7,0;B;57 197;2010;3
16;12/03/2010;$445 394;FALSE;28,6;$2,684;189,74;7,0;B;57 197;2010;3
16;19/03/2010;$504 307;FALSE;33,5;$2,692;189,73;7,0;B;57 197;2010;3
16;26/03/2010;$483 177;FALSE;29,9;$2,717;189,72;7,0;B;57 197;2010;3
16;02/04/2010;$490 504;FALSE;36,2;$2,725;189,70;6,8;B;57 197;2010;4
16;09/04/2010;$424 084;FALSE;34,2;$2,750;189,69;6,8;B;57 197;2010;4
16;16/04/2010;$436 312;FALSE;45,7;$2,765;189,66;6,8;B;57 197;2010;4
16;23/04/2010;$370 231;FALSE;44,9;$2,776;189,62;6,8;B;57 197;2010;4
16;30/04/2010;$383 551;FALSE;37,8;$2,766;189,58;6,8;B;57 197;2010;4
16;07/05/2010;$403 217;FALSE;37,4;$2,771;189,53;6,8;B;57 197;2010;5
16;14/05/2010;$401 771;FALSE;41,3;$2,788;189,49;6,8;B;57 197;2010;5
16;21/05/2010;$435 301;FALSE;47,3;$2,776;189,47;6,8;B;57 197;2010;5
16;28/05/2010;$479 430;FALSE;52,1;$2,737;189,45;6,8;B;57 197;2010;5
16;04/06/2010;$516 296;FALSE;53,8;$2,700;189,42;6,8;B;57 197;2010;6
16;11/06/2010;$535 587;FALSE;62,6;$2,684;189,40;6,8;B;57 197;2010;6
16;18/06/2010;$540 150;FALSE;52,4;$2,674;189,42;6,8;B;57 197;2010;6
16;25/06/2010;$546 555;FALSE;62,4;$2,715;189,45;6,8;B;57 197;2010;6
16;02/07/2010;$610 641;FALSE;64,4;$2,728;189,49;6,9;B;57 197;2010;7
16;09/07/2010;$614 253;FALSE;61,8;$2,711;189,52;6,9;B;57 197;2010;7
16;16/07/2010;$586 584;FALSE;67,7;$2,699;189,61;6,9;B;57 197;2010;7
16;23/07/2010;$588 344;FALSE;70,7;$2,691;189,77;6,9;B;57 197;2010;7
16;30/07/2010;$562 634;FALSE;70,7;$2,690;189,94;6,9;B;57 197;2010;7
16;06/08/2010;$586 936;FALSE;67,4;$2,690;190,10;6,9;B;57 197;2010;8
16;13/08/2010;$543 758;FALSE;63,9;$2,723;190,26;6,9;B;57 197;2010;8
16;20/08/2010;$521 517;FALSE;63,6;$2,732;190,29;6,9;B;57 197;2010;8
16;27/08/2010;$581 011;FALSE;65,7;$2,731;190,33;6,9;B;57 197;2010;8
16;03/09/2010;$542 088;FALSE;58,0;$2,773;190,36;6,9;B;57 197;2010;9
16;10/09/2010;$537 519;TRUE;57,2;$2,780;190,40;6,9;B;57 197;2010;9
16;17/09/2010;$522 050;FALSE;56,6;$2,800;190,47;6,9;B;57 197;2010;9
16;24/09/2010;$511 330;FALSE;58,2;$2,793;190,57;6,9;B;57 197;2010;9
16;01/10/2010;$463 978;FALSE;59,4;$2,759;190,67;7,0;B;57 197;2010;10
16;08/10/2010;$442 894;FALSE;54,3;$2,745;190,78;7,0;B;57 197;2010;10
16;15/10/2010;$452 169;FALSE;45,0;$2,762;190,86;7,0;B;57 197;2010;10
16;22/10/2010;$541 217;FALSE;45,9;$2,762;190,91;7,0;B;57 197;2010;10
16;29/10/2010;$495 023;FALSE;35,8;$2,748;190,95;7,0;B;57 197;2010;10
16;05/11/2010;$446 905;FALSE;39,9;$2,729;191,00;7,0;B;57 197;2010;11
16;12/11/2010;$453 633;FALSE;34,0;$2,737;191,04;7,0;B;57 197;2010;11
16;19/11/2010;$458 635;FALSE;27,3;$2,758;191,03;7,0;B;57 197;2010;11
16;26/11/2010;$651 838;TRUE;23,5;$2,742;191,01;7,0;B;57 197;2010;11
16;03/12/2010;$512 261;FALSE;23,7;$2,712;190,99;7,0;B;57 197;2010;12
16;10/12/2010;$570 104;FALSE;32,0;$2,728;190,97;7,0;B;57 197;2010;12
16;17/12/2010;$648 652;FALSE;26,0;$2,778;191,03;7,0;B;57 197;2010;12
16;24/12/2010;$1 004 731;FALSE;32,5;$2,781;191,14;7,0;B;57 197;2010;12
16;31/12/2010;$575 317;TRUE;19,7;$2,829;191,26;7,0;B;57 197;2010;12
16;07/01/2011;$573 546;FALSE;12,4;$2,882;191,37;6,6;B;57 197;2011;1
16;14/01/2011;$470 366;FALSE;17,5;$2,911;191,48;6,6;B;57 197;2011;1
16;21/01/2011;$462 888;FALSE;28,6;$2,973;191,57;6,6;B;57 197;2011;1
16;28/01/2011;$448 392;FALSE;20,8;$3,008;191,67;6,6;B;57 197;2011;1
16;04/02/2011;$479 263;FALSE;13,6;$3,011;191,76;6,6;B;57 197;2011;2
16;11/02/2011;$466 807;TRUE;15,0;$3,037;191,86;6,6;B;57 197;2011;2
16;18/02/2011;$491 180;FALSE;27,2;$3,051;191,92;6,6;B;57 197;2011;2
16;25/02/2011;$475 202;FALSE;26,2;$3,101;191,96;6,6;B;57 197;2011;2
16;04/03/2011;$484 829;FALSE;31,8;$3,232;192,01;6,6;B;57 197;2011;3
16;11/03/2011;$457 504;FALSE;29,4;$3,372;192,06;6,6;B;57 197;2011;3
16;18/03/2011;$497 373;FALSE;36,5;$3,406;192,12;6,6;B;57 197;2011;3
16;25/03/2011;$465 280;FALSE;32,6;$3,414;192,20;6,6;B;57 197;2011;3
16;01/04/2011;$459 756;FALSE;35,8;$3,461;192,27;6,3;B;57 197;2011;4
16;08/04/2011;$439 277;FALSE;38,0;$3,532;192,34;6,3;B;57 197;2011;4
16;15/04/2011;$427 855;FALSE;34,6;$3,611;192,42;6,3;B;57 197;2011;4
16;22/04/2011;$368 600;FALSE;40,7;$3,636;192,52;6,3;B;57 197;2011;4
16;29/04/2011;$378 100;FALSE;37,8;$3,663;192,62;6,3;B;57 197;2011;4
16;06/05/2011;$423 805;FALSE;38,6;$3,735;192,73;6,3;B;57 197;2011;5
16;13/05/2011;$410 407;FALSE;43,3;$3,767;192,83;6,3;B;57 197;2011;5
16;20/05/2011;$435 397;FALSE;44,0;$3,828;192,83;6,3;B;57 197;2011;5
16;27/05/2011;$444 719;FALSE;45,2;$3,795;192,84;6,3;B;57 197;2011;5
16;03/06/2011;$531 080;FALSE;54,1;$3,763;192,84;6,3;B;57 197;2011;6
16;10/06/2011;$600 952;FALSE;55,8;$3,735;192,85;6,3;B;57 197;2011;6
16;17/06/2011;$581 546;FALSE;58,3;$3,697;192,90;6,3;B;57 197;2011;6
16;24/06/2011;$569 105;FALSE;54,4;$3,661;193,00;6,3;B;57 197;2011;6
16;01/07/2011;$608 738;FALSE;63,6;$3,597;193,09;6,3;B;57 197;2011;7
16;08/07/2011;$634 635;FALSE;65,0;$3,540;193,19;6,3;B;57 197;2011;7
16;15/07/2011;$586 842;FALSE;65,2;$3,532;193,31;6,3;B;57 197;2011;7
16;22/07/2011;$581 758;FALSE;65,4;$3,545;193,51;6,3;B;57 197;2011;7
16;29/07/2011;$582 382;FALSE;66,8;$3,547;193,71;6,3;B;57 197;2011;7
16;05/08/2011;$592 981;FALSE;64,0;$3,554;193,91;6,3;B;57 197;2011;8
16;12/08/2011;$563 884;FALSE;67,1;$3,542;194,11;6,3;B;57 197;2011;8
16;19/08/2011;$554 630;FALSE;68,8;$3,499;194,25;6,3;B;57 197;2011;8
16;26/08/2011;$557 312;FALSE;67,5;$3,485;194,38;6,3;B;57 197;2011;8
16;02/09/2011;$580 805;FALSE;63,4;$3,511;194,51;6,3;B;57 197;2011;9
16;09/09/2011;$574 623;TRUE;57,0;$3,566;194,64;6,3;B;57 197;2011;9
16;16/09/2011;$539 081;FALSE;53,7;$3,596;194,74;6,3;B;57 197;2011;9
16;23/09/2011;$504 857;FALSE;50,4;$3,581;194,81;6,3;B;57 197;2011;9
16;30/09/2011;$450 075;FALSE;57,6;$3,538;194,88;6,3;B;57 197;2011;9
16;07/10/2011;$482 927;FALSE;48,9;$3,498;194,95;6,2;B;57 197;2011;10
16;14/10/2011;$498 241;FALSE;40,0;$3,491;195,03;6,2;B;57 197;2011;10
16;21/10/2011;$560 104;FALSE;47,0;$3,548;195,18;6,2;B;57 197;2011;10
16;28/10/2011;$505 918;FALSE;42,0;$3,550;195,33;6,2;B;57 197;2011;10
16;04/11/2011;$511 060;FALSE;33,4;$3,527;195,48;6,2;B;57 197;2011;11
16;11/11/2011;$513 181;FALSE;29,6;$3,505;195,64;6,2;B;57 197;2011;11
16;18/11/2011;$480 354;FALSE;31,7;$3,479;195,72;6,2;B;57 197;2011;11
16;25/11/2011;$712 422;TRUE;31,4;$3,424;195,77;6,2;B;57 197;2011;11
16;02/12/2011;$530 493;FALSE;27,8;$3,378;195,82;6,2;B;57 197;2011;12
16;09/12/2011;$574 799;FALSE;14,4;$3,331;195,87;6,2;B;57 197;2011;12
16;16/12/2011;$679 482;FALSE;22,5;$3,266;195,98;6,2;B;57 197;2011;12
16;23/12/2011;$950 692;FALSE;20,8;$3,173;196,17;6,2;B;57 197;2011;12
16;30/12/2011;$665 861;TRUE;23,9;$3,119;196,36;6,2;B;57 197;2011;12
16;06/01/2012;$564 538;FALSE;26,5;$3,095;196,55;6,2;B;57 197;2012;1
16;13/01/2012;$508 520;FALSE;19,6;$3,077;196,73;6,2;B;57 197;2012;1
16;20/01/2012;$474 390;FALSE;29,3;$3,055;196,78;6,2;B;57 197;2012;1
16;27/01/2012;$453 979;FALSE;28,2;$3,038;196,83;6,2;B;57 197;2012;1
16;03/02/2012;$475 905;FALSE;25,5;$3,031;196,87;6,2;B;57 197;2012;2
16;10/02/2012;$473 767;TRUE;23,7;$3,103;196,92;6,2;B;57 197;2012;2
16;17/02/2012;$494 069;FALSE;31,2;$3,113;196,94;6,2;B;57 197;2012;2
16;24/02/2012;$495 720;FALSE;26,2;$3,129;196,95;6,2;B;57 197;2012;2
16;02/03/2012;$464 189;FALSE;23,4;$3,191;196,96;6,2;B;57 197;2012;3
16;09/03/2012;$495 952;FALSE;28,2;$3,286;196,96;6,2;B;57 197;2012;3
16;16/03/2012;$520 851;FALSE;38,0;$3,486;197,05;6,2;B;57 197;2012;3
16;23/03/2012;$493 504;FALSE;38,7;$3,664;197,23;6,2;B;57 197;2012;3
16;30/03/2012;$485 095;FALSE;48,3;$3,750;197,41;6,2;B;57 197;2012;3
16;06/04/2012;$502 662;FALSE;48,9;$3,854;197,60;6,2;B;57 197;2012;4
16;13/04/2012;$450 757;FALSE;45,8;$3,901;197,78;6,2;B;57 197;2012;4
16;20/04/2012;$436 221;FALSE;43,6;$3,936;197,72;6,2;B;57 197;2012;4
16;27/04/2012;$398 445;FALSE;59,7;$3,927;197,66;6,2;B;57 197;2012;4
16;04/05/2012;$426 960;FALSE;51,3;$3,903;197,61;6,2;B;57 197;2012;5
16;11/05/2012;$479 855;FALSE;53,6;$3,870;197,55;6,2;B;57 197;2012;5
16;18/05/2012;$493 506;FALSE;56,7;$3,837;197,56;6,2;B;57 197;2012;5
16;25/05/2012;$518 045;FALSE;57,4;$3,804;197,59;6,2;B;57 197;2012;5
16;01/06/2012;$532 312;FALSE;59,0;$3,764;197,62;6,2;B;57 197;2012;6
16;08/06/2012;$603 619;FALSE;65,4;$3,741;197,66;6,2;B;57 197;2012;6
16;15/06/2012;$570 046;FALSE;65,4;$3,723;197,69;6,2;B;57 197;2012;6
16;22/06/2012;$581 746;FALSE;70,4;$3,735;197,74;6,2;B;57 197;2012;6
16;29/06/2012;$570 162;FALSE;77,3;$3,693;197,79;6,2;B;57 197;2012;6
16;06/07/2012;$641 764;FALSE;70,5;$3,646;197,83;6,1;B;57 197;2012;7
16;13/07/2012;$569 005;FALSE;70,3;$3,613;197,88;6,1;B;57 197;2012;7
16;20/07/2012;$565 298;FALSE;68,4;$3,585;197,93;6,1;B;57 197;2012;7
16;27/07/2012;$539 338;FALSE;69,0;$3,570;197,98;6,1;B;57 197;2012;7
16;03/08/2012;$584 001;FALSE;68,6;$3,528;198,03;6,1;B;57 197;2012;8
16;10/08/2012;$554 037;FALSE;70,2;$3,509;198,08;6,1;B;57 197;2012;8
16;17/08/2012;$521 897;FALSE;62,1;$3,545;198,10;6,1;B;57 197;2012;8
16;24/08/2012;$551 152;FALSE;61,4;$3,558;198,10;6,1;B;57 197;2012;8
16;31/08/2012;$551 837;FALSE;64,2;$3,556;198,10;6,1;B;57 197;2012;8
16;07/09/2012;$537 139;TRUE;60,1;$3,596;198,10;6,1;B;57 197;2012;9
16;14/09/2012;$526 525;FALSE;56,7;$3,659;198,13;6,1;B;57 197;2012;9
16;21/09/2012;$509 943;FALSE;56,5;$3,765;198,36;6,1;B;57 197;2012;9
16;28/09/2012;$469 608;FALSE;51,4;$3,789;198,59;6,1;B;57 197;2012;9
16;05/10/2012;$471 282;FALSE;50,5;$3,779;198,82;5,8;B;57 197;2012;10
16;12/10/2012;$491 817;FALSE;43,3;$3,760;199,05;5,8;B;57 197;2012;10
16;19/10/2012;$577 199;FALSE;40,6;$3,750;199,15;5,8;B;57 197;2012;10
16;26/10/2012;$475 770;FALSE;41,0;$3,686;199,22;5,8;B;57 197;2012;10
17;05/02/2010;$789 036;FALSE;23,1;$2,666;126,44;6,5;B;93 188;2010;2
17;12/02/2010;$841 952;TRUE;18,4;$2,671;126,50;6,5;B;93 188;2010;2
17;19/02/2010;$800 714;FALSE;25,1;$2,654;126,53;6,5;B;93 188;2010;2
17;26/02/2010;$749 550;FALSE;15,6;$2,667;126,55;6,5;B;93 188;2010;2
17;05/03/2010;$783 300;FALSE;31,6;$2,681;126,58;6,5;B;93 188;2010;3
17;12/03/2010;$763 962;FALSE;29,7;$2,733;126,60;6,5;B;93 188;2010;3
17;19/03/2010;$752 035;FALSE;34,0;$2,782;126,61;6,5;B;93 188;2010;3
17;26/03/2010;$793 098;FALSE;35,6;$2,819;126,61;6,5;B;93 188;2010;3
17;02/04/2010;$848 521;FALSE;36,9;$2,842;126,60;6,6;B;93 188;2010;4
17;09/04/2010;$770 228;FALSE;34,1;$2,877;126,60;6,6;B;93 188;2010;4
17;16/04/2010;$757 739;FALSE;45,2;$2,915;126,56;6,6;B;93 188;2010;4
17;23/04/2010;$977 791;FALSE;52,3;$2,936;126,47;6,6;B;93 188;2010;4
17;30/04/2010;$807 799;FALSE;43,8;$2,941;126,38;6,6;B;93 188;2010;4
17;07/05/2010;$843 849;FALSE;40,3;$2,948;126,29;6,6;B;93 188;2010;5
17;14/05/2010;$813 756;FALSE;47,3;$2,962;126,21;6,6;B;93 188;2010;5
17;21/05/2010;$826 627;FALSE;53,9;$2,950;126,18;6,6;B;93 188;2010;5
17;28/05/2010;$872 818;FALSE;48,2;$2,908;126,16;6,6;B;93 188;2010;5
17;04/06/2010;$876 903;FALSE;53,8;$2,871;126,14;6,6;B;93 188;2010;6
17;11/06/2010;$845 252;FALSE;57,1;$2,841;126,11;6,6;B;93 188;2010;6
17;18/06/2010;$877 996;FALSE;54,9;$2,819;126,11;6,6;B;93 188;2010;6
17;25/06/2010;$893 995;FALSE;62,6;$2,820;126,13;6,6;B;93 188;2010;6
17;02/07/2010;$958 875;FALSE;69,0;$2,814;126,14;6,7;B;93 188;2010;7
17;09/07/2010;$836 916;FALSE;62,4;$2,802;126,15;6,7;B;93 188;2010;7
17;16/07/2010;$876 591;FALSE;65,7;$2,791;126,15;6,7;B;93 188;2010;7
17;23/07/2010;$893 505;FALSE;69,7;$2,797;126,13;6,7;B;93 188;2010;7
17;30/07/2010;$833 517;FALSE;70,0;$2,797;126,11;6,7;B;93 188;2010;7
17;06/08/2010;$795 301;FALSE;70,5;$2,802;126,09;6,7;B;93 188;2010;8
17;13/08/2010;$759 995;FALSE;65,2;$2,837;126,06;6,7;B;93 188;2010;8
17;20/08/2010;$783 930;FALSE;67,0;$2,850;126,08;6,7;B;93 188;2010;8
17;27/08/2010;$802 584;FALSE;65,0;$2,854;126,09;6,7;B;93 188;2010;8
17;03/09/2010;$834 374;FALSE;57,9;$2,868;126,10;6,7;B;93 188;2010;9
17;10/09/2010;$1 200 888;TRUE;56,3;$2,870;126,11;6,7;B;93 188;2010;9
17;17/09/2010;$871 264;FALSE;58,5;$2,875;126,15;6,7;B;93 188;2010;9
17;24/09/2010;$852 876;FALSE;58,4;$2,872;126,19;6,7;B;93 188;2010;9
17;01/10/2010;$829 207;FALSE;60,1;$2,853;126,23;6,9;B;93 188;2010;10
17;08/10/2010;$827 738;FALSE;58,1;$2,841;126,28;6,9;B;93 188;2010;10
17;15/10/2010;$838 297;FALSE;47,4;$2,845;126,33;6,9;B;93 188;2010;10
17;22/10/2010;$815 094;FALSE;48,0;$2,849;126,38;6,9;B;93 188;2010;10
17;29/10/2010;$861 941;FALSE;39,9;$2,841;126,44;6,9;B;93 188;2010;10
17;05/11/2010;$818 434;FALSE;42,5;$2,831;126,49;6,9;B;93 188;2010;11
17;12/11/2010;$855 460;FALSE;36,3;$2,831;126,55;6,9;B;93 188;2010;11
17;19/11/2010;$782 253;FALSE;36,3;$2,842;126,61;6,9;B;93 188;2010;11
17;26/11/2010;$1 005 449;TRUE;19,0;$2,830;126,67;6,9;B;93 188;2010;11
17;03/12/2010;$926 574;FALSE;22,5;$2,812;126,73;6,9;B;93 188;2010;12
17;10/12/2010;$962 476;FALSE;31,6;$2,817;126,79;6,9;B;93 188;2010;12
17;17/12/2010;$1 049 372;FALSE;25,1;$2,842;126,88;6,9;B;93 188;2010;12
17;24/12/2010;$1 309 227;FALSE;26,6;$2,846;126,98;6,9;B;93 188;2010;12
17;31/12/2010;$635 863;TRUE;20,8;$2,868;127,09;6,9;B;93 188;2010;12
17;07/01/2011;$1 083 071;FALSE;6,2;$2,891;127,19;6,9;B;93 188;2011;1
17;14/01/2011;$758 510;FALSE;16,6;$2,903;127,30;6,9;B;93 188;2011;1
17;21/01/2011;$755 804;FALSE;26,6;$2,934;127,44;6,9;B;93 188;2011;1
17;28/01/2011;$736 336;FALSE;22,2;$2,960;127,58;6,9;B;93 188;2011;1
17;04/02/2011;$816 603;FALSE;11,3;$2,974;127,72;6,9;B;93 188;2011;2
17;11/02/2011;$813 211;TRUE;14,2;$3,034;127,86;6,9;B;93 188;2011;2
17;18/02/2011;$860 963;FALSE;26,9;$3,062;128,00;6,9;B;93 188;2011;2
17;25/02/2011;$767 257;FALSE;24,4;$3,120;128,13;6,9;B;93 188;2011;2
17;04/03/2011;$816 138;FALSE;24,2;$3,230;128,26;6,9;B;93 188;2011;3
17;11/03/2011;$779 602;FALSE;32,4;$3,346;128,40;6,9;B;93 188;2011;3
17;18/03/2011;$778 437;FALSE;34,5;$3,407;128,51;6,9;B;93 188;2011;3
17;25/03/2011;$781 268;FALSE;36,7;$3,435;128,62;6,9;B;93 188;2011;3
17;01/04/2011;$795 859;FALSE;39,4;$3,487;128,72;6,8;B;93 188;2011;4
17;08/04/2011;$811 856;FALSE;39,2;$3,547;128,82;6,8;B;93 188;2011;4
17;15/04/2011;$825 283;FALSE;40,0;$3,616;128,91;6,8;B;93 188;2011;4
17;22/04/2011;$1 060 770;FALSE;42,2;$3,655;128,96;6,8;B;93 188;2011;4
17;29/04/2011;$806 979;FALSE;40,1;$3,683;129,00;6,8;B;93 188;2011;4
17;06/05/2011;$882 132;FALSE;45,7;$3,744;129,04;6,8;B;93 188;2011;5
17;13/05/2011;$870 625;FALSE;49,3;$3,770;129,09;6,8;B;93 188;2011;5
17;20/05/2011;$844 443;FALSE;51,9;$3,802;129,08;6,8;B;93 188;2011;5
17;27/05/2011;$892 057;FALSE;51,0;$3,778;129,06;6,8;B;93 188;2011;5
17;03/06/2011;$895 020;FALSE;49,6;$3,752;129,05;6,8;B;93 188;2011;6
17;10/06/2011;$881 190;FALSE;54,6;$3,732;129,04;6,8;B;93 188;2011;6
17;17/06/2011;$894 687;FALSE;56,6;$3,704;129,04;6,8;B;93 188;2011;6
17;24/06/2011;$920 720;FALSE;61,0;$3,668;129,07;6,8;B;93 188;2011;6
17;01/07/2011;$940 554;FALSE;67,4;$3,613;129,09;6,7;B;93 188;2011;7
17;08/07/2011;$915 064;FALSE;70,6;$3,563;129,11;6,7;B;93 188;2011;7
17;15/07/2011;$902 728;FALSE;67,9;$3,553;129,13;6,7;B;93 188;2011;7
17;22/07/2011;$899 044;FALSE;69,8;$3,563;129,15;6,7;B;93 188;2011;7
17;29/07/2011;$861 895;FALSE;68,6;$3,574;129,17;6,7;B;93 188;2011;7
17;05/08/2011;$866 185;FALSE;65,7;$3,595;129,18;6,7;B;93 188;2011;8
17;12/08/2011;$800 820;FALSE;64,8;$3,606;129,20;6,7;B;93 188;2011;8
17;19/08/2011;$797 523;FALSE;67,6;$3,578;129,24;6,7;B;93 188;2011;8
17;26/08/2011;$837 391;FALSE;72,0;$3,570;129,28;6,7;B;93 188;2011;8
17;02/09/2011;$847 380;FALSE;69,3;$3,580;129,33;6,7;B;93 188;2011;9
17;09/09/2011;$1 161 900;TRUE;61,9;$3,619;129,37;6,7;B;93 188;2011;9
17;16/09/2011;$1 051 117;FALSE;61,5;$3,641;129,43;6,7;B;93 188;2011;9
17;23/09/2011;$895 535;FALSE;57,0;$3,648;129,52;6,7;B;93 188;2011;9
17;30/09/2011;$868 191;FALSE;61,4;$3,623;129,61;6,7;B;93 188;2011;9
17;07/10/2011;$918 007;FALSE;54,4;$3,592;129,69;6,6;B;93 188;2011;10
17;14/10/2011;$884 043;FALSE;47,7;$3,567;129,77;6,6;B;93 188;2011;10
17;21/10/2011;$877 380;FALSE;47,3;$3,579;129,78;6,6;B;93 188;2011;10
17;28/10/2011;$936 508;FALSE;41,9;$3,567;129,79;6,6;B;93 188;2011;10
17;04/11/2011;$927 658;FALSE;37,5;$3,538;129,81;6,6;B;93 188;2011;11
17;11/11/2011;$914 759;FALSE;27,6;$3,513;129,82;6,6;B;93 188;2011;11
17;18/11/2011;$877 724;FALSE;32,9;$3,489;129,83;6,6;B;93 188;2011;11
17;25/11/2011;$1 225 700;TRUE;32,8;$3,445;129,84;6,6;B;93 188;2011;11
17;02/12/2011;$945 268;FALSE;26,5;$3,389;129,85;6,6;B;93 188;2011;12
17;09/12/2011;$976 523;FALSE;17,6;$3,341;129,86;6,6;B;93 188;2011;12
17;16/12/2011;$1 067 754;FALSE;21,1;$3,282;129,90;6,6;B;93 188;2011;12
17;23/12/2011;$1 289 157;FALSE;18,8;$3,186;129,98;6,6;B;93 188;2011;12
17;30/12/2011;$777 207;TRUE;26,7;$3,119;130,07;6,6;B;93 188;2011;12
17;06/01/2012;$1 198 104;FALSE;27,6;$3,080;130,16;6,4;B;93 188;2012;1
17;13/01/2012;$873 577;FALSE;20,3;$3,056;130,24;6,4;B;93 188;2012;1
17;20/01/2012;$809 273;FALSE;27,3;$3,047;130,28;6,4;B;93 188;2012;1
17;27/01/2012;$769 522;FALSE;30,0;$3,058;130,31;6,4;B;93 188;2012;1
17;03/02/2012;$864 853;FALSE;26,3;$3,077;130,35;6,4;B;93 188;2012;2
17;10/02/2012;$880 166;TRUE;23,6;$3,116;130,38;6,4;B;93 188;2012;2
17;17/02/2012;$927 085;FALSE;30,8;$3,119;130,45;6,4;B;93 188;2012;2
17;24/02/2012;$843 864;FALSE;30,0;$3,145;130,55;6,4;B;93 188;2012;2
17;02/03/2012;$856 178;FALSE;26,3;$3,242;130,65;6,4;B;93 188;2012;3
17;09/03/2012;$860 225;FALSE;32,0;$3,380;130,74;6,4;B;93 188;2012;3
17;16/03/2012;$853 136;FALSE;43,7;$3,529;130,83;6,4;B;93 188;2012;3
17;23/03/2012;$851 762;FALSE;40,7;$3,671;130,90;6,4;B;93 188;2012;3
17;30/03/2012;$872 469;FALSE;45,3;$3,734;130,97;6,4;B;93 188;2012;3
17;06/04/2012;$986 923;FALSE;43,9;$3,793;131,04;6,2;B;93 188;2012;4
17;13/04/2012;$877 055;FALSE;46,9;$3,833;131,11;6,2;B;93 188;2012;4
17;20/04/2012;$1 119 980;FALSE;47,7;$3,845;131,12;6,2;B;93 188;2012;4
17;27/04/2012;$925 917;FALSE;59,1;$3,842;131,13;6,2;B;93 188;2012;4
17;04/05/2012;$930 121;FALSE;48,9;$3,831;131,14;6,2;B;93 188;2012;5
17;11/05/2012;$944 100;FALSE;50,0;$3,809;131,15;6,2;B;93 188;2012;5
17;18/05/2012;$968 816;FALSE;59,7;$3,808;131,10;6,2;B;93 188;2012;5
17;25/05/2012;$984 882;FALSE;55,7;$3,801;131,03;6,2;B;93 188;2012;5
17;01/06/2012;$938 914;FALSE;54,1;$3,788;130,96;6,2;B;93 188;2012;6
17;08/06/2012;$987 990;FALSE;60,5;$3,776;130,89;6,2;B;93 188;2012;6
17;15/06/2012;$964 170;FALSE;56,7;$3,756;130,83;6,2;B;93 188;2012;6
17;22/06/2012;$981 211;FALSE;62,9;$3,737;130,79;6,2;B;93 188;2012;6
17;29/06/2012;$982 322;FALSE;71,1;$3,681;130,76;6,2;B;93 188;2012;6
17;06/07/2012;$1 046 783;FALSE;68,9;$3,630;130,72;5,9;B;93 188;2012;7
17;13/07/2012;$960 746;FALSE;72,9;$3,595;130,68;5,9;B;93 188;2012;7
17;20/07/2012;$944 699;FALSE;70,6;$3,556;130,70;5,9;B;93 188;2012;7
17;27/07/2012;$907 493;FALSE;74,2;$3,537;130,72;5,9;B;93 188;2012;7
17;03/08/2012;$877 813;FALSE;72,9;$3,512;130,74;5,9;B;93 188;2012;8
17;10/08/2012;$849 074;FALSE;73,3;$3,509;130,76;5,9;B;93 188;2012;8
17;17/08/2012;$844 928;FALSE;71,0;$3,545;130,79;5,9;B;93 188;2012;8
17;24/08/2012;$924 300;FALSE;68,9;$3,582;130,84;5,9;B;93 188;2012;8
17;31/08/2012;$865 924;FALSE;68,1;$3,624;130,89;5,9;B;93 188;2012;8
17;07/09/2012;$1 255 633;TRUE;62,0;$3,689;130,93;5,9;B;93 188;2012;9
17;14/09/2012;$1 071 040;FALSE;59,6;$3,749;130,98;5,9;B;93 188;2012;9
17;21/09/2012;$938 303;FALSE;58,4;$3,821;131,01;5,9;B;93 188;2012;9
17;28/09/2012;$972 716;FALSE;57,8;$3,821;131,04;5,9;B;93 188;2012;9
17;05/10/2012;$952 609;FALSE;52,8;$3,815;131,08;5,5;B;93 188;2012;10
17;12/10/2012;$919 878;FALSE;44,8;$3,797;131,11;5,5;B;93 188;2012;10
17;19/10/2012;$957 357;FALSE;48,2;$3,781;131,15;5,5;B;93 188;2012;10
17;26/10/2012;$943 465;FALSE;39,9;$3,755;131,19;5,5;B;93 188;2012;10
18;05/02/2010;$1 205 308;FALSE;21,3;$2,788;131,53;9,2;B;120 653;2010;2
18;12/02/2010;$1 187 881;TRUE;26,4;$2,771;131,59;9,2;B;120 653;2010;2
18;19/02/2010;$1 150 663;FALSE;30,9;$2,747;131,64;9,2;B;120 653;2010;2
18;26/02/2010;$1 068 157;FALSE;35,4;$2,753;131,69;9,2;B;120 653;2010;2
18;05/03/2010;$1 179 739;FALSE;37,2;$2,766;131,74;9,2;B;120 653;2010;3
18;12/03/2010;$1 138 800;FALSE;42,4;$2,805;131,78;9,2;B;120 653;2010;3
18;19/03/2010;$1 087 507;FALSE;45,4;$2,834;131,82;9,2;B;120 653;2010;3
18;26/03/2010;$1 092 704;FALSE;47,6;$2,831;131,86;9,2;B;120 653;2010;3
18;02/04/2010;$1 254 108;FALSE;45,6;$2,826;131,90;9,3;B;120 653;2010;4
18;09/04/2010;$1 174 448;FALSE;59,9;$2,849;131,94;9,3;B;120 653;2010;4
18;16/04/2010;$1 135 578;FALSE;50,3;$2,885;131,98;9,3;B;120 653;2010;4
18;23/04/2010;$1 132 434;FALSE;50,3;$2,895;132,02;9,3;B;120 653;2010;4
18;30/04/2010;$1 060 446;FALSE;51,1;$2,935;132,06;9,3;B;120 653;2010;4
18;07/05/2010;$1 222 255;FALSE;65,6;$2,981;132,11;9,3;B;120 653;2010;5
18;14/05/2010;$1 092 616;FALSE;49,9;$2,983;132,15;9,3;B;120 653;2010;5
18;21/05/2010;$1 101 621;FALSE;60,3;$2,961;132,22;9,3;B;120 653;2010;5
18;28/05/2010;$1 256 283;FALSE;69,1;$2,906;132,29;9,3;B;120 653;2010;5
18;04/06/2010;$1 271 312;FALSE;70,3;$2,857;132,36;9,3;B;120 653;2010;6
18;11/06/2010;$1 173 522;FALSE;64,1;$2,830;132,44;9,3;B;120 653;2010;6
18;18/06/2010;$1 183 226;FALSE;66,0;$2,805;132,47;9,3;B;120 653;2010;6
18;25/06/2010;$1 220 983;FALSE;74,0;$2,810;132,50;9,3;B;120 653;2010;6
18;02/07/2010;$1 257 928;FALSE;71,2;$2,815;132,52;9,3;B;120 653;2010;7
18;09/07/2010;$1 171 391;FALSE;79,8;$2,806;132,55;9,3;B;120 653;2010;7
18;16/07/2010;$1 115 515;FALSE;76,9;$2,796;132,57;9,3;B;120 653;2010;7
18;23/07/2010;$1 032 908;FALSE;75,7;$2,784;132,58;9,3;B;120 653;2010;7
18;30/07/2010;$1 078 558;FALSE;75,8;$2,792;132,60;9,3;B;120 653;2010;7
18;06/08/2010;$1 166 118;FALSE;73,7;$2,792;132,61;9,3;B;120 653;2010;8
18;13/08/2010;$1 084 723;FALSE;74,2;$2,810;132,63;9,3;B;120 653;2010;8
18;20/08/2010;$1 141 861;FALSE;71,8;$2,796;132,66;9,3;B;120 653;2010;8
18;27/08/2010;$1 214 303;FALSE;67,1;$2,770;132,69;9,3;B;120 653;2010;8
18;03/09/2010;$1 187 360;FALSE;75,4;$2,735;132,72;9,3;B;120 653;2010;9
18;10/09/2010;$1 011 201;TRUE;67,1;$2,717;132,76;9,3;B;120 653;2010;9
18;17/09/2010;$997 998;FALSE;60,9;$2,716;132,77;9,3;B;120 653;2010;9
18;24/09/2010;$950 863;FALSE;64,8;$2,718;132,76;9,3;B;120 653;2010;9
18;01/10/2010;$948 978;FALSE;67,8;$2,717;132,76;9,3;B;120 653;2010;10
18;08/10/2010;$1 107 433;FALSE;54,7;$2,776;132,75;9,3;B;120 653;2010;10
18;15/10/2010;$1 029 618;FALSE;52,0;$2,878;132,76;9,3;B;120 653;2010;10
18;22/10/2010;$1 052 120;FALSE;47,1;$2,919;132,82;9,3;B;120 653;2010;10
18;29/10/2010;$1 038 577;FALSE;55,9;$2,938;132,87;9,3;B;120 653;2010;10
18;05/11/2010;$1 089 531;FALSE;42,1;$2,938;132,92;9,3;B;120 653;2010;11
18;12/11/2010;$1 081 322;FALSE;43,2;$2,961;132,98;9,3;B;120 653;2010;11
18;19/11/2010;$1 045 722;FALSE;45,3;$3,030;132,92;9,3;B;120 653;2010;11
18;26/11/2010;$1 653 759;TRUE;40,8;$3,070;132,84;9,3;B;120 653;2010;11
18;03/12/2010;$1 211 026;FALSE;37,1;$3,065;132,76;9,3;B;120 653;2010;12
18;10/12/2010;$1 416 169;FALSE;25,6;$3,132;132,68;9,3;B;120 653;2010;12
18;17/12/2010;$1 588 431;FALSE;27,4;$3,139;132,68;9,3;B;120 653;2010;12
18;24/12/2010;$2 027 507;FALSE;28,2;$3,150;132,75;9,3;B;120 653;2010;12
18;31/12/2010;$887 907;TRUE;26,1;$3,177;132,82;9,3;B;120 653;2010;12
18;07/01/2011;$933 960;FALSE;30,1;$3,193;132,88;9,1;B;120 653;2011;1
18;14/01/2011;$777 175;FALSE;22,7;$3,215;132,95;9,1;B;120 653;2011;1
18;21/01/2011;$891 149;FALSE;22,6;$3,232;133,03;9,1;B;120 653;2011;1
18;28/01/2011;$849 541;FALSE;14,8;$3,243;133,11;9,1;B;120 653;2011;1
18;04/02/2011;$1 055 841;FALSE;20,8;$3,240;133,18;9,1;B;120 653;2011;2
18;11/02/2011;$1 122 054;TRUE;24,3;$3,255;133,26;9,1;B;120 653;2011;2
18;18/02/2011;$1 095 059;FALSE;31,6;$3,263;133,37;9,1;B;120 653;2011;2
18;25/02/2011;$1 005 983;FALSE;26,2;$3,281;133,49;9,1;B;120 653;2011;2
18;04/03/2011;$1 063 311;FALSE;28,5;$3,437;133,61;9,1;B;120 653;2011;3
18;11/03/2011;$1 002 714;FALSE;38,4;$3,600;133,74;9,1;B;120 653;2011;3
18;18/03/2011;$945 890;FALSE;41,1;$3,634;133,85;9,1;B;120 653;2011;3
18;25/03/2011;$944 523;FALSE;36,7;$3,624;133,96;9,1;B;120 653;2011;3
18;01/04/2011;$938 083;FALSE;35,1;$3,638;134,07;9,0;B;120 653;2011;4
18;08/04/2011;$1 018 541;FALSE;43,3;$3,720;134,18;9,0;B;120 653;2011;4
18;15/04/2011;$988 158;FALSE;49,9;$3,823;134,28;9,0;B;120 653;2011;4
18;22/04/2011;$1 105 860;FALSE;46,0;$3,919;134,36;9,0;B;120 653;2011;4
18;29/04/2011;$974 114;FALSE;58,8;$3,988;134,44;9,0;B;120 653;2011;4
18;06/05/2011;$1 065 427;FALSE;54,2;$4,078;134,51;9,0;B;120 653;2011;5
18;13/05/2011;$993 173;FALSE;58,5;$4,095;134,59;9,0;B;120 653;2011;5
18;20/05/2011;$994 610;FALSE;57,6;$4,101;134,68;9,0;B;120 653;2011;5
18;27/05/2011;$1 065 214;FALSE;64,6;$4,034;134,77;9,0;B;120 653;2011;5
18;03/06/2011;$1 178 039;FALSE;70,9;$3,973;134,86;9,0;B;120 653;2011;6
18;10/06/2011;$1 044 079;FALSE;69,5;$3,924;134,94;9,0;B;120 653;2011;6
18;17/06/2011;$1 045 859;FALSE;63,2;$3,873;135,08;9,0;B;120 653;2011;6
18;24/06/2011;$1 056 479;FALSE;67,4;$3,851;135,27;9,0;B;120 653;2011;6
18;01/07/2011;$1 087 051;FALSE;69,8;$3,815;135,45;8,9;B;120 653;2011;7
18;08/07/2011;$1 048 803;FALSE;73,1;$3,784;135,63;8,9;B;120 653;2011;7
18;15/07/2011;$974 916;FALSE;74,4;$3,827;135,78;8,9;B;120 653;2011;7
18;22/07/2011;$991 262;FALSE;78,7;$3,882;135,87;8,9;B;120 653;2011;7
18;29/07/2011;$954 149;FALSE;73,9;$3,898;135,96;8,9;B;120 653;2011;7
18;05/08/2011;$1 002 806;FALSE;74,6;$3,903;136,05;8,9;B;120 653;2011;8
18;12/08/2011;$928 471;FALSE;73,6;$3,880;136,14;8,9;B;120 653;2011;8
18;19/08/2011;$932 680;FALSE;69,2;$3,820;136,18;8,9;B;120 653;2011;8
18;26/08/2011;$1 147 906;FALSE;70,3;$3,796;136,21;8,9;B;120 653;2011;8
18;02/09/2011;$540 923;FALSE;68,2;$3,784;136,24;8,9;B;120 653;2011;9
18;09/09/2011;$951 550;TRUE;68,1;$3,809;136,27;8,9;B;120 653;2011;9
18;16/09/2011;$845 715;FALSE;66,2;$3,809;136,31;8,9;B;120 653;2011;9
18;23/09/2011;$853 073;FALSE;60,4;$3,758;136,37;8,9;B;120 653;2011;9
18;30/09/2011;$847 348;FALSE;69,0;$3,684;136,42;8,9;B;120 653;2011;9
18;07/10/2011;$1 019 741;FALSE;54,7;$3,633;136,47;8,5;B;120 653;2011;10
18;14/10/2011;$953 534;FALSE;60,3;$3,583;136,52;8,5;B;120 653;2011;10
18;21/10/2011;$1 048 213;FALSE;55,8;$3,618;136,50;8,5;B;120 653;2011;10
18;28/10/2011;$1 106 643;FALSE;45,6;$3,604;136,49;8,5;B;120 653;2011;10
18;04/11/2011;$1 100 625;FALSE;38,3;$3,586;136,48;8,5;B;120 653;2011;11
18;11/11/2011;$1 079 932;FALSE;45,7;$3,570;136,46;8,5;B;120 653;2011;11
18;18/11/2011;$1 056 992;FALSE;47,9;$3,571;136,47;8,5;B;120 653;2011;11
18;25/11/2011;$1 624 171;TRUE;42,0;$3,536;136,48;8,5;B;120 653;2011;11
18;02/12/2011;$1 188 048;FALSE;46,3;$3,501;136,49;8,5;B;120 653;2011;12
18;09/12/2011;$1 368 471;FALSE;42,4;$3,470;136,50;8,5;B;120 653;2011;12
18;16/12/2011;$1 516 924;FALSE;35,5;$3,445;136,53;8,5;B;120 653;2011;12
18;23/12/2011;$1 882 393;FALSE;35,8;$3,413;136,59;8,5;B;120 653;2011;12
18;30/12/2011;$1 010 562;TRUE;32,4;$3,402;136,64;8,5;B;120 653;2011;12
18;06/01/2012;$977 286;FALSE;31,3;$3,439;136,70;8,1;B;120 653;2012;1
18;13/01/2012;$890 130;FALSE;35,3;$3,523;136,75;8,1;B;120 653;2012;1
18;20/01/2012;$937 523;FALSE;24,2;$3,542;136,86;8,1;B;120 653;2012;1
18;27/01/2012;$825 584;FALSE;30,4;$3,568;136,96;8,1;B;120 653;2012;1
18;03/02/2012;$1 049 772;FALSE;37,6;$3,633;137,06;8,1;B;120 653;2012;2
18;10/02/2012;$1 161 616;TRUE;32,8;$3,655;137,17;8,1;B;120 653;2012;2
18;17/02/2012;$1 115 986;FALSE;32,9;$3,703;137,26;8,1;B;120 653;2012;2
18;24/02/2012;$1 037 861;FALSE;36,3;$3,751;137,34;8,1;B;120 653;2012;2
18;02/03/2012;$1 047 179;FALSE;33,6;$3,827;137,42;8,1;B;120 653;2012;3
18;09/03/2012;$1 084 894;FALSE;38,1;$3,876;137,51;8,1;B;120 653;2012;3
18;16/03/2012;$1 022 018;FALSE;45,8;$3,867;137,58;8,1;B;120 653;2012;3
18;23/03/2012;$1 031 139;FALSE;58,1;$3,889;137,66;8,1;B;120 653;2012;3
18;30/03/2012;$1 009 121;FALSE;45,4;$3,921;137,73;8,1;B;120 653;2012;3
18;06/04/2012;$1 200 815;FALSE;43,8;$3,957;137,80;8,3;B;120 653;2012;4
18;13/04/2012;$998 444;FALSE;47,8;$4,025;137,87;8,3;B;120 653;2012;4
18;20/04/2012;$1 025 814;FALSE;60,9;$4,046;137,92;8,3;B;120 653;2012;4
18;27/04/2012;$961 186;FALSE;50,4;$4,023;137,98;8,3;B;120 653;2012;4
18;04/05/2012;$1 050 028;FALSE;49,7;$3,991;138,03;8,3;B;120 653;2012;5
18;11/05/2012;$1 060 433;FALSE;57,4;$3,947;138,09;8,3;B;120 653;2012;5
18;18/05/2012;$1 047 445;FALSE;62,3;$3,899;138,11;8,3;B;120 653;2012;5
18;25/05/2012;$1 088 447;FALSE;65,5;$3,850;138,11;8,3;B;120 653;2012;5
18;01/06/2012;$1 118 314;FALSE;71,4;$3,798;138,11;8,3;B;120 653;2012;6
18;08/06/2012;$1 110 480;FALSE;59,1;$3,746;138,12;8,3;B;120 653;2012;6
18;15/06/2012;$1 057 426;FALSE;66,6;$3,683;138,13;8,3;B;120 653;2012;6
18;22/06/2012;$1 080 358;FALSE;70,9;$3,629;138,16;8,3;B;120 653;2012;6
18;29/06/2012;$1 097 006;FALSE;70,2;$3,577;138,20;8,3;B;120 653;2012;6
18;06/07/2012;$1 158 247;FALSE;76,1;$3,538;138,23;8,5;B;120 653;2012;7
18;13/07/2012;$1 024 785;FALSE;75,1;$3,561;138,26;8,5;B;120 653;2012;7
18;20/07/2012;$1 033 544;FALSE;77,4;$3,610;138,23;8,5;B;120 653;2012;7
18;27/07/2012;$924 506;FALSE;73,0;$3,701;138,20;8,5;B;120 653;2012;7
18;03/08/2012;$1 052 067;FALSE;72,7;$3,698;138,17;8,5;B;120 653;2012;8
18;10/08/2012;$967 304;FALSE;75,7;$3,772;138,14;8,5;B;120 653;2012;8
18;17/08/2012;$1 048 134;FALSE;73,3;$3,840;138,19;8,5;B;120 653;2012;8
18;24/08/2012;$1 145 841;FALSE;68,5;$3,874;138,28;8,5;B;120 653;2012;8
18;31/08/2012;$1 117 097;FALSE;70,1;$3,884;138,38;8,5;B;120 653;2012;8
18;07/09/2012;$1 083 521;TRUE;71,9;$3,921;138,47;8,5;B;120 653;2012;9
18;14/09/2012;$960 476;FALSE;64,5;$3,988;138,57;8,5;B;120 653;2012;9
18;21/09/2012;$971 387;FALSE;60,2;$4,056;138,65;8,5;B;120 653;2012;9
18;28/09/2012;$1 002 856;FALSE;58,2;$4,018;138,74;8,5;B;120 653;2012;9
18;05/10/2012;$1 092 205;FALSE;59,7;$4,027;138,83;8,2;B;120 653;2012;10
18;12/10/2012;$1 074 079;FALSE;51,0;$4,029;138,91;8,2;B;120 653;2012;10
18;19/10/2012;$1 048 707;FALSE;52,0;$4,000;138,83;8,2;B;120 653;2012;10
18;26/10/2012;$1 127 516;FALSE;56,1;$3,917;138,73;8,2;B;120 653;2012;10
19;05/02/2010;$1 507 637;FALSE;21,0;$2,954;131,53;8,4;A;203 819;2010;2
19;12/02/2010;$1 536 550;TRUE;23,2;$2,940;131,59;8,4;A;203 819;2010;2
19;19/02/2010;$1 515 976;FALSE;28,6;$2,909;131,64;8,4;A;203 819;2010;2
19;26/02/2010;$1 373 270;FALSE;30,3;$2,910;131,69;8,4;A;203 819;2010;2
19;05/03/2010;$1 495 845;FALSE;32,9;$2,919;131,74;8,4;A;203 819;2010;3
19;12/03/2010;$1 467 889;FALSE;39,1;$2,938;131,78;8,4;A;203 819;2010;3
19;19/03/2010;$1 332 940;FALSE;43,7;$2,960;131,82;8,4;A;203 819;2010;3
19;26/03/2010;$1 427 023;FALSE;39,1;$2,963;131,86;8,4;A;203 819;2010;3
19;02/04/2010;$1 642 970;FALSE;45,3;$2,957;131,90;8,2;A;203 819;2010;4
19;09/04/2010;$1 489 613;FALSE;55,7;$2,992;131,94;8,2;A;203 819;2010;4
19;16/04/2010;$1 460 355;FALSE;49,7;$3,010;131,98;8,2;A;203 819;2010;4
19;23/04/2010;$1 456 793;FALSE;46,9;$3,021;132,02;8,2;A;203 819;2010;4
19;30/04/2010;$1 405 066;FALSE;49,9;$3,042;132,06;8,2;A;203 819;2010;4
19;07/05/2010;$1 566 220;FALSE;62,5;$3,095;132,11;8,2;A;203 819;2010;5
19;14/05/2010;$1 437 319;FALSE;46,5;$3,112;132,15;8,2;A;203 819;2010;5
19;21/05/2010;$1 377 716;FALSE;57,5;$3,096;132,22;8,2;A;203 819;2010;5
19;28/05/2010;$1 648 883;FALSE;68,9;$3,046;132,29;8,2;A;203 819;2010;5
19;04/06/2010;$1 519 013;FALSE;68,9;$3,006;132,36;8,2;A;203 819;2010;6
19;11/06/2010;$1 410 684;FALSE;61,6;$2,972;132,44;8,2;A;203 819;2010;6
19;18/06/2010;$1 457 314;FALSE;66,3;$2,942;132,47;8,2;A;203 819;2010;6
19;25/06/2010;$1 450 407;FALSE;72,3;$2,958;132,50;8,2;A;203 819;2010;6
19;02/07/2010;$1 549 019;FALSE;66,3;$2,958;132,52;8,1;A;203 819;2010;7
19;09/07/2010;$1 577 541;FALSE;78,2;$2,940;132,55;8,1;A;203 819;2010;7
19;16/07/2010;$1 412 157;FALSE;74,6;$2,933;132,57;8,1;A;203 819;2010;7
19;23/07/2010;$1 372 044;FALSE;74,7;$2,924;132,58;8,1;A;203 819;2010;7
19;30/07/2010;$1 366 396;FALSE;72,8;$2,932;132,60;8,1;A;203 819;2010;7
19;06/08/2010;$1 492 061;FALSE;74,2;$2,942;132,61;8,1;A;203 819;2010;8
19;13/08/2010;$1 418 027;FALSE;72,7;$2,923;132,63;8,1;A;203 819;2010;8
19;20/08/2010;$1 419 383;FALSE;72,2;$2,913;132,66;8,1;A;203 819;2010;8
19;27/08/2010;$1 557 888;FALSE;66,4;$2,885;132,69;8,1;A;203 819;2010;8
19;03/09/2010;$1 623 520;FALSE;74,7;$2,860;132,72;8,1;A;203 819;2010;9
19;10/09/2010;$1 591 453;TRUE;63,4;$2,837;132,76;8,1;A;203 819;2010;9
19;17/09/2010;$1 386 789;FALSE;58,7;$2,846;132,77;8,1;A;203 819;2010;9
19;24/09/2010;$1 318 344;FALSE;63,4;$2,837;132,76;8,1;A;203 819;2010;9
19;01/10/2010;$1 379 456;FALSE;59,9;$2,840;132,76;8,1;A;203 819;2010;10
19;08/10/2010;$1 428 961;FALSE;53,7;$2,903;132,75;8,1;A;203 819;2010;10
19;15/10/2010;$1 369 318;FALSE;51,3;$2,999;132,76;8,1;A;203 819;2010;10
19;22/10/2010;$1 357 155;FALSE;48,5;$3,049;132,82;8,1;A;203 819;2010;10
19;29/10/2010;$1 404 576;FALSE;56,1;$3,055;132,87;8,1;A;203 819;2010;10
19;05/11/2010;$1 435 379;FALSE;41,8;$3,049;132,92;8,1;A;203 819;2010;11
19;12/11/2010;$1 490 236;FALSE;40,3;$3,065;132,98;8,1;A;203 819;2010;11
19;19/11/2010;$1 377 593;FALSE;44,2;$3,138;132,92;8,1;A;203 819;2010;11
19;26/11/2010;$1 993 368;TRUE;42,6;$3,186;132,84;8,1;A;203 819;2010;11
19;03/12/2010;$1 615 988;FALSE;36,6;$3,200;132,76;8,1;A;203 819;2010;12
19;10/12/2010;$1 799 071;FALSE;25,1;$3,255;132,68;8,1;A;203 819;2010;12
19;17/12/2010;$1 911 967;FALSE;26,8;$3,301;132,68;8,1;A;203 819;2010;12
19;24/12/2010;$2 678 206;FALSE;26,1;$3,309;132,75;8,1;A;203 819;2010;12
19;31/12/2010;$1 275 147;TRUE;28,7;$3,336;132,82;8,1;A;203 819;2010;12
19;07/01/2011;$1 224 176;FALSE;31,3;$3,351;132,88;7,8;A;203 819;2011;1
19;14/01/2011;$1 181 205;FALSE;21,7;$3,367;132,95;7,8;A;203 819;2011;1
19;21/01/2011;$1 212 968;FALSE;22,8;$3,391;133,03;7,8;A;203 819;2011;1
19;28/01/2011;$1 284 185;FALSE;20,7;$3,402;133,11;7,8;A;203 819;2011;1
19;04/02/2011;$1 370 562;FALSE;21,0;$3,400;133,18;7,8;A;203 819;2011;2
19;11/02/2011;$1 430 851;TRUE;21,8;$3,416;133,26;7,8;A;203 819;2011;2
19;18/02/2011;$1 457 270;FALSE;34,7;$3,420;133,37;7,8;A;203 819;2011;2
19;25/02/2011;$1 296 658;FALSE;23,2;$3,452;133,49;7,8;A;203 819;2011;2
19;04/03/2011;$1 433 569;FALSE;29,3;$3,605;133,61;7,8;A;203 819;2011;3
19;11/03/2011;$1 351 450;FALSE;35,6;$3,752;133,74;7,8;A;203 819;2011;3
19;18/03/2011;$1 257 972;FALSE;40,3;$3,796;133,85;7,8;A;203 819;2011;3
19;25/03/2011;$1 266 565;FALSE;33,3;$3,789;133,96;7,8;A;203 819;2011;3
19;01/04/2011;$1 305 950;FALSE;30,7;$3,811;134,07;7,7;A;203 819;2011;4
19;08/04/2011;$1 419 912;FALSE;41,3;$3,895;134,18;7,7;A;203 819;2011;4
19;15/04/2011;$1 392 093;FALSE;48,7;$3,981;134,28;7,7;A;203 819;2011;4
19;22/04/2011;$1 514 289;FALSE;41,7;$4,061;134,36;7,7;A;203 819;2011;4
19;29/04/2011;$1 297 238;FALSE;54,2;$4,117;134,44;7,7;A;203 819;2011;4
19;06/05/2011;$1 451 954;FALSE;50,4;$4,192;134,51;7,7;A;203 819;2011;5
19;13/05/2011;$1 429 143;FALSE;54,2;$4,211;134,59;7,7;A;203 819;2011;5
19;20/05/2011;$1 355 234;FALSE;52,8;$4,202;134,68;7,7;A;203 819;2011;5
19;27/05/2011;$1 388 553;FALSE;63,2;$4,134;134,77;7,7;A;203 819;2011;5
19;03/06/2011;$1 457 346;FALSE;66,0;$4,069;134,86;7,7;A;203 819;2011;6
19;10/06/2011;$1 467 474;FALSE;68,3;$4,025;134,94;7,7;A;203 819;2011;6
19;17/06/2011;$1 418 974;FALSE;64,0;$3,989;135,08;7,7;A;203 819;2011;6
19;24/06/2011;$1 440 786;FALSE;68,4;$3,964;135,27;7,7;A;203 819;2011;6
19;01/07/2011;$1 462 732;FALSE;67,6;$3,916;135,45;7,8;A;203 819;2011;7
19;08/07/2011;$1 465 490;FALSE;73,2;$3,886;135,63;7,8;A;203 819;2011;7
19;15/07/2011;$1 391 580;FALSE;73,7;$3,915;135,78;7,8;A;203 819;2011;7
19;22/07/2011;$1 377 119;FALSE;79,4;$3,972;135,87;7,8;A;203 819;2011;7
19;29/07/2011;$1 298 776;FALSE;74,9;$4,004;135,96;7,8;A;203 819;2011;7
19;05/08/2011;$1 408 969;FALSE;73,8;$4,020;136,05;7,8;A;203 819;2011;8
19;12/08/2011;$1 360 969;FALSE;70,9;$3,995;136,14;7,8;A;203 819;2011;8
19;19/08/2011;$1 391 793;FALSE;71,1;$3,942;136,18;7,8;A;203 819;2011;8
19;26/08/2011;$1 547 729;FALSE;69,3;$3,906;136,21;7,8;A;203 819;2011;8
19;02/09/2011;$1 609 951;FALSE;69,3;$3,879;136,24;7,8;A;203 819;2011;9
19;09/09/2011;$1 566 713;TRUE;68,3;$3,930;136,27;7,8;A;203 819;2011;9
19;16/09/2011;$1 365 634;FALSE;62,8;$3,937;136,31;7,8;A;203 819;2011;9
19;23/09/2011;$1 300 376;FALSE;61,3;$3,899;136,37;7,8;A;203 819;2011;9
19;30/09/2011;$1 330 757;FALSE;65,0;$3,858;136,42;7,8;A;203 819;2011;9
19;07/10/2011;$1 461 719;FALSE;53,1;$3,775;136,47;7,9;A;203 819;2011;10
19;14/10/2011;$1 318 906;FALSE;61,9;$3,744;136,52;7,9;A;203 819;2011;10
19;21/10/2011;$1 374 863;FALSE;52,1;$3,757;136,50;7,9;A;203 819;2011;10
19;28/10/2011;$1 396 612;FALSE;46,5;$3,757;136,49;7,9;A;203 819;2011;10
19;04/11/2011;$1 480 290;FALSE;45,0;$3,738;136,48;7,9;A;203 819;2011;11
19;11/11/2011;$1 502 079;FALSE;48,2;$3,719;136,46;7,9;A;203 819;2011;11
19;18/11/2011;$1 411 836;FALSE;48,2;$3,717;136,47;7,9;A;203 819;2011;11
19;25/11/2011;$1 974 647;TRUE;42,8;$3,689;136,48;7,9;A;203 819;2011;11
19;02/12/2011;$1 484 708;FALSE;45,7;$3,666;136,49;7,9;A;203 819;2011;12
19;09/12/2011;$1 713 769;FALSE;40,2;$3,627;136,50;7,9;A;203 819;2011;12
19;16/12/2011;$1 852 179;FALSE;37,1;$3,611;136,53;7,9;A;203 819;2011;12
19;23/12/2011;$2 480 159;FALSE;36,1;$3,587;136,59;7,9;A;203 819;2011;12
19;30/12/2011;$1 405 168;TRUE;31,7;$3,566;136,64;7,9;A;203 819;2011;12
19;06/01/2012;$1 266 570;FALSE;31,8;$3,585;136,70;7,9;A;203 819;2012;1
19;13/01/2012;$1 182 199;FALSE;37,1;$3,666;136,75;7,9;A;203 819;2012;1
19;20/01/2012;$1 237 105;FALSE;23,4;$3,705;136,86;7,9;A;203 819;2012;1
19;27/01/2012;$1 279 623;FALSE;32,4;$3,737;136,96;7,9;A;203 819;2012;1
19;03/02/2012;$1 345 312;FALSE;36,2;$3,796;137,06;7,9;A;203 819;2012;2
19;10/02/2012;$1 499 497;TRUE;32,6;$3,826;137,17;7,9;A;203 819;2012;2
19;17/02/2012;$1 424 720;FALSE;31,0;$3,874;137,26;7,9;A;203 819;2012;2
19;24/02/2012;$1 352 470;FALSE;33,9;$3,917;137,34;7,9;A;203 819;2012;2
19;02/03/2012;$1 308 977;FALSE;34,8;$3,983;137,42;7,9;A;203 819;2012;3
19;09/03/2012;$1 358 816;FALSE;38,2;$4,021;137,51;7,9;A;203 819;2012;3
19;16/03/2012;$1 312 849;FALSE;48,2;$4,021;137,58;7,9;A;203 819;2012;3
19;23/03/2012;$1 342 255;FALSE;56,7;$4,054;137,66;7,9;A;203 819;2012;3
19;30/03/2012;$1 327 139;FALSE;43,5;$4,098;137,73;7,9;A;203 819;2012;3
19;06/04/2012;$1 631 738;FALSE;40,2;$4,143;137,80;8,2;A;203 819;2012;4
19;13/04/2012;$1 365 098;FALSE;44,4;$4,187;137,87;8,2;A;203 819;2012;4
19;20/04/2012;$1 255 087;FALSE;55,2;$4,170;137,92;8,2;A;203 819;2012;4
19;27/04/2012;$1 285 897;FALSE;42,5;$4,163;137,98;8,2;A;203 819;2012;4
19;04/05/2012;$1 405 007;FALSE;50,8;$4,124;138,03;8,2;A;203 819;2012;5
19;11/05/2012;$1 442 873;FALSE;55,3;$4,055;138,09;8,2;A;203 819;2012;5
19;18/05/2012;$1 366 937;FALSE;58,8;$4,029;138,11;8,2;A;203 819;2012;5
19;25/05/2012;$1 485 540;FALSE;67,8;$3,979;138,11;8,2;A;203 819;2012;5
19;01/06/2012;$1 450 733;FALSE;68,2;$3,915;138,11;8,2;A;203 819;2012;6
19;08/06/2012;$1 390 122;FALSE;60,2;$3,871;138,12;8,2;A;203 819;2012;6
19;15/06/2012;$1 440 263;FALSE;68,2;$3,786;138,13;8,2;A;203 819;2012;6
19;22/06/2012;$1 468 350;FALSE;75,8;$3,722;138,16;8,2;A;203 819;2012;6
19;29/06/2012;$1 379 653;FALSE;69,9;$3,667;138,20;8,2;A;203 819;2012;6
19;06/07/2012;$1 557 120;FALSE;76,1;$3,646;138,23;8,2;A;203 819;2012;7
19;13/07/2012;$1 321 741;FALSE;73,2;$3,689;138,26;8,2;A;203 819;2012;7
19;20/07/2012;$1 317 673;FALSE;76,2;$3,732;138,23;8,2;A;203 819;2012;7
19;27/07/2012;$1 248 915;FALSE;74,4;$3,820;138,20;8,2;A;203 819;2012;7
19;03/08/2012;$1 342 124;FALSE;73,4;$3,819;138,17;8,2;A;203 819;2012;8
19;10/08/2012;$1 408 908;FALSE;74,5;$3,863;138,14;8,2;A;203 819;2012;8
19;17/08/2012;$1 375 101;FALSE;69,8;$3,963;138,19;8,2;A;203 819;2012;8
19;24/08/2012;$1 544 653;FALSE;66,7;$3,997;138,28;8,2;A;203 819;2012;8
19;31/08/2012;$1 542 720;FALSE;71,9;$4,026;138,38;8,2;A;203 819;2012;8
19;07/09/2012;$1 497 074;TRUE;72,2;$4,076;138,47;8,2;A;203 819;2012;9
19;14/09/2012;$1 370 653;FALSE;65,1;$4,088;138,57;8,2;A;203 819;2012;9
19;21/09/2012;$1 338 572;FALSE;60,6;$4,203;138,65;8,2;A;203 819;2012;9
19;28/09/2012;$1 338 299;FALSE;56,8;$4,158;138,74;8,2;A;203 819;2012;9
19;05/10/2012;$1 408 016;FALSE;59,9;$4,151;138,83;8,0;A;203 819;2012;10
19;12/10/2012;$1 352 810;FALSE;48,3;$4,186;138,91;8,0;A;203 819;2012;10
19;19/10/2012;$1 321 102;FALSE;53,4;$4,153;138,83;8,0;A;203 819;2012;10
19;26/10/2012;$1 322 118;FALSE;56,5;$4,071;138,73;8,0;A;203 819;2012;10
20;05/02/2010;$2 401 395;FALSE;25,9;$2,784;204,25;8,2;A;203 742;2010;2
20;12/02/2010;$2 109 108;TRUE;22,1;$2,773;204,39;8,2;A;203 742;2010;2
20;19/02/2010;$2 161 550;FALSE;25,4;$2,745;204,43;8,2;A;203 742;2010;2
20;26/02/2010;$1 898 194;FALSE;32,3;$2,754;204,46;8,2;A;203 742;2010;2
20;05/03/2010;$2 119 214;FALSE;31,8;$2,777;204,49;8,2;A;203 742;2010;3
20;12/03/2010;$2 010 975;FALSE;43,8;$2,818;204,53;8,2;A;203 742;2010;3
20;19/03/2010;$1 951 848;FALSE;47,3;$2,844;204,38;8,2;A;203 742;2010;3
20;26/03/2010;$1 894 743;FALSE;50,5;$2,854;204,20;8,2;A;203 742;2010;3
20;02/04/2010;$2 405 395;FALSE;51,0;$2,850;204,03;7,9;A;203 742;2010;4
20;09/04/2010;$2 007 796;FALSE;65,1;$2,869;203,85;7,9;A;203 742;2010;4
20;16/04/2010;$1 985 785;FALSE;55,4;$2,899;203,73;7,9;A;203 742;2010;4
20;23/04/2010;$1 878 862;FALSE;50,7;$2,902;203,69;7,9;A;203 742;2010;4
20;30/04/2010;$1 919 053;FALSE;54,8;$2,921;203,65;7,9;A;203 742;2010;4
20;07/05/2010;$2 137 202;FALSE;66,7;$2,966;203,61;7,9;A;203 742;2010;5
20;14/05/2010;$2 033 212;FALSE;55,9;$2,982;203,61;7,9;A;203 742;2010;5
20;21/05/2010;$1 893 737;FALSE;60,4;$2,958;203,88;7,9;A;203 742;2010;5
20;28/05/2010;$2 065 985;FALSE;71,0;$2,899;204,14;7,9;A;203 742;2010;5
20;04/06/2010;$2 203 619;FALSE;72,5;$2,847;204,40;7,9;A;203 742;2010;6
20;11/06/2010;$2 100 490;FALSE;67,3;$2,809;204,67;7,9;A;203 742;2010;6
20;18/06/2010;$2 091 904;FALSE;72,6;$2,780;204,67;7,9;A;203 742;2010;6
20;25/06/2010;$1 973 136;FALSE;75,2;$2,808;204,57;7,9;A;203 742;2010;6
20;02/07/2010;$2 143 677;FALSE;70,1;$2,815;204,47;7,5;A;203 742;2010;7
20;09/07/2010;$2 107 286;FALSE;78,1;$2,793;204,36;7,5;A;203 742;2010;7
20;16/07/2010;$2 031 852;FALSE;75,1;$2,783;204,36;7,5;A;203 742;2010;7
20;23/07/2010;$1 900 536;FALSE;77,8;$2,771;204,48;7,5;A;203 742;2010;7
20;30/07/2010;$1 955 897;FALSE;76,0;$2,781;204,61;7,5;A;203 742;2010;7
20;06/08/2010;$1 910 177;FALSE;74,6;$2,784;204,73;7,5;A;203 742;2010;8
20;13/08/2010;$2 071 022;FALSE;76,0;$2,805;204,85;7,5;A;203 742;2010;8
20;20/08/2010;$1 975 375;FALSE;75,3;$2,779;204,82;7,5;A;203 742;2010;8
20;27/08/2010;$1 946 370;FALSE;70,5;$2,755;204,79;7,5;A;203 742;2010;8
20;03/09/2010;$2 121 561;FALSE;75,5;$2,715;204,76;7,5;A;203 742;2010;9
20;10/09/2010;$2 014 955;TRUE;65,0;$2,699;204,73;7,5;A;203 742;2010;9
20;17/09/2010;$1 948 360;FALSE;65,3;$2,706;204,75;7,5;A;203 742;2010;9
20;24/09/2010;$1 789 688;FALSE;69,4;$2,713;204,82;7,5;A;203 742;2010;9
20;01/10/2010;$1 933 719;FALSE;61,1;$2,707;204,89;7,5;A;203 742;2010;10
20;08/10/2010;$2 060 389;FALSE;51,5;$2,764;204,95;7,5;A;203 742;2010;10
20;15/10/2010;$1 950 676;FALSE;59,2;$2,868;205,01;7,5;A;203 742;2010;10
20;22/10/2010;$1 893 955;FALSE;50,5;$2,917;205,06;7,5;A;203 742;2010;10
20;29/10/2010;$1 891 816;FALSE;57,6;$2,921;205,11;7,5;A;203 742;2010;10
20;05/11/2010;$2 184 317;FALSE;42,8;$2,917;205,16;7,5;A;203 742;2010;11
20;12/11/2010;$2 187 765;FALSE;42,4;$2,931;205,21;7,5;A;203 742;2010;11
20;19/11/2010;$2 105 059;FALSE;45,9;$3,000;205,10;7,5;A;203 742;2010;11
20;26/11/2010;$2 811 634;TRUE;46,7;$3,039;204,96;7,5;A;203 742;2010;11
20;03/12/2010;$2 416 051;FALSE;35,5;$3,046;204,82;7,5;A;203 742;2010;12
20;10/12/2010;$2 752 122;FALSE;24,3;$3,109;204,69;7,5;A;203 742;2010;12
20;17/12/2010;$2 819 193;FALSE;24,1;$3,140;204,63;7,5;A;203 742;2010;12
20;24/12/2010;$3 766 687;FALSE;25,2;$3,141;204,64;7,5;A;203 742;2010;12
20;31/12/2010;$1 799 738;TRUE;28,9;$3,179;204,64;7,5;A;203 742;2010;12
20;07/01/2011;$1 843 031;FALSE;31,4;$3,193;204,65;7,3;A;203 742;2011;1
20;14/01/2011;$1 884 345;FALSE;20,4;$3,205;204,70;7,3;A;203 742;2011;1
20;21/01/2011;$1 781 806;FALSE;27,4;$3,229;205,05;7,3;A;203 742;2011;1
20;28/01/2011;$1 761 507;FALSE;23,2;$3,237;205,39;7,3;A;203 742;2011;1
20;04/02/2011;$2 351 143;FALSE;28,6;$3,231;205,73;7,3;A;203 742;2011;2
20;11/02/2011;$2 211 388;TRUE;25,4;$3,239;206,08;7,3;A;203 742;2011;2
20;18/02/2011;$2 258 616;FALSE;43,0;$3,245;206,37;7,3;A;203 742;2011;2
20;25/02/2011;$1 938 609;FALSE;33,2;$3,274;206,64;7,3;A;203 742;2011;2
20;04/03/2011;$2 143 425;FALSE;37,3;$3,433;206,92;7,3;A;203 742;2011;3
20;11/03/2011;$1 990 933;FALSE;39,5;$3,582;207,19;7,3;A;203 742;2011;3
20;18/03/2011;$1 931 669;FALSE;44,8;$3,631;207,43;7,3;A;203 742;2011;3
20;25/03/2011;$1 824 711;FALSE;44,8;$3,625;207,66;7,3;A;203 742;2011;3
20;01/04/2011;$1 927 993;FALSE;32,4;$3,638;207,88;7,3;A;203 742;2011;4
20;08/04/2011;$2 027 056;FALSE;47,1;$3,720;208,11;7,3;A;203 742;2011;4
20;15/04/2011;$2 057 406;FALSE;55,0;$3,821;208,32;7,3;A;203 742;2011;4
20;22/04/2011;$2 313 862;FALSE;52,6;$3,892;208,48;7,3;A;203 742;2011;4
20;29/04/2011;$1 881 788;FALSE;63,0;$3,962;208,64;7,3;A;203 742;2011;4
20;06/05/2011;$2 090 838;FALSE;53,4;$4,046;208,80;7,3;A;203 742;2011;5
20;13/05/2011;$2 036 749;FALSE;62,3;$4,066;208,96;7,3;A;203 742;2011;5
20;20/05/2011;$1 953 416;FALSE;59,0;$4,062;208,76;7,3;A;203 742;2011;5
20;27/05/2011;$1 944 433;FALSE;69,1;$3,985;208,56;7,3;A;203 742;2011;5
20;03/06/2011;$2 182 247;FALSE;73,5;$3,922;208,36;7,3;A;203 742;2011;6
20;10/06/2011;$2 135 062;FALSE;73,6;$3,881;208,15;7,3;A;203 742;2011;6
20;17/06/2011;$2 065 191;FALSE;66,4;$3,842;208,13;7,3;A;203 742;2011;6
20;24/06/2011;$1 950 826;FALSE;72,4;$3,804;208,23;7,3;A;203 742;2011;6
20;01/07/2011;$2 053 165;FALSE;69,7;$3,748;208,33;7,3;A;203 742;2011;7
20;08/07/2011;$2 123 788;FALSE;74,7;$3,711;208,44;7,3;A;203 742;2011;7
20;15/07/2011;$2 039 876;FALSE;74,9;$3,760;208,53;7,3;A;203 742;2011;7
20;22/07/2011;$1 950 905;FALSE;78,9;$3,811;208,59;7,3;A;203 742;2011;7
20;29/07/2011;$1 858 441;FALSE;77,5;$3,829;208,66;7,3;A;203 742;2011;7
20;05/08/2011;$2 189 354;FALSE;77,8;$3,842;208,72;7,3;A;203 742;2011;8
20;12/08/2011;$2 052 246;FALSE;73,5;$3,812;208,78;7,3;A;203 742;2011;8
20;19/08/2011;$1 990 018;FALSE;71,3;$3,747;208,84;7,3;A;203 742;2011;8
20;26/08/2011;$1 933 577;FALSE;70,2;$3,704;208,90;7,3;A;203 742;2011;8
20;02/09/2011;$2 141 766;FALSE;70,8;$3,703;208,96;7,3;A;203 742;2011;9
20;09/09/2011;$2 050 543;TRUE;68,7;$3,738;209,02;7,3;A;203 742;2011;9
20;16/09/2011;$1 979 009;FALSE;64,0;$3,742;209,19;7,3;A;203 742;2011;9
20;23/09/2011;$1 888 120;FALSE;62,2;$3,711;209,50;7,3;A;203 742;2011;9
20;30/09/2011;$1 945 808;FALSE;63,4;$3,645;209,81;7,3;A;203 742;2011;9
20;07/10/2011;$2 135 983;FALSE;52,4;$3,583;210,12;7,1;A;203 742;2011;10
20;14/10/2011;$2 010 108;FALSE;62,5;$3,541;210,40;7,1;A;203 742;2011;10
20;21/10/2011;$2 104 242;FALSE;53,7;$3,570;210,55;7,1;A;203 742;2011;10
20;28/10/2011;$2 065 422;FALSE;49,4;$3,569;210,69;7,1;A;203 742;2011;10
20;04/11/2011;$2 284 107;FALSE;43,9;$3,551;210,84;7,1;A;203 742;2011;11
20;11/11/2011;$2 269 976;FALSE;47,3;$3,530;210,98;7,1;A;203 742;2011;11
20;18/11/2011;$2 169 934;FALSE;49,3;$3,530;211,18;7,1;A;203 742;2011;11
20;25/11/2011;$2 906 233;TRUE;46,4;$3,492;211,41;7,1;A;203 742;2011;11
20;02/12/2011;$2 298 777;FALSE;46,3;$3,452;211,64;7,1;A;203 742;2011;12
20;09/12/2011;$2 546 124;FALSE;41,6;$3,415;211,87;7,1;A;203 742;2011;12
20;16/12/2011;$2 762 817;FALSE;37,2;$3,413;212,07;7,1;A;203 742;2011;12
20;23/12/2011;$3 555 371;FALSE;40,2;$3,389;212,24;7,1;A;203 742;2011;12
20;30/12/2011;$2 043 245;TRUE;36,4;$3,389;212,40;7,1;A;203 742;2011;12
20;06/01/2012;$1 964 702;FALSE;33,4;$3,422;212,57;7,0;A;203 742;2012;1
20;13/01/2012;$1 911 511;FALSE;37,8;$3,513;212,74;7,0;A;203 742;2012;1
20;20/01/2012;$1 892 776;FALSE;27,7;$3,533;212,83;7,0;A;203 742;2012;1
20;27/01/2012;$1 761 017;FALSE;37,2;$3,567;212,93;7,0;A;203 742;2012;1
20;03/02/2012;$2 203 523;FALSE;39,9;$3,617;213,02;7,0;A;203 742;2012;2
20;10/02/2012;$2 462 978;TRUE;33,5;$3,640;213,12;7,0;A;203 742;2012;2
20;17/02/2012;$2 309 025;FALSE;31,1;$3,695;213,27;7,0;A;203 742;2012;2
20;24/02/2012;$2 045 838;FALSE;39,8;$3,739;213,47;7,0;A;203 742;2012;2
20;02/03/2012;$2 148 823;FALSE;40,0;$3,816;213,67;7,0;A;203 742;2012;3
20;09/03/2012;$2 139 265;FALSE;41,1;$3,848;213,87;7,0;A;203 742;2012;3
20;16/03/2012;$2 064 992;FALSE;53,7;$3,862;214,02;7,0;A;203 742;2012;3
20;23/03/2012;$1 992 437;FALSE;66,1;$3,900;214,09;7,0;A;203 742;2012;3
20;30/03/2012;$2 074 722;FALSE;51,5;$3,953;214,16;7,0;A;203 742;2012;3
20;06/04/2012;$2 565 260;FALSE;50,1;$3,996;214,24;7,1;A;203 742;2012;4
20;13/04/2012;$2 045 396;FALSE;45,7;$4,044;214,31;7,1;A;203 742;2012;4
20;20/04/2012;$1 884 428;FALSE;60,1;$4,027;214,37;7,1;A;203 742;2012;4
20;27/04/2012;$1 886 504;FALSE;47,6;$4,004;214,42;7,1;A;203 742;2012;4
20;04/05/2012;$2 163 511;FALSE;62,7;$3,951;214,48;7,1;A;203 742;2012;5
20;11/05/2012;$2 168 097;FALSE;63,2;$3,889;214,53;7,1;A;203 742;2012;5
20;18/05/2012;$2 039 222;FALSE;61,0;$3,848;214,55;7,1;A;203 742;2012;5
20;25/05/2012;$2 114 989;FALSE;70,0;$3,798;214,55;7,1;A;203 742;2012;5
20;01/06/2012;$2 143 127;FALSE;73,7;$3,742;214,55;7,1;A;203 742;2012;6
20;08/06/2012;$2 231 962;FALSE;62,0;$3,689;214,55;7,1;A;203 742;2012;6
20;15/06/2012;$2 165 160;FALSE;71,5;$3,620;214,57;7,1;A;203 742;2012;6
20;22/06/2012;$2 060 589;FALSE;76,5;$3,564;214,61;7,1;A;203 742;2012;6
20;29/06/2012;$2 055 953;FALSE;74,2;$3,506;214,65;7,1;A;203 742;2012;6
20;06/07/2012;$2 358 055;FALSE;79,2;$3,475;214,69;7,3;A;203 742;2012;7
20;13/07/2012;$2 134 680;FALSE;78,3;$3,523;214,73;7,3;A;203 742;2012;7
20;20/07/2012;$1 970 170;FALSE;76,0;$3,567;214,73;7,3;A;203 742;2012;7
20;27/07/2012;$1 911 559;FALSE;74,6;$3,647;214,74;7,3;A;203 742;2012;7
20;03/08/2012;$2 094 516;FALSE;74,7;$3,654;214,74;7,3;A;203 742;2012;8
20;10/08/2012;$2 144 245;FALSE;75,4;$3,722;214,75;7,3;A;203 742;2012;8
20;17/08/2012;$2 045 061;FALSE;69,6;$3,807;214,83;7,3;A;203 742;2012;8
20;24/08/2012;$2 005 341;FALSE;68,3;$3,834;214,96;7,3;A;203 742;2012;8
20;31/08/2012;$2 062 482;FALSE;72,7;$3,867;215,09;7,3;A;203 742;2012;8
20;07/09/2012;$2 080 529;TRUE;76,4;$3,911;215,22;7,3;A;203 742;2012;9
20;14/09/2012;$2 047 950;FALSE;64,8;$3,948;215,36;7,3;A;203 742;2012;9
20;21/09/2012;$2 028 587;FALSE;60,9;$4,038;215,55;7,3;A;203 742;2012;9
20;28/09/2012;$2 008 351;FALSE;58,7;$3,997;215,74;7,3;A;203 742;2012;9
20;05/10/2012;$2 246 412;FALSE;60,8;$3,985;215,93;7,3;A;203 742;2012;10
20;12/10/2012;$2 162 951;FALSE;47,2;$4,000;216,12;7,3;A;203 742;2012;10
20;19/10/2012;$1 999 363;FALSE;56,3;$3,969;216,15;7,3;A;203 742;2012;10
20;26/10/2012;$2 031 651;FALSE;60,0;$3,882;216,15;7,3;A;203 742;2012;10
21;05/02/2010;$798 594;FALSE;39,1;$2,572;210,75;8,3;B;140 167;2010;2
21;12/02/2010;$809 321;TRUE;37,8;$2,548;210,90;8,3;B;140 167;2010;2
21;19/02/2010;$867 283;FALSE;39,8;$2,514;210,95;8,3;B;140 167;2010;2
21;26/02/2010;$749 597;FALSE;45,3;$2,561;210,98;8,3;B;140 167;2010;2
21;05/03/2010;$747 444;FALSE;48,6;$2,625;211,01;8,3;B;140 167;2010;3
21;12/03/2010;$712 313;FALSE;57,1;$2,667;211,04;8,3;B;140 167;2010;3
21;19/03/2010;$727 070;FALSE;54,7;$2,720;210,87;8,3;B;140 167;2010;3
21;26/03/2010;$686 498;FALSE;51,7;$2,732;210,68;8,3;B;140 167;2010;3
21;02/04/2010;$753 664;FALSE;64,1;$2,719;210,48;8,2;B;140 167;2010;4
21;09/04/2010;$751 181;FALSE;65,7;$2,770;210,28;8,2;B;140 167;2010;4
21;16/04/2010;$716 027;FALSE;67,9;$2,808;210,15;8,2;B;140 167;2010;4
21;23/04/2010;$718 781;FALSE;64,2;$2,795;210,10;8,2;B;140 167;2010;4
21;30/04/2010;$680 533;FALSE;66,9;$2,780;210,05;8,2;B;140 167;2010;4
21;07/05/2010;$744 969;FALSE;70,9;$2,835;210,00;8,2;B;140 167;2010;5
21;14/05/2010;$723 560;FALSE;73,1;$2,854;210,00;8,2;B;140 167;2010;5
21;21/05/2010;$753 362;FALSE;74,2;$2,826;210,28;8,2;B;140 167;2010;5
21;28/05/2010;$755 214;FALSE;80,9;$2,759;210,56;8,2;B;140 167;2010;5
21;04/06/2010;$806 012;FALSE;82,7;$2,705;210,83;8,2;B;140 167;2010;6
21;11/06/2010;$784 306;FALSE;83,5;$2,668;211,11;8,2;B;140 167;2010;6
21;18/06/2010;$785 104;FALSE;86,2;$2,637;211,11;8,2;B;140 167;2010;6
21;25/06/2010;$769 849;FALSE;87,0;$2,653;211,00;8,2;B;140 167;2010;6
21;02/07/2010;$711 471;FALSE;82,3;$2,669;210,88;8,1;B;140 167;2010;7
21;09/07/2010;$714 677;FALSE;81,7;$2,642;210,77;8,1;B;140 167;2010;7
21;16/07/2010;$755 098;FALSE;85,6;$2,623;210,76;8,1;B;140 167;2010;7
21;23/07/2010;$765 823;FALSE;87,2;$2,608;210,89;8,1;B;140 167;2010;7
21;30/07/2010;$715 876;FALSE;83,6;$2,640;211,03;8,1;B;140 167;2010;7
21;06/08/2010;$739 279;FALSE;90,3;$2,627;211,16;8,1;B;140 167;2010;8
21;13/08/2010;$793 589;FALSE;89,7;$2,692;211,30;8,1;B;140 167;2010;8
21;20/08/2010;$848 873;FALSE;89,6;$2,664;211,26;8,1;B;140 167;2010;8
21;27/08/2010;$855 883;FALSE;86,2;$2,619;211,22;8,1;B;140 167;2010;8
21;03/09/2010;$727 773;FALSE;82,6;$2,577;211,19;8,1;B;140 167;2010;9
21;10/09/2010;$674 056;TRUE;79,3;$2,565;211,15;8,1;B;140 167;2010;9
21;17/09/2010;$684 341;FALSE;83,0;$2,582;211,18;8,1;B;140 167;2010;9
21;24/09/2010;$671 688;FALSE;80,8;$2,624;211,26;8,1;B;140 167;2010;9
21;01/10/2010;$677 158;FALSE;70,3;$2,603;211,33;8,2;B;140 167;2010;10
21;08/10/2010;$680 579;FALSE;65,8;$2,633;211,40;8,2;B;140 167;2010;10
21;15/10/2010;$693 412;FALSE;68,6;$2,720;211,47;8,2;B;140 167;2010;10
21;22/10/2010;$710 668;FALSE;70,7;$2,725;211,52;8,2;B;140 167;2010;10
21;29/10/2010;$731 757;FALSE;67,5;$2,716;211,57;8,2;B;140 167;2010;10
21;05/11/2010;$719 889;FALSE;58,7;$2,689;211,61;8,2;B;140 167;2010;11
21;12/11/2010;$735 796;FALSE;61,0;$2,728;211,66;8,2;B;140 167;2010;11
21;19/11/2010;$756 289;FALSE;51,7;$2,771;211,55;8,2;B;140 167;2010;11
21;26/11/2010;$1 245 629;TRUE;63,0;$2,735;211,41;8,2;B;140 167;2010;11
21;03/12/2010;$829 211;FALSE;50,4;$2,708;211,27;8,2;B;140 167;2010;12
21;10/12/2010;$943 892;FALSE;46,4;$2,843;211,12;8,2;B;140 167;2010;12
21;17/12/2010;$1 147 557;FALSE;48,6;$2,869;211,06;8,2;B;140 167;2010;12
21;24/12/2010;$1 587 258;FALSE;51,3;$2,886;211,06;8,2;B;140 167;2010;12
21;31/12/2010;$672 903;TRUE;47,2;$2,943;211,06;8,2;B;140 167;2010;12
21;07/01/2011;$629 152;FALSE;44,2;$2,976;211,06;8,0;B;140 167;2011;1
21;14/01/2011;$650 789;FALSE;34,1;$2,983;211,12;8,0;B;140 167;2011;1
21;21/01/2011;$663 942;FALSE;42,7;$3,016;211,49;8,0;B;140 167;2011;1
21;28/01/2011;$649 878;FALSE;44,0;$3,010;211,86;8,0;B;140 167;2011;1
21;04/02/2011;$596 218;FALSE;36,3;$2,989;212,22;8,0;B;140 167;2011;2
21;11/02/2011;$771 909;TRUE;34,6;$3,022;212,59;8,0;B;140 167;2011;2
21;18/02/2011;$884 702;FALSE;59,9;$3,045;212,90;8,0;B;140 167;2011;2
21;25/02/2011;$768 314;FALSE;61,3;$3,065;213,19;8,0;B;140 167;2011;2
21;04/03/2011;$796 278;FALSE;59,5;$3,288;213,48;8,0;B;140 167;2011;3
21;11/03/2011;$763 480;FALSE;54,7;$3,459;213,76;8,0;B;140 167;2011;3
21;18/03/2011;$793 569;FALSE;63,3;$3,488;214,02;8,0;B;140 167;2011;3
21;25/03/2011;$753 711;FALSE;70,3;$3,473;214,25;8,0;B;140 167;2011;3
21;01/04/2011;$732 056;FALSE;56,4;$3,524;214,49;7,9;B;140 167;2011;4
21;08/04/2011;$744 783;FALSE;68,6;$3,622;214,73;7,9;B;140 167;2011;4
21;15/04/2011;$768 390;FALSE;71,0;$3,743;214,94;7,9;B;140 167;2011;4
21;22/04/2011;$801 302;FALSE;70,8;$3,807;215,11;7,9;B;140 167;2011;4
21;29/04/2011;$783 251;FALSE;70,2;$3,810;215,28;7,9;B;140 167;2011;4
21;06/05/2011;$718 898;FALSE;61,9;$3,906;215,44;7,9;B;140 167;2011;5
21;13/05/2011;$754 237;FALSE;75,0;$3,899;215,61;7,9;B;140 167;2011;5
21;20/05/2011;$744 837;FALSE;68,4;$3,907;215,38;7,9;B;140 167;2011;5
21;27/05/2011;$744 390;FALSE;76,9;$3,786;215,15;7,9;B;140 167;2011;5
21;03/06/2011;$773 879;FALSE;83,8;$3,699;214,93;7,9;B;140 167;2011;6
21;10/06/2011;$794 398;FALSE;84,7;$3,648;214,70;7,9;B;140 167;2011;6
21;17/06/2011;$823 220;FALSE;87,5;$3,637;214,65;7,9;B;140 167;2011;6
21;24/06/2011;$771 299;FALSE;85,7;$3,594;214,74;7,9;B;140 167;2011;6
21;01/07/2011;$784 639;FALSE;87,6;$3,524;214,84;7,9;B;140 167;2011;7
21;08/07/2011;$734 099;FALSE;89,2;$3,480;214,93;7,9;B;140 167;2011;7
21;15/07/2011;$728 311;FALSE;91,1;$3,575;215,01;7,9;B;140 167;2011;7
21;22/07/2011;$784 491;FALSE;90,3;$3,651;215,07;7,9;B;140 167;2011;7
21;29/07/2011;$751 167;FALSE;91,6;$3,682;215,14;7,9;B;140 167;2011;7
21;05/08/2011;$783 615;FALSE;94,2;$3,684;215,20;7,9;B;140 167;2011;8
21;12/08/2011;$776 933;FALSE;92,3;$3,638;215,26;7,9;B;140 167;2011;8
21;19/08/2011;$855 547;FALSE;90,1;$3,554;215,32;7,9;B;140 167;2011;8
21;26/08/2011;$821 128;FALSE;92,1;$3,523;215,39;7,9;B;140 167;2011;8
21;02/09/2011;$705 558;FALSE;91,9;$3,533;215,45;7,9;B;140 167;2011;9
21;09/09/2011;$653 990;TRUE;78,9;$3,546;215,51;7,9;B;140 167;2011;9
21;16/09/2011;$653 526;FALSE;80,6;$3,526;215,69;7,9;B;140 167;2011;9
21;23/09/2011;$681 913;FALSE;75,7;$3,467;216,03;7,9;B;140 167;2011;9
21;30/09/2011;$651 970;FALSE;78,9;$3,355;216,36;7,9;B;140 167;2011;9
21;07/10/2011;$663 452;FALSE;71,6;$3,285;216,70;7,4;B;140 167;2011;10
21;14/10/2011;$671 379;FALSE;69,8;$3,274;217,00;7,4;B;140 167;2011;10
21;21/10/2011;$729 036;FALSE;65,2;$3,353;217,17;7,4;B;140 167;2011;10
21;28/10/2011;$738 812;FALSE;65,5;$3,372;217,33;7,4;B;140 167;2011;10
21;04/11/2011;$767 358;FALSE;56,0;$3,332;217,49;7,4;B;140 167;2011;11
21;11/11/2011;$757 370;FALSE;59,8;$3,297;217,65;7,4;B;140 167;2011;11
21;18/11/2011;$737 014;FALSE;61,9;$3,308;217,87;7,4;B;140 167;2011;11
21;25/11/2011;$1 219 263;TRUE;56,4;$3,236;218,11;7,4;B;140 167;2011;11
21;02/12/2011;$793 184;FALSE;48,7;$3,172;218,36;7,4;B;140 167;2011;12
21;09/12/2011;$897 747;FALSE;41,4;$3,158;218,61;7,4;B;140 167;2011;12
21;16/12/2011;$1 027 585;FALSE;50,6;$3,159;218,82;7,4;B;140 167;2011;12
21;23/12/2011;$1 384 552;FALSE;46,5;$3,112;219,00;7,4;B;140 167;2011;12
21;30/12/2011;$804 362;TRUE;45,2;$3,129;219,18;7,4;B;140 167;2011;12
21;06/01/2012;$640 182;FALSE;48,1;$3,157;219,36;7,1;B;140 167;2012;1
21;13/01/2012;$631 181;FALSE;45,0;$3,261;219,53;7,1;B;140 167;2012;1
21;20/01/2012;$651 178;FALSE;52,2;$3,268;219,63;7,1;B;140 167;2012;1
21;27/01/2012;$611 259;FALSE;50,8;$3,290;219,72;7,1;B;140 167;2012;1
21;03/02/2012;$680 725;FALSE;55,8;$3,360;219,81;7,1;B;140 167;2012;2
21;10/02/2012;$770 653;TRUE;46,5;$3,409;219,90;7,1;B;140 167;2012;2
21;17/02/2012;$834 664;FALSE;45,0;$3,510;220,07;7,1;B;140 167;2012;2
21;24/02/2012;$747 099;FALSE;54,8;$3,555;220,28;7,1;B;140 167;2012;2
21;02/03/2012;$764 385;FALSE;59,3;$3,630;220,49;7,1;B;140 167;2012;3
21;09/03/2012;$755 084;FALSE;57,2;$3,669;220,70;7,1;B;140 167;2012;3
21;16/03/2012;$767 338;FALSE;63,4;$3,734;220,85;7,1;B;140 167;2012;3
21;23/03/2012;$729 760;FALSE;63,0;$3,787;220,92;7,1;B;140 167;2012;3
21;30/03/2012;$724 799;FALSE;67,9;$3,845;221,00;7,1;B;140 167;2012;3
21;06/04/2012;$761 957;FALSE;69,0;$3,891;221,07;6,9;B;140 167;2012;4
21;13/04/2012;$769 319;FALSE;69,0;$3,891;221,15;6,9;B;140 167;2012;4
21;20/04/2012;$734 859;FALSE;67,0;$3,877;221,20;6,9;B;140 167;2012;4
21;27/04/2012;$674 830;FALSE;69,2;$3,814;221,26;6,9;B;140 167;2012;4
21;04/05/2012;$697 645;FALSE;77,5;$3,749;221,31;6,9;B;140 167;2012;5
21;11/05/2012;$649 946;FALSE;74,1;$3,688;221,36;6,9;B;140 167;2012;5
21;18/05/2012;$700 554;FALSE;72,4;$3,630;221,38;6,9;B;140 167;2012;5
21;25/05/2012;$722 891;FALSE;79,5;$3,561;221,38;6,9;B;140 167;2012;5
21;01/06/2012;$695 440;FALSE;79,2;$3,501;221,39;6,9;B;140 167;2012;6
21;08/06/2012;$707 896;FALSE;79,5;$3,452;221,39;6,9;B;140 167;2012;6
21;15/06/2012;$727 049;FALSE;81,5;$3,393;221,40;6,9;B;140 167;2012;6
21;22/06/2012;$735 870;FALSE;81,8;$3,346;221,44;6,9;B;140 167;2012;6
21;29/06/2012;$716 341;FALSE;88,1;$3,286;221,48;6,9;B;140 167;2012;6
21;06/07/2012;$693 014;FALSE;85,3;$3,227;221,52;6,6;B;140 167;2012;7
21;13/07/2012;$668 132;FALSE;82,5;$3,256;221,56;6,6;B;140 167;2012;7
21;20/07/2012;$691 200;FALSE;84,3;$3,311;221,57;6,6;B;140 167;2012;7
21;27/07/2012;$677 789;FALSE;88,1;$3,407;221,58;6,6;B;140 167;2012;7
21;03/08/2012;$693 786;FALSE;91,6;$3,417;221,59;6,6;B;140 167;2012;8
21;10/08/2012;$700 272;FALSE;89,6;$3,494;221,60;6,6;B;140 167;2012;8
21;17/08/2012;$751 964;FALSE;85,6;$3,571;221,68;6,6;B;140 167;2012;8
21;24/08/2012;$802 004;FALSE;77,7;$3,620;221,81;6,6;B;140 167;2012;8
21;31/08/2012;$763 868;FALSE;83,6;$3,638;221,94;6,6;B;140 167;2012;8
21;07/09/2012;$642 827;TRUE;88,4;$3,730;222,07;6,6;B;140 167;2012;9
21;14/09/2012;$628 495;FALSE;76,1;$3,717;222,22;6,6;B;140 167;2012;9
21;21/09/2012;$667 151;FALSE;71,5;$3,721;222,42;6,6;B;140 167;2012;9
21;28/09/2012;$647 098;FALSE;80,4;$3,666;222,62;6,6;B;140 167;2012;9
21;05/10/2012;$651 769;FALSE;70,3;$3,617;222,82;6,2;B;140 167;2012;10
21;12/10/2012;$653 043;FALSE;61,5;$3,601;223,02;6,2;B;140 167;2012;10
21;19/10/2012;$641 368;FALSE;68,5;$3,594;223,06;6,2;B;140 167;2012;10
21;26/10/2012;$675 203;FALSE;70,5;$3,506;223,08;6,2;B;140 167;2012;10
22;05/02/2010;$1 033 017;FALSE;24,4;$2,788;135,35;8,3;B;119 557;2010;2
22;12/02/2010;$1 022 571;TRUE;28,1;$2,771;135,41;8,3;B;119 557;2010;2
22;19/02/2010;$988 468;FALSE;32,0;$2,747;135,47;8,3;B;119 557;2010;2
22;26/02/2010;$899 761;FALSE;36,0;$2,753;135,52;8,3;B;119 557;2010;2
22;05/03/2010;$1 009 201;FALSE;36,8;$2,766;135,57;8,3;B;119 557;2010;3
22;12/03/2010;$967 187;FALSE;43,4;$2,805;135,63;8,3;B;119 557;2010;3
22;19/03/2010;$966 145;FALSE;46,0;$2,834;135,67;8,3;B;119 557;2010;3
22;26/03/2010;$1 012 075;FALSE;48,6;$2,831;135,71;8,3;B;119 557;2010;3
22;02/04/2010;$1 177 341;FALSE;45,0;$2,826;135,75;8,3;B;119 557;2010;4
22;09/04/2010;$1 033 171;FALSE;57,1;$2,849;135,79;8,3;B;119 557;2010;4
22;16/04/2010;$1 000 969;FALSE;51,1;$2,885;135,83;8,3;B;119 557;2010;4
22;23/04/2010;$969 594;FALSE;51,0;$2,895;135,87;8,3;B;119 557;2010;4
22;30/04/2010;$977 683;FALSE;51,0;$2,935;135,92;8,3;B;119 557;2010;4
22;07/05/2010;$1 052 973;FALSE;63,8;$2,981;135,96;8,3;B;119 557;2010;5
22;14/05/2010;$973 585;FALSE;51,0;$2,983;136,01;8,3;B;119 557;2010;5
22;21/05/2010;$979 978;FALSE;60,0;$2,961;136,08;8,3;B;119 557;2010;5
22;28/05/2010;$1 103 740;FALSE;65,6;$2,906;136,15;8,3;B;119 557;2010;5
22;04/06/2010;$1 095 539;FALSE;69,5;$2,857;136,22;8,3;B;119 557;2010;6
22;11/06/2010;$1 061 196;FALSE;65,0;$2,830;136,29;8,3;B;119 557;2010;6
22;18/06/2010;$1 052 895;FALSE;67,1;$2,805;136,32;8,3;B;119 557;2010;6
22;25/06/2010;$1 095 020;FALSE;74,4;$2,810;136,35;8,3;B;119 557;2010;6
22;02/07/2010;$1 120 260;FALSE;72,9;$2,815;136,37;8,4;B;119 557;2010;7
22;09/07/2010;$1 092 654;FALSE;79,2;$2,806;136,40;8,4;B;119 557;2010;7
22;16/07/2010;$988 393;FALSE;76,3;$2,796;136,42;8,4;B;119 557;2010;7
22;23/07/2010;$974 123;FALSE;76,9;$2,784;136,44;8,4;B;119 557;2010;7
22;30/07/2010;$970 774;FALSE;76,4;$2,792;136,46;8,4;B;119 557;2010;7
22;06/08/2010;$1 010 326;FALSE;74,4;$2,792;136,47;8,4;B;119 557;2010;8
22;13/08/2010;$993 097;FALSE;74,8;$2,810;136,49;8,4;B;119 557;2010;8
22;20/08/2010;$1 017 045;FALSE;73,2;$2,796;136,52;8,4;B;119 557;2010;8
22;27/08/2010;$1 081 421;FALSE;69,0;$2,770;136,56;8,4;B;119 557;2010;8
22;03/09/2010;$1 074 536;FALSE;75,9;$2,735;136,59;8,4;B;119 557;2010;9
22;10/09/2010;$924 174;TRUE;68,6;$2,717;136,62;8,4;B;119 557;2010;9
22;17/09/2010;$918 286;FALSE;62,5;$2,716;136,63;8,4;B;119 557;2010;9
22;24/09/2010;$902 779;FALSE;65,1;$2,718;136,63;8,4;B;119 557;2010;9
22;01/10/2010;$905 987;FALSE;69,3;$2,717;136,63;8,6;B;119 557;2010;10
22;08/10/2010;$1 015 052;FALSE;56,3;$2,776;136,63;8,6;B;119 557;2010;10
22;15/10/2010;$954 401;FALSE;55,2;$2,878;136,64;8,6;B;119 557;2010;10
22;22/10/2010;$960 999;FALSE;50,2;$2,919;136,69;8,6;B;119 557;2010;10
22;29/10/2010;$1 025 766;FALSE;57,7;$2,938;136,74;8,6;B;119 557;2010;10
22;05/11/2010;$1 006 888;FALSE;44,3;$2,938;136,79;8,6;B;119 557;2010;11
22;12/11/2010;$1 043 699;FALSE;44,4;$2,961;136,83;8,6;B;119 557;2010;11
22;19/11/2010;$985 896;FALSE;48,6;$3,030;136,77;8,6;B;119 557;2010;11
22;26/11/2010;$1 564 502;TRUE;44,6;$3,070;136,69;8,6;B;119 557;2010;11
22;03/12/2010;$1 230 515;FALSE;39,4;$3,065;136,61;8,6;B;119 557;2010;12
22;10/12/2010;$1 367 203;FALSE;28,4;$3,132;136,53;8,6;B;119 557;2010;12
22;17/12/2010;$1 527 683;FALSE;30,5;$3,139;136,53;8,6;B;119 557;2010;12
22;24/12/2010;$1 962 445;FALSE;29,8;$3,150;136,60;8,6;B;119 557;2010;12
22;31/12/2010;$774 262;TRUE;28,5;$3,177;136,67;8,6;B;119 557;2010;12
22;07/01/2011;$873 955;FALSE;32,6;$3,193;136,73;8,5;B;119 557;2011;1
22;14/01/2011;$807 536;FALSE;24,8;$3,215;136,80;8,5;B;119 557;2011;1
22;21/01/2011;$855 001;FALSE;26,8;$3,232;136,89;8,5;B;119 557;2011;1
22;28/01/2011;$799 369;FALSE;20,6;$3,243;136,97;8,5;B;119 557;2011;1
22;04/02/2011;$946 061;FALSE;26,4;$3,240;137,05;8,5;B;119 557;2011;2
22;11/02/2011;$1 009 206;TRUE;28,9;$3,255;137,14;8,5;B;119 557;2011;2
22;18/02/2011;$975 965;FALSE;35,3;$3,263;137,25;8,5;B;119 557;2011;2
22;25/02/2011;$911 245;FALSE;30,2;$3,281;137,38;8,5;B;119 557;2011;2
22;04/03/2011;$997 353;FALSE;33,5;$3,437;137,50;8,5;B;119 557;2011;3
22;11/03/2011;$944 587;FALSE;41,4;$3,600;137,63;8,5;B;119 557;2011;3
22;18/03/2011;$926 427;FALSE;43,4;$3,634;137,74;8,5;B;119 557;2011;3
22;25/03/2011;$933 528;FALSE;38,8;$3,624;137,85;8,5;B;119 557;2011;3
22;01/04/2011;$951 588;FALSE;36,0;$3,638;137,96;8,3;B;119 557;2011;4
22;08/04/2011;$969 047;FALSE;44,4;$3,720;138,06;8,3;B;119 557;2011;4
22;15/04/2011;$1 008 557;FALSE;48,9;$3,823;138,16;8,3;B;119 557;2011;4
22;22/04/2011;$1 152 782;FALSE;47,8;$3,919;138,25;8,3;B;119 557;2011;4
22;29/04/2011;$926 134;FALSE;57,2;$3,988;138,33;8,3;B;119 557;2011;4
22;06/05/2011;$1 032 076;FALSE;53,6;$4,078;138,41;8,3;B;119 557;2011;5
22;13/05/2011;$1 001 559;FALSE;57,7;$4,095;138,50;8,3;B;119 557;2011;5
22;20/05/2011;$970 308;FALSE;58,6;$4,101;138,59;8,3;B;119 557;2011;5
22;27/05/2011;$1 021 568;FALSE;62,6;$4,034;138,68;8,3;B;119 557;2011;5
22;03/06/2011;$1 125 170;FALSE;70,1;$3,973;138,77;8,3;B;119 557;2011;6
22;10/06/2011;$1 060 868;FALSE;69,5;$3,924;138,86;8,3;B;119 557;2011;6
22;17/06/2011;$1 042 455;FALSE;64,0;$3,873;139,00;8,3;B;119 557;2011;6
22;24/06/2011;$1 012 584;FALSE;68,5;$3,851;139,18;8,3;B;119 557;2011;6
22;01/07/2011;$1 077 492;FALSE;70,8;$3,815;139,36;8,0;B;119 557;2011;7
22;08/07/2011;$1 017 051;FALSE;74,2;$3,784;139,54;8,0;B;119 557;2011;7
22;15/07/2011;$961 954;FALSE;75,2;$3,827;139,70;8,0;B;119 557;2011;7
22;22/07/2011;$964 684;FALSE;77,8;$3,882;139,80;8,0;B;119 557;2011;7
22;29/07/2011;$944 959;FALSE;75,3;$3,898;139,89;8,0;B;119 557;2011;7
22;05/08/2011;$983 233;FALSE;75,3;$3,903;139,99;8,0;B;119 557;2011;8
22;12/08/2011;$991 779;FALSE;74,7;$3,880;140,09;8,0;B;119 557;2011;8
22;19/08/2011;$973 005;FALSE;71,3;$3,820;140,13;8,0;B;119 557;2011;8
22;26/08/2011;$1 181 815;FALSE;72,2;$3,796;140,16;8,0;B;119 557;2011;8
22;02/09/2011;$912 763;FALSE;69,2;$3,784;140,20;8,0;B;119 557;2011;9
22;09/09/2011;$1 004 435;TRUE;69,1;$3,809;140,23;8,0;B;119 557;2011;9
22;16/09/2011;$937 421;FALSE;68,1;$3,809;140,27;8,0;B;119 557;2011;9
22;23/09/2011;$899 835;FALSE;62,4;$3,758;140,33;8,0;B;119 557;2011;9
22;30/09/2011;$953 314;FALSE;69,8;$3,684;140,38;8,0;B;119 557;2011;9
22;07/10/2011;$993 437;FALSE;56,4;$3,633;140,43;7,7;B;119 557;2011;10
22;14/10/2011;$944 337;FALSE;62,6;$3,583;140,48;7,7;B;119 557;2011;10
22;21/10/2011;$981 567;FALSE;59,3;$3,618;140,46;7,7;B;119 557;2011;10
22;28/10/2011;$1 099 352;FALSE;49,3;$3,604;140,44;7,7;B;119 557;2011;10
22;04/11/2011;$1 106 576;FALSE;42,8;$3,586;140,43;7,7;B;119 557;2011;11
22;11/11/2011;$1 051 740;FALSE;47,8;$3,570;140,41;7,7;B;119 557;2011;11
22;18/11/2011;$1 007 579;FALSE;50,6;$3,571;140,41;7,7;B;119 557;2011;11
22;25/11/2011;$1 535 857;TRUE;46,3;$3,536;140,42;7,7;B;119 557;2011;11
22;02/12/2011;$1 167 621;FALSE;49,1;$3,501;140,43;7,7;B;119 557;2011;12
22;09/12/2011;$1 308 967;FALSE;45,4;$3,470;140,44;7,7;B;119 557;2011;12
22;16/12/2011;$1 453 153;FALSE;39,1;$3,445;140,47;7,7;B;119 557;2011;12
22;23/12/2011;$1 863 196;FALSE;39,8;$3,413;140,53;7,7;B;119 557;2011;12
22;30/12/2011;$982 661;TRUE;36,3;$3,402;140,59;7,7;B;119 557;2011;12
22;06/01/2012;$895 358;FALSE;34,6;$3,439;140,65;7,5;B;119 557;2012;1
22;13/01/2012;$855 438;FALSE;39,0;$3,523;140,70;7,5;B;119 557;2012;1
22;20/01/2012;$897 027;FALSE;29,2;$3,542;140,81;7,5;B;119 557;2012;1
22;27/01/2012;$786 459;FALSE;35,7;$3,568;140,91;7,5;B;119 557;2012;1
22;03/02/2012;$958 488;FALSE;40,6;$3,633;141,02;7,5;B;119 557;2012;2
22;10/02/2012;$1 034 448;TRUE;35,7;$3,655;141,12;7,5;B;119 557;2012;2
22;17/02/2012;$1 004 749;FALSE;36,3;$3,703;141,21;7,5;B;119 557;2012;2
22;24/02/2012;$912 959;FALSE;39,0;$3,751;141,30;7,5;B;119 557;2012;2
22;02/03/2012;$974 867;FALSE;37,5;$3,827;141,39;7,5;B;119 557;2012;3
22;09/03/2012;$991 127;FALSE;41,7;$3,876;141,47;7,5;B;119 557;2012;3
22;16/03/2012;$966 780;FALSE;46,1;$3,867;141,55;7,5;B;119 557;2012;3
22;23/03/2012;$992 774;FALSE;54,7;$3,889;141,63;7,5;B;119 557;2012;3
22;30/03/2012;$965 770;FALSE;46,4;$3,921;141,70;7,5;B;119 557;2012;3
22;06/04/2012;$1 197 490;FALSE;46,4;$3,957;141,77;7,7;B;119 557;2012;4
22;13/04/2012;$939 118;FALSE;49,9;$4,025;141,84;7,7;B;119 557;2012;4
22;20/04/2012;$1 000 343;FALSE;58,8;$4,046;141,90;7,7;B;119 557;2012;4
22;27/04/2012;$922 540;FALSE;51,4;$4,023;141,96;7,7;B;119 557;2012;4
22;04/05/2012;$1 005 083;FALSE;50,8;$3,991;142,02;7,7;B;119 557;2012;5
22;11/05/2012;$997 869;FALSE;56,7;$3,947;142,08;7,7;B;119 557;2012;5
22;18/05/2012;$986 612;FALSE;61,9;$3,899;142,10;7,7;B;119 557;2012;5
22;25/05/2012;$1 047 297;FALSE;62,4;$3,850;142,10;7,7;B;119 557;2012;5
22;01/06/2012;$1 102 857;FALSE;70,0;$3,798;142,11;7,7;B;119 557;2012;6
22;08/06/2012;$1 061 134;FALSE;61,7;$3,746;142,12;7,7;B;119 557;2012;6
22;15/06/2012;$1 061 219;FALSE;66,6;$3,683;142,13;7,7;B;119 557;2012;6
22;22/06/2012;$1 112 449;FALSE;70,6;$3,629;142,16;7,7;B;119 557;2012;6
22;29/06/2012;$1 053 882;FALSE;71,0;$3,577;142,19;7,7;B;119 557;2012;6
22;06/07/2012;$1 097 786;FALSE;77,4;$3,538;142,22;7,8;B;119 557;2012;7
22;13/07/2012;$971 361;FALSE;75,8;$3,561;142,25;7,8;B;119 557;2012;7
22;20/07/2012;$991 969;FALSE;76,6;$3,610;142,23;7,8;B;119 557;2012;7
22;27/07/2012;$925 731;FALSE;73,5;$3,701;142,21;7,8;B;119 557;2012;7
22;03/08/2012;$1 007 258;FALSE;73,0;$3,698;142,19;7,8;B;119 557;2012;8
22;10/08/2012;$973 813;FALSE;76,7;$3,772;142,17;7,8;B;119 557;2012;8
22;17/08/2012;$981 273;FALSE;74,9;$3,840;142,22;7,8;B;119 557;2012;8
22;24/08/2012;$1 060 907;FALSE;70,4;$3,874;142,31;7,8;B;119 557;2012;8
22;31/08/2012;$1 022 271;FALSE;71,9;$3,884;142,41;7,8;B;119 557;2012;8
22;07/09/2012;$996 629;TRUE;73,3;$3,921;142,50;7,8;B;119 557;2012;9
22;14/09/2012;$918 049;FALSE;66,4;$3,988;142,59;7,8;B;119 557;2012;9
22;21/09/2012;$921 613;FALSE;63,4;$4,056;142,68;7,8;B;119 557;2012;9
22;28/09/2012;$976 480;FALSE;62,2;$4,018;142,77;7,8;B;119 557;2012;9
22;05/10/2012;$1 009 887;FALSE;62,1;$4,027;142,85;7,5;B;119 557;2012;10
22;12/10/2012;$1 004 040;FALSE;54,2;$4,029;142,94;7,5;B;119 557;2012;10
22;19/10/2012;$978 028;FALSE;55,3;$4,000;142,86;7,5;B;119 557;2012;10
22;26/10/2012;$1 094 423;FALSE;57,6;$3,917;142,76;7,5;B;119 557;2012;10
23;05/02/2010;$1 364 722;FALSE;15,3;$2,788;131,53;5,9;B;114 533;2010;2
23;12/02/2010;$1 380 892;TRUE;18,8;$2,771;131,59;5,9;B;114 533;2010;2
23;19/02/2010;$1 319 588;FALSE;26,7;$2,747;131,64;5,9;B;114 533;2010;2
23;26/02/2010;$1 198 710;FALSE;32,7;$2,753;131,69;5,9;B;114 533;2010;2
23;05/03/2010;$1 311 176;FALSE;33,2;$2,766;131,74;5,9;B;114 533;2010;3
23;12/03/2010;$1 408 083;FALSE;36,1;$2,805;131,78;5,9;B;114 533;2010;3
23;19/03/2010;$1 229 008;FALSE;43,0;$2,834;131,82;5,9;B;114 533;2010;3
23;26/03/2010;$1 310 702;FALSE;38,6;$2,831;131,86;5,9;B;114 533;2010;3
23;02/04/2010;$1 556 628;FALSE;40,5;$2,826;131,90;5,4;B;114 533;2010;4
23;09/04/2010;$1 264 435;FALSE;56,8;$2,849;131,94;5,4;B;114 533;2010;4
23;16/04/2010;$1 288 824;FALSE;44,3;$2,885;131,98;5,4;B;114 533;2010;4
23;23/04/2010;$1 315 023;FALSE;46,4;$2,895;132,02;5,4;B;114 533;2010;4
23;30/04/2010;$1 259 415;FALSE;45,5;$2,935;132,06;5,4;B;114 533;2010;4
23;07/05/2010;$1 365 552;FALSE;61,0;$2,981;132,11;5,4;B;114 533;2010;5
23;14/05/2010;$1 303 055;FALSE;45,3;$2,983;132,15;5,4;B;114 533;2010;5
23;21/05/2010;$1 327 424;FALSE;57,9;$2,961;132,22;5,4;B;114 533;2010;5
23;28/05/2010;$1 571 159;FALSE;69,3;$2,906;132,29;5,4;B;114 533;2010;5
23;04/06/2010;$1 514 436;FALSE;64,9;$2,857;132,36;5,4;B;114 533;2010;6
23;11/06/2010;$1 439 432;FALSE;58,4;$2,830;132,44;5,4;B;114 533;2010;6
23;18/06/2010;$1 507 709;FALSE;60,3;$2,805;132,47;5,4;B;114 533;2010;6
23;25/06/2010;$1 415 205;FALSE;69,8;$2,810;132,50;5,4;B;114 533;2010;6
23;02/07/2010;$1 549 113;FALSE;64,8;$2,815;132,52;5,3;B;114 533;2010;7
23;09/07/2010;$1 417 536;FALSE;77,2;$2,806;132,55;5,3;B;114 533;2010;7
23;16/07/2010;$1 413 124;FALSE;73,9;$2,796;132,57;5,3;B;114 533;2010;7
23;23/07/2010;$1 333 634;FALSE;70,2;$2,784;132,58;5,3;B;114 533;2010;7
23;30/07/2010;$1 319 774;FALSE;69,7;$2,792;132,60;5,3;B;114 533;2010;7
23;06/08/2010;$1 417 013;FALSE;70,0;$2,792;132,61;5,3;B;114 533;2010;8
23;13/08/2010;$1 346 346;FALSE;67,4;$2,810;132,63;5,3;B;114 533;2010;8
23;20/08/2010;$1 439 901;FALSE;68,7;$2,796;132,66;5,3;B;114 533;2010;8
23;27/08/2010;$1 584 623;FALSE;63,3;$2,770;132,69;5,3;B;114 533;2010;8
23;03/09/2010;$1 405 119;FALSE;72,9;$2,735;132,72;5,3;B;114 533;2010;9
23;10/09/2010;$1 272 843;TRUE;63,2;$2,717;132,76;5,3;B;114 533;2010;9
23;17/09/2010;$1 159 133;FALSE;55,3;$2,716;132,77;5,3;B;114 533;2010;9
23;24/09/2010;$1 099 056;FALSE;57,8;$2,718;132,76;5,3;B;114 533;2010;9
23;01/10/2010;$1 129 909;FALSE;62,1;$2,717;132,76;5,3;B;114 533;2010;10
23;08/10/2010;$1 179 852;FALSE;50,8;$2,776;132,75;5,3;B;114 533;2010;10
23;15/10/2010;$1 119 810;FALSE;45,6;$2,878;132,76;5,3;B;114 533;2010;10
23;22/10/2010;$1 147 504;FALSE;43,2;$2,919;132,82;5,3;B;114 533;2010;10
23;29/10/2010;$1 112 871;FALSE;48,7;$2,938;132,87;5,3;B;114 533;2010;10
23;05/11/2010;$1 203 120;FALSE;36,6;$2,938;132,92;5,3;B;114 533;2010;11
23;12/11/2010;$1 387 954;FALSE;35,6;$2,961;132,98;5,3;B;114 533;2010;11
23;19/11/2010;$1 314 994;FALSE;41,7;$3,030;132,92;5,3;B;114 533;2010;11
23;26/11/2010;$2 072 685;TRUE;35,0;$3,070;132,84;5,3;B;114 533;2010;11
23;03/12/2010;$1 617 025;FALSE;34,3;$3,065;132,76;5,3;B;114 533;2010;12
23;10/12/2010;$1 872 366;FALSE;20,1;$3,132;132,68;5,3;B;114 533;2010;12
23;17/12/2010;$2 238 573;FALSE;23,1;$3,139;132,68;5,3;B;114 533;2010;12
23;24/12/2010;$2 734 277;FALSE;23,0;$3,150;132,75;5,3;B;114 533;2010;12
23;31/12/2010;$1 169 774;TRUE;19,1;$3,177;132,82;5,3;B;114 533;2010;12
23;07/01/2011;$1 122 034;FALSE;27,8;$3,193;132,88;5,1;B;114 533;2011;1
23;14/01/2011;$1 016 756;FALSE;18,2;$3,215;132,95;5,1;B;114 533;2011;1
23;21/01/2011;$1 110 706;FALSE;15,6;$3,232;133,03;5,1;B;114 533;2011;1
23;28/01/2011;$1 083 658;FALSE;10,9;$3,243;133,11;5,1;B;114 533;2011;1
23;04/02/2011;$1 159 439;FALSE;14,5;$3,240;133,18;5,1;B;114 533;2011;2
23;11/02/2011;$1 249 786;TRUE;21,5;$3,255;133,26;5,1;B;114 533;2011;2
23;18/02/2011;$1 369 972;FALSE;26,6;$3,263;133,37;5,1;B;114 533;2011;2
23;25/02/2011;$1 206 917;FALSE;17,0;$3,281;133,49;5,1;B;114 533;2011;2
23;04/03/2011;$1 301 185;FALSE;20,7;$3,437;133,61;5,1;B;114 533;2011;3
23;11/03/2011;$1 042 044;FALSE;29,4;$3,600;133,74;5,1;B;114 533;2011;3
23;18/03/2011;$1 203 683;FALSE;37,3;$3,634;133,85;5,1;B;114 533;2011;3
23;25/03/2011;$1 148 625;FALSE;29,1;$3,624;133,96;5,1;B;114 533;2011;3
23;01/04/2011;$1 182 695;FALSE;29,4;$3,638;134,07;4,8;B;114 533;2011;4
23;08/04/2011;$1 248 902;FALSE;36,7;$3,720;134,18;4,8;B;114 533;2011;4
23;15/04/2011;$1 263 681;FALSE;45,5;$3,823;134,28;4,8;B;114 533;2011;4
23;22/04/2011;$1 447 301;FALSE;39,6;$3,919;134,36;4,8;B;114 533;2011;4
23;29/04/2011;$1 173 307;FALSE;54,2;$3,988;134,44;4,8;B;114 533;2011;4
23;06/05/2011;$1 359 921;FALSE;50,1;$4,078;134,51;4,8;B;114 533;2011;5
23;13/05/2011;$1 254 915;FALSE;55,1;$4,095;134,59;4,8;B;114 533;2011;5
23;20/05/2011;$1 337 618;FALSE;56,7;$4,101;134,68;4,8;B;114 533;2011;5
23;27/05/2011;$1 361 945;FALSE;63,3;$4,034;134,77;4,8;B;114 533;2011;5
23;03/06/2011;$1 562 162;FALSE;67,2;$3,973;134,86;4,8;B;114 533;2011;6
23;10/06/2011;$1 447 028;FALSE;65,2;$3,924;134,94;4,8;B;114 533;2011;6
23;17/06/2011;$1 470 521;FALSE;61,1;$3,873;135,08;4,8;B;114 533;2011;6
23;24/06/2011;$1 434 036;FALSE;63,8;$3,851;135,27;4,8;B;114 533;2011;6
23;01/07/2011;$1 492 507;FALSE;65,7;$3,815;135,45;4,6;B;114 533;2011;7
23;08/07/2011;$1 379 488;FALSE;69,9;$3,784;135,63;4,6;B;114 533;2011;7
23;15/07/2011;$1 360 521;FALSE;69,8;$3,827;135,78;4,6;B;114 533;2011;7
23;22/07/2011;$1 362 144;FALSE;76,7;$3,882;135,87;4,6;B;114 533;2011;7
23;29/07/2011;$1 319 768;FALSE;69,6;$3,898;135,96;4,6;B;114 533;2011;7
23;05/08/2011;$1 416 345;FALSE;69,5;$3,903;136,05;4,6;B;114 533;2011;8
23;12/08/2011;$1 380 952;FALSE;69,9;$3,880;136,14;4,6;B;114 533;2011;8
23;19/08/2011;$1 453 417;FALSE;67,1;$3,820;136,18;4,6;B;114 533;2011;8
23;26/08/2011;$1 637 266;FALSE;67,0;$3,796;136,21;4,6;B;114 533;2011;8
23;02/09/2011;$1 464 296;FALSE;65,3;$3,784;136,24;4,6;B;114 533;2011;9
23;09/09/2011;$1 423 290;TRUE;66,0;$3,809;136,27;4,6;B;114 533;2011;9
23;16/09/2011;$1 253 329;FALSE;60,5;$3,809;136,31;4,6;B;114 533;2011;9
23;23/09/2011;$1 289 083;FALSE;57,1;$3,758;136,37;4,6;B;114 533;2011;9
23;30/09/2011;$1 275 598;FALSE;64,8;$3,684;136,42;4,6;B;114 533;2011;9
23;07/10/2011;$1 463 502;FALSE;49,0;$3,633;136,47;4,4;B;114 533;2011;10
23;14/10/2011;$1 257 778;FALSE;56,8;$3,583;136,52;4,4;B;114 533;2011;10
23;21/10/2011;$1 441 033;FALSE;52,1;$3,618;136,50;4,4;B;114 533;2011;10
23;28/10/2011;$1 407 192;FALSE;42,6;$3,604;136,49;4,4;B;114 533;2011;10
23;04/11/2011;$1 428 436;FALSE;39,2;$3,586;136,48;4,4;B;114 533;2011;11
23;11/11/2011;$1 436 941;FALSE;44,0;$3,570;136,46;4,4;B;114 533;2011;11
23;18/11/2011;$1 345 632;FALSE;45,5;$3,571;136,47;4,4;B;114 533;2011;11
23;25/11/2011;$2 057 060;TRUE;35,2;$3,536;136,48;4,4;B;114 533;2011;11
23;02/12/2011;$1 552 887;FALSE;43,6;$3,501;136,49;4,4;B;114 533;2011;12
23;09/12/2011;$1 841 174;FALSE;36,4;$3,470;136,50;4,4;B;114 533;2011;12
23;16/12/2011;$2 173 621;FALSE;33,0;$3,445;136,53;4,4;B;114 533;2011;12
23;23/12/2011;$2 587 953;FALSE;27,8;$3,413;136,59;4,4;B;114 533;2011;12
23;30/12/2011;$1 213 487;TRUE;22,3;$3,402;136,64;4,4;B;114 533;2011;12
23;06/01/2012;$1 150 663;FALSE;24,3;$3,439;136,70;4,3;B;114 533;2012;1
23;13/01/2012;$1 031 451;FALSE;28,5;$3,523;136,75;4,3;B;114 533;2012;1
23;20/01/2012;$1 146 992;FALSE;15,3;$3,542;136,86;4,3;B;114 533;2012;1
23;27/01/2012;$1 037 476;FALSE;25,7;$3,568;136,96;4,3;B;114 533;2012;1
23;03/02/2012;$1 261 873;FALSE;29,7;$3,633;137,06;4,3;B;114 533;2012;2
23;10/02/2012;$1 358 444;TRUE;26,6;$3,655;137,17;4,3;B;114 533;2012;2
23;17/02/2012;$1 365 547;FALSE;27,0;$3,703;137,26;4,3;B;114 533;2012;2
23;24/02/2012;$1 272 948;FALSE;31,1;$3,751;137,34;4,3;B;114 533;2012;2
23;02/03/2012;$1 322 852;FALSE;25,9;$3,827;137,42;4,3;B;114 533;2012;3
23;09/03/2012;$1 292 725;FALSE;33,1;$3,876;137,51;4,3;B;114 533;2012;3
23;16/03/2012;$1 258 364;FALSE;41,2;$3,867;137,58;4,3;B;114 533;2012;3
23;23/03/2012;$1 288 154;FALSE;57,8;$3,889;137,66;4,3;B;114 533;2012;3
23;30/03/2012;$1 261 965;FALSE;36,7;$3,921;137,73;4,3;B;114 533;2012;3
23;06/04/2012;$1 604 606;FALSE;37,4;$3,957;137,80;4,1;B;114 533;2012;4
23;13/04/2012;$1 231 753;FALSE;41,8;$4,025;137,87;4,1;B;114 533;2012;4
23;20/04/2012;$1 287 899;FALSE;56,6;$4,046;137,92;4,1;B;114 533;2012;4
23;27/04/2012;$1 277 759;FALSE;44,6;$4,023;137,98;4,1;B;114 533;2012;4
23;04/05/2012;$1 317 380;FALSE;45,9;$3,991;138,03;4,1;B;114 533;2012;5
23;11/05/2012;$1 321 914;FALSE;52,9;$3,947;138,09;4,1;B;114 533;2012;5
23;18/05/2012;$1 332 952;FALSE;58,4;$3,899;138,11;4,1;B;114 533;2012;5
23;25/05/2012;$1 552 935;FALSE;66,4;$3,850;138,11;4,1;B;114 533;2012;5
23;01/06/2012;$1 476 144;FALSE;66,2;$3,798;138,11;4,1;B;114 533;2012;6
23;08/06/2012;$1 568 049;FALSE;56,8;$3,746;138,12;4,1;B;114 533;2012;6
23;15/06/2012;$1 543 668;FALSE;64,7;$3,683;138,13;4,1;B;114 533;2012;6
23;22/06/2012;$1 522 043;FALSE;71,8;$3,629;138,16;4,1;B;114 533;2012;6
23;29/06/2012;$1 451 782;FALSE;64,2;$3,577;138,20;4,1;B;114 533;2012;6
23;06/07/2012;$1 545 370;FALSE;70,9;$3,538;138,23;4,2;B;114 533;2012;7
23;13/07/2012;$1 384 922;FALSE;69,2;$3,561;138,26;4,2;B;114 533;2012;7
23;20/07/2012;$1 381 339;FALSE;71,1;$3,610;138,23;4,2;B;114 533;2012;7
23;27/07/2012;$1 322 932;FALSE;69,3;$3,701;138,20;4,2;B;114 533;2012;7
23;03/08/2012;$1 416 926;FALSE;71,5;$3,698;138,17;4,2;B;114 533;2012;8
23;10/08/2012;$1 436 312;FALSE;71,1;$3,772;138,14;4,2;B;114 533;2012;8
23;17/08/2012;$1 510 131;FALSE;70,0;$3,840;138,19;4,2;B;114 533;2012;8
23;24/08/2012;$1 702 221;FALSE;64,6;$3,874;138,28;4,2;B;114 533;2012;8
23;31/08/2012;$1 577 469;FALSE;68,3;$3,884;138,38;4,2;B;114 533;2012;8
23;07/09/2012;$1 427 162;TRUE;66,7;$3,921;138,47;4,2;B;114 533;2012;9
23;14/09/2012;$1 279 042;FALSE;61,4;$3,988;138,57;4,2;B;114 533;2012;9
23;21/09/2012;$1 338 628;FALSE;56,8;$4,056;138,65;4,2;B;114 533;2012;9
23;28/09/2012;$1 319 035;FALSE;53,7;$4,018;138,74;4,2;B;114 533;2012;9
23;05/10/2012;$1 464 617;FALSE;56,7;$4,027;138,83;4,1;B;114 533;2012;10
23;12/10/2012;$1 412 925;FALSE;48,1;$4,029;138,91;4,1;B;114 533;2012;10
23;19/10/2012;$1 363 156;FALSE;47,9;$4,000;138,83;4,1;B;114 533;2012;10
23;26/10/2012;$1 347 455;FALSE;50,6;$3,917;138,73;4,1;B;114 533;2012;10
24;05/02/2010;$1 388 726;FALSE;22,4;$2,954;131,53;8,3;A;203 819;2010;2
24;12/02/2010;$1 414 107;TRUE;25,9;$2,940;131,59;8,3;A;203 819;2010;2
24;19/02/2010;$1 385 362;FALSE;31,1;$2,909;131,64;8,3;A;203 819;2010;2
24;26/02/2010;$1 158 723;FALSE;34,0;$2,910;131,69;8,3;A;203 819;2010;2
24;05/03/2010;$1 412 387;FALSE;36,7;$2,919;131,74;8,3;A;203 819;2010;3
24;12/03/2010;$1 309 340;FALSE;42,3;$2,938;131,78;8,3;A;203 819;2010;3
24;19/03/2010;$1 222 511;FALSE;46,1;$2,960;131,82;8,3;A;203 819;2010;3
24;26/03/2010;$1 258 312;FALSE;48,9;$2,963;131,86;8,3;A;203 819;2010;3
24;02/04/2010;$1 478 321;FALSE;45,2;$2,957;131,90;8,2;A;203 819;2010;4
24;09/04/2010;$1 379 580;FALSE;62,1;$2,992;131,94;8,2;A;203 819;2010;4
24;16/04/2010;$1 268 267;FALSE;51,1;$3,010;131,98;8,2;A;203 819;2010;4
24;23/04/2010;$1 264 117;FALSE;51,1;$3,021;132,02;8,2;A;203 819;2010;4
24;30/04/2010;$1 259 877;FALSE;51,5;$3,042;132,06;8,2;A;203 819;2010;4
24;07/05/2010;$1 409 705;FALSE;66,7;$3,095;132,11;8,2;A;203 819;2010;5
24;14/05/2010;$1 346 783;FALSE;51,3;$3,112;132,15;8,2;A;203 819;2010;5
24;21/05/2010;$1 283 483;FALSE;60,4;$3,096;132,22;8,2;A;203 819;2010;5
24;28/05/2010;$1 473 868;FALSE;69,6;$3,046;132,29;8,2;A;203 819;2010;5
24;04/06/2010;$1 566 669;FALSE;72,0;$3,006;132,36;8,2;A;203 819;2010;6
24;11/06/2010;$1 375 458;FALSE;64,8;$2,972;132,44;8,2;A;203 819;2010;6
24;18/06/2010;$1 354 168;FALSE;67,2;$2,942;132,47;8,2;A;203 819;2010;6
24;25/06/2010;$1 399 074;FALSE;74,9;$2,958;132,50;8,2;A;203 819;2010;6
24;02/07/2010;$1 563 388;FALSE;71,1;$2,958;132,52;8,1;A;203 819;2010;7
24;09/07/2010;$1 665 503;FALSE;79,1;$2,940;132,55;8,1;A;203 819;2010;7
24;16/07/2010;$1 418 697;FALSE;76,6;$2,933;132,57;8,1;A;203 819;2010;7
24;23/07/2010;$1 333 740;FALSE;75,3;$2,924;132,58;8,1;A;203 819;2010;7
24;30/07/2010;$1 387 518;FALSE;75,9;$2,932;132,60;8,1;A;203 819;2010;7
24;06/08/2010;$1 442 819;FALSE;74,5;$2,942;132,61;8,1;A;203 819;2010;8
24;13/08/2010;$1 384 244;FALSE;74,2;$2,923;132,63;8,1;A;203 819;2010;8
24;20/08/2010;$1 375 308;FALSE;72,2;$2,913;132,66;8,1;A;203 819;2010;8
24;27/08/2010;$1 350 059;FALSE;67,0;$2,885;132,69;8,1;A;203 819;2010;8
24;03/09/2010;$1 366 382;FALSE;73,5;$2,860;132,72;8,1;A;203 819;2010;9
24;10/09/2010;$1 474 499;TRUE;67,1;$2,837;132,76;8,1;A;203 819;2010;9
24;17/09/2010;$1 273 295;FALSE;60,3;$2,846;132,77;8,1;A;203 819;2010;9
24;24/09/2010;$1 169 413;FALSE;64,3;$2,837;132,76;8,1;A;203 819;2010;9
24;01/10/2010;$1 215 273;FALSE;66,9;$2,840;132,76;8,3;A;203 819;2010;10
24;08/10/2010;$1 361 945;FALSE;54,8;$2,903;132,75;8,3;A;203 819;2010;10
24;15/10/2010;$1 300 807;FALSE;52,8;$2,999;132,76;8,3;A;203 819;2010;10
24;22/10/2010;$1 234 875;FALSE;48,7;$3,049;132,82;8,3;A;203 819;2010;10
24;29/10/2010;$1 244 926;FALSE;57,3;$3,055;132,87;8,3;A;203 819;2010;10
24;05/11/2010;$1 285 358;FALSE;42,2;$3,049;132,92;8,3;A;203 819;2010;11
24;12/11/2010;$1 312 877;FALSE;41,8;$3,065;132,98;8,3;A;203 819;2010;11
24;19/11/2010;$1 277 151;FALSE;45,6;$3,138;132,92;8,3;A;203 819;2010;11
24;26/11/2010;$1 779 277;TRUE;41,9;$3,186;132,84;8,3;A;203 819;2010;11
24;03/12/2010;$1 413 303;FALSE;37,1;$3,200;132,76;8,3;A;203 819;2010;12
24;10/12/2010;$1 593 013;FALSE;27,1;$3,255;132,68;8,3;A;203 819;2010;12
24;17/12/2010;$1 663 526;FALSE;28,0;$3,301;132,68;8,3;A;203 819;2010;12
24;24/12/2010;$2 386 016;FALSE;27,7;$3,309;132,75;8,3;A;203 819;2010;12
24;31/12/2010;$1 208 600;TRUE;25,9;$3,336;132,82;8,3;A;203 819;2010;12
24;07/01/2011;$1 178 642;FALSE;30,7;$3,351;132,88;8,3;A;203 819;2011;1
24;14/01/2011;$1 167 740;FALSE;22,4;$3,367;132,95;8,3;A;203 819;2011;1
24;21/01/2011;$1 107 170;FALSE;23,7;$3,391;133,03;8,3;A;203 819;2011;1
24;28/01/2011;$1 126 921;FALSE;17,9;$3,402;133,11;8,3;A;203 819;2011;1
24;04/02/2011;$1 225 182;FALSE;23,8;$3,400;133,18;8,3;A;203 819;2011;2
24;11/02/2011;$1 341 241;TRUE;26,5;$3,416;133,26;8,3;A;203 819;2011;2
24;18/02/2011;$1 360 150;FALSE;34,0;$3,420;133,37;8,3;A;203 819;2011;2
24;25/02/2011;$1 235 121;FALSE;26,1;$3,452;133,49;8,3;A;203 819;2011;2
24;04/03/2011;$1 346 995;FALSE;31,4;$3,605;133,61;8,3;A;203 819;2011;3
24;11/03/2011;$1 253 219;FALSE;39,5;$3,752;133,74;8,3;A;203 819;2011;3
24;18/03/2011;$1 168 397;FALSE;43,4;$3,796;133,85;8,3;A;203 819;2011;3
24;25/03/2011;$1 158 693;FALSE;36,9;$3,789;133,96;8,3;A;203 819;2011;3
24;01/04/2011;$1 163 803;FALSE;35,7;$3,811;134,07;8,2;A;203 819;2011;4
24;08/04/2011;$1 273 670;FALSE;44,7;$3,895;134,18;8,2;A;203 819;2011;4
24;15/04/2011;$1 245 577;FALSE;52,4;$3,981;134,28;8,2;A;203 819;2011;4
24;22/04/2011;$1 372 485;FALSE;46,0;$4,061;134,36;8,2;A;203 819;2011;4
24;29/04/2011;$1 197 761;FALSE;60,5;$4,117;134,44;8,2;A;203 819;2011;4
24;06/05/2011;$1 339 630;FALSE;55,8;$4,192;134,51;8,2;A;203 819;2011;5
24;13/05/2011;$1 311 950;FALSE;58,5;$4,211;134,59;8,2;A;203 819;2011;5
24;20/05/2011;$1 234 282;FALSE;59,8;$4,202;134,68;8,2;A;203 819;2011;5
24;27/05/2011;$1 311 154;FALSE;65,7;$4,134;134,77;8,2;A;203 819;2011;5
24;03/06/2011;$1 554 838;FALSE;73,1;$4,069;134,86;8,2;A;203 819;2011;6
24;10/06/2011;$1 373 842;FALSE;70,0;$4,025;134,94;8,2;A;203 819;2011;6
24;17/06/2011;$1 320 359;FALSE;64,3;$3,989;135,08;8,2;A;203 819;2011;6
24;24/06/2011;$1 304 851;FALSE;68,9;$3,964;135,27;8,2;A;203 819;2011;6
24;01/07/2011;$1 445 597;FALSE;70,3;$3,916;135,45;8,4;A;203 819;2011;7
24;08/07/2011;$1 567 340;FALSE;72,6;$3,886;135,63;8,4;A;203 819;2011;7
24;15/07/2011;$1 356 939;FALSE;74,4;$3,915;135,78;8,4;A;203 819;2011;7
24;22/07/2011;$1 357 672;FALSE;79,3;$3,972;135,87;8,4;A;203 819;2011;7
24;29/07/2011;$1 310 973;FALSE;74,8;$4,004;135,96;8,4;A;203 819;2011;7
24;05/08/2011;$1 417 617;FALSE;74,6;$4,020;136,05;8,4;A;203 819;2011;8
24;12/08/2011;$1 402 818;FALSE;72,5;$3,995;136,14;8,4;A;203 819;2011;8
24;19/08/2011;$1 352 040;FALSE;69,9;$3,942;136,18;8,4;A;203 819;2011;8
24;26/08/2011;$1 402 372;FALSE;69,9;$3,906;136,21;8,4;A;203 819;2011;8
24;02/09/2011;$1 196 105;FALSE;68,1;$3,879;136,24;8,4;A;203 819;2011;9
24;09/09/2011;$1 527 455;TRUE;68,3;$3,930;136,27;8,4;A;203 819;2011;9
24;16/09/2011;$1 227 536;FALSE;65,6;$3,937;136,31;8,4;A;203 819;2011;9
24;23/09/2011;$1 232 376;FALSE;60,6;$3,899;136,37;8,4;A;203 819;2011;9
24;30/09/2011;$1 246 243;FALSE;68,0;$3,858;136,42;8,4;A;203 819;2011;9
24;07/10/2011;$1 405 914;FALSE;53,9;$3,775;136,47;8,5;A;203 819;2011;10
24;14/10/2011;$1 333 315;FALSE;60,2;$3,744;136,52;8,5;A;203 819;2011;10
24;21/10/2011;$1 283 563;FALSE;56,6;$3,757;136,50;8,5;A;203 819;2011;10
24;28/10/2011;$1 307 143;FALSE;48,0;$3,757;136,49;8,5;A;203 819;2011;10
24;04/11/2011;$1 385 860;FALSE;39,9;$3,738;136,48;8,5;A;203 819;2011;11
24;11/11/2011;$1 425 079;FALSE;46,8;$3,719;136,46;8,5;A;203 819;2011;11
24;18/11/2011;$1 297 536;FALSE;48,2;$3,717;136,47;8,5;A;203 819;2011;11
24;25/11/2011;$1 761 236;TRUE;41,8;$3,689;136,48;8,5;A;203 819;2011;11
24;02/12/2011;$1 335 647;FALSE;47,2;$3,666;136,49;8,5;A;203 819;2011;12
24;09/12/2011;$1 529 616;FALSE;42,3;$3,627;136,50;8,5;A;203 819;2011;12
24;16/12/2011;$1 624 994;FALSE;36,0;$3,611;136,53;8,5;A;203 819;2011;12
24;23/12/2011;$2 168 344;FALSE;36,9;$3,587;136,59;8,5;A;203 819;2011;12
24;30/12/2011;$1 363 973;TRUE;33,5;$3,566;136,64;8,5;A;203 819;2011;12
24;06/01/2012;$1 251 582;FALSE;32,9;$3,585;136,70;8,7;A;203 819;2012;1
24;13/01/2012;$1 155 594;FALSE;36,5;$3,666;136,75;8,7;A;203 819;2012;1
24;20/01/2012;$1 151 994;FALSE;25,7;$3,705;136,86;8,7;A;203 819;2012;1
24;27/01/2012;$1 057 290;FALSE;31,9;$3,737;136,96;8,7;A;203 819;2012;1
24;03/02/2012;$1 249 697;FALSE;38,6;$3,796;137,06;8,7;A;203 819;2012;2
24;10/02/2012;$1 403 461;TRUE;33,8;$3,826;137,17;8,7;A;203 819;2012;2
24;17/02/2012;$1 326 370;FALSE;33,9;$3,874;137,26;8,7;A;203 819;2012;2
24;24/02/2012;$1 303 233;FALSE;37,4;$3,917;137,34;8,7;A;203 819;2012;2
24;02/03/2012;$1 213 994;FALSE;35,4;$3,983;137,42;8,7;A;203 819;2012;3
24;09/03/2012;$1 325 836;FALSE;41,5;$4,021;137,51;8,7;A;203 819;2012;3
24;16/03/2012;$1 239 299;FALSE;48,7;$4,021;137,58;8,7;A;203 819;2012;3
24;23/03/2012;$1 221 724;FALSE;59,5;$4,054;137,66;8,7;A;203 819;2012;3
24;30/03/2012;$1 230 106;FALSE;47,3;$4,098;137,73;8,7;A;203 819;2012;3
24;06/04/2012;$1 524 734;FALSE;45,3;$4,143;137,80;9,0;A;203 819;2012;4
24;13/04/2012;$1 285 784;FALSE;48,7;$4,187;137,87;9,0;A;203 819;2012;4
24;20/04/2012;$1 208 654;FALSE;61,1;$4,170;137,92;9,0;A;203 819;2012;4
24;27/04/2012;$1 194 335;FALSE;49,3;$4,163;137,98;9,0;A;203 819;2012;4
24;04/05/2012;$1 306 552;FALSE;52,1;$4,124;138,03;9,0;A;203 819;2012;5
24;11/05/2012;$1 355 392;FALSE;58,7;$4,055;138,09;9,0;A;203 819;2012;5
24;18/05/2012;$1 298 810;FALSE;63,1;$4,029;138,11;9,0;A;203 819;2012;5
24;25/05/2012;$1 407 898;FALSE;65,8;$3,979;138,11;9,0;A;203 819;2012;5
24;01/06/2012;$1 467 722;FALSE;71,8;$3,915;138,11;9,0;A;203 819;2012;6
24;08/06/2012;$1 406 313;FALSE;59,9;$3,871;138,12;9,0;A;203 819;2012;6
24;15/06/2012;$1 364 446;FALSE;68,3;$3,786;138,13;9,0;A;203 819;2012;6
24;22/06/2012;$1 434 710;FALSE;72,3;$3,722;138,16;9,0;A;203 819;2012;6
24;29/06/2012;$1 428 870;FALSE;70,4;$3,667;138,20;9,0;A;203 819;2012;6
24;06/07/2012;$1 645 098;FALSE;77,2;$3,646;138,23;9,0;A;203 819;2012;7
24;13/07/2012;$1 405 476;FALSE;75,4;$3,689;138,26;9,0;A;203 819;2012;7
24;20/07/2012;$1 394 299;FALSE;76,4;$3,732;138,23;9,0;A;203 819;2012;7
24;27/07/2012;$1 307 339;FALSE;73,6;$3,820;138,20;9,0;A;203 819;2012;7
24;03/08/2012;$1 440 374;FALSE;73,3;$3,819;138,17;9,0;A;203 819;2012;8
24;10/08/2012;$1 497 055;FALSE;75,5;$3,863;138,14;9,0;A;203 819;2012;8
24;17/08/2012;$1 397 971;FALSE;72,9;$3,963;138,19;9,0;A;203 819;2012;8
24;24/08/2012;$1 303 727;FALSE;68,1;$3,997;138,28;9,0;A;203 819;2012;8
24;31/08/2012;$1 344 559;FALSE;71,2;$4,026;138,38;9,0;A;203 819;2012;8
24;07/09/2012;$1 477 135;TRUE;72,8;$4,076;138,47;9,0;A;203 819;2012;9
24;14/09/2012;$1 242 910;FALSE;64,3;$4,088;138,57;9,0;A;203 819;2012;9
24;21/09/2012;$1 261 158;FALSE;61,3;$4,203;138,65;9,0;A;203 819;2012;9
24;28/09/2012;$1 259 278;FALSE;58,9;$4,158;138,74;9,0;A;203 819;2012;9
24;05/10/2012;$1 416 721;FALSE;60,4;$4,151;138,83;8,7;A;203 819;2012;10
24;12/10/2012;$1 416 301;FALSE;51,6;$4,186;138,91;8,7;A;203 819;2012;10
24;19/10/2012;$1 255 415;FALSE;52,6;$4,153;138,83;8,7;A;203 819;2012;10
24;26/10/2012;$1 307 182;FALSE;55,2;$4,071;138,73;8,7;A;203 819;2012;10
25;05/02/2010;$677 232;FALSE;21,1;$2,784;204,25;8,2;B;128 107;2010;2
25;12/02/2010;$583 364;TRUE;19,6;$2,773;204,39;8,2;B;128 107;2010;2
25;19/02/2010;$676 261;FALSE;24,2;$2,745;204,43;8,2;B;128 107;2010;2
25;26/02/2010;$628 517;FALSE;29,2;$2,754;204,46;8,2;B;128 107;2010;2
25;05/03/2010;$665 750;FALSE;29,5;$2,777;204,49;8,2;B;128 107;2010;3
25;12/03/2010;$660 620;FALSE;40,1;$2,818;204,53;8,2;B;128 107;2010;3
25;19/03/2010;$659 796;FALSE;45,0;$2,844;204,38;8,2;B;128 107;2010;3
25;26/03/2010;$696 688;FALSE;45,8;$2,854;204,20;8,2;B;128 107;2010;3
25;02/04/2010;$822 486;FALSE;47,2;$2,850;204,03;7,9;B;128 107;2010;4
25;09/04/2010;$712 648;FALSE;61,4;$2,869;203,85;7,9;B;128 107;2010;4
25;16/04/2010;$715 312;FALSE;52,2;$2,899;203,73;7,9;B;128 107;2010;4
25;23/04/2010;$694 532;FALSE;46,1;$2,902;203,69;7,9;B;128 107;2010;4
25;30/04/2010;$706 924;FALSE;51,0;$2,921;203,65;7,9;B;128 107;2010;4
25;07/05/2010;$724 469;FALSE;63,7;$2,966;203,61;7,9;B;128 107;2010;5
25;14/05/2010;$698 074;FALSE;50,3;$2,982;203,61;7,9;B;128 107;2010;5
25;21/05/2010;$704 113;FALSE;57,2;$2,958;203,88;7,9;B;128 107;2010;5
25;28/05/2010;$792 443;FALSE;69,3;$2,899;204,14;7,9;B;128 107;2010;5
25;04/06/2010;$764 155;FALSE;69,2;$2,847;204,40;7,9;B;128 107;2010;6
25;11/06/2010;$737 163;FALSE;63,7;$2,809;204,67;7,9;B;128 107;2010;6
25;18/06/2010;$780 445;FALSE;69,6;$2,780;204,67;7,9;B;128 107;2010;6
25;25/06/2010;$737 569;FALSE;72,2;$2,808;204,57;7,9;B;128 107;2010;6
25;02/07/2010;$759 408;FALSE;66,4;$2,815;204,47;7,5;B;128 107;2010;7
25;09/07/2010;$719 591;FALSE;75,2;$2,793;204,36;7,5;B;128 107;2010;7
25;16/07/2010;$726 998;FALSE;73,4;$2,783;204,36;7,5;B;128 107;2010;7
25;23/07/2010;$665 291;FALSE;75,4;$2,771;204,48;7,5;B;128 107;2010;7
25;30/07/2010;$682 124;FALSE;72,0;$2,781;204,61;7,5;B;128 107;2010;7
25;06/08/2010;$699 464;FALSE;71,8;$2,784;204,73;7,5;B;128 107;2010;8
25;13/08/2010;$686 072;FALSE;72,7;$2,805;204,85;7,5;B;128 107;2010;8
25;20/08/2010;$724 500;FALSE;71,8;$2,779;204,82;7,5;B;128 107;2010;8
25;27/08/2010;$711 462;FALSE;67,2;$2,755;204,79;7,5;B;128 107;2010;8
25;03/09/2010;$685 700;FALSE;71,2;$2,715;204,76;7,5;B;128 107;2010;9
25;10/09/2010;$655 812;TRUE;61,1;$2,699;204,73;7,5;B;128 107;2010;9
25;17/09/2010;$628 990;FALSE;60,1;$2,706;204,75;7,5;B;128 107;2010;9
25;24/09/2010;$607 819;FALSE;65,1;$2,713;204,82;7,5;B;128 107;2010;9
25;01/10/2010;$658 640;FALSE;57,6;$2,707;204,89;7,5;B;128 107;2010;10
25;08/10/2010;$674 284;FALSE;48,5;$2,764;204,95;7,5;B;128 107;2010;10
25;15/10/2010;$616 095;FALSE;54,1;$2,868;205,01;7,5;B;128 107;2010;10
25;22/10/2010;$661 644;FALSE;46,7;$2,917;205,06;7,5;B;128 107;2010;10
25;29/10/2010;$674 458;FALSE;55,7;$2,921;205,11;7,5;B;128 107;2010;10
25;05/11/2010;$696 315;FALSE;38,8;$2,917;205,16;7,5;B;128 107;2010;11
25;12/11/2010;$713 250;FALSE;40,7;$2,931;205,21;7,5;B;128 107;2010;11
25;19/11/2010;$718 057;FALSE;42,7;$3,000;205,10;7,5;B;128 107;2010;11
25;26/11/2010;$1 115 241;TRUE;43,4;$3,039;204,96;7,5;B;128 107;2010;11
25;03/12/2010;$885 573;FALSE;32,4;$3,046;204,82;7,5;B;128 107;2010;12
25;10/12/2010;$964 729;FALSE;22,7;$3,109;204,69;7,5;B;128 107;2010;12
25;17/12/2010;$1 047 708;FALSE;21,6;$3,140;204,63;7,5;B;128 107;2010;12
25;24/12/2010;$1 295 391;FALSE;22,9;$3,141;204,64;7,5;B;128 107;2010;12
25;31/12/2010;$623 093;TRUE;25,9;$3,179;204,64;7,5;B;128 107;2010;12
25;07/01/2011;$558 795;FALSE;29,0;$3,193;204,65;7,3;B;128 107;2011;1
25;14/01/2011;$572 361;FALSE;18,3;$3,205;204,70;7,3;B;128 107;2011;1
25;21/01/2011;$568 094;FALSE;23,2;$3,229;205,05;7,3;B;128 107;2011;1
25;28/01/2011;$600 449;FALSE;18,9;$3,237;205,39;7,3;B;128 107;2011;1
25;04/02/2011;$639 830;FALSE;23,9;$3,231;205,73;7,3;B;128 107;2011;2
25;11/02/2011;$615 667;TRUE;21,2;$3,239;206,08;7,3;B;128 107;2011;2
25;18/02/2011;$634 637;FALSE;38,4;$3,245;206,37;7,3;B;128 107;2011;2
25;25/02/2011;$570 816;FALSE;28,4;$3,274;206,64;7,3;B;128 107;2011;2
25;04/03/2011;$640 912;FALSE;31,6;$3,433;206,92;7,3;B;128 107;2011;3
25;11/03/2011;$599 828;FALSE;36,7;$3,582;207,19;7,3;B;128 107;2011;3
25;18/03/2011;$603 394;FALSE;40,9;$3,631;207,43;7,3;B;128 107;2011;3
25;25/03/2011;$616 324;FALSE;38,5;$3,625;207,66;7,3;B;128 107;2011;3
25;01/04/2011;$618 378;FALSE;28,5;$3,638;207,88;7,3;B;128 107;2011;4
25;08/04/2011;$648 606;FALSE;42,1;$3,720;208,11;7,3;B;128 107;2011;4
25;15/04/2011;$674 562;FALSE;51,4;$3,821;208,32;7,3;B;128 107;2011;4
25;22/04/2011;$756 588;FALSE;45,9;$3,892;208,48;7,3;B;128 107;2011;4
25;29/04/2011;$649 245;FALSE;58,4;$3,962;208,64;7,3;B;128 107;2011;4
25;06/05/2011;$659 447;FALSE;49,5;$4,046;208,80;7,3;B;128 107;2011;5
25;13/05/2011;$684 783;FALSE;60,1;$4,066;208,96;7,3;B;128 107;2011;5
25;20/05/2011;$677 971;FALSE;56,6;$4,062;208,76;7,3;B;128 107;2011;5
25;27/05/2011;$718 374;FALSE;67,2;$3,985;208,56;7,3;B;128 107;2011;5
25;03/06/2011;$737 552;FALSE;70,7;$3,922;208,36;7,3;B;128 107;2011;6
25;10/06/2011;$740 260;FALSE;71,5;$3,881;208,15;7,3;B;128 107;2011;6
25;17/06/2011;$717 373;FALSE;63,6;$3,842;208,13;7,3;B;128 107;2011;6
25;24/06/2011;$699 270;FALSE;70,7;$3,804;208,23;7,3;B;128 107;2011;6
25;01/07/2011;$706 207;FALSE;66,6;$3,748;208,33;7,3;B;128 107;2011;7
25;08/07/2011;$698 530;FALSE;71,6;$3,711;208,44;7,3;B;128 107;2011;7
25;15/07/2011;$680 510;FALSE;72,7;$3,760;208,53;7,3;B;128 107;2011;7
25;22/07/2011;$670 855;FALSE;78,1;$3,811;208,59;7,3;B;128 107;2011;7
25;29/07/2011;$668 391;FALSE;74,7;$3,829;208,66;7,3;B;128 107;2011;7
25;05/08/2011;$679 706;FALSE;74,0;$3,842;208,72;7,3;B;128 107;2011;8
25;12/08/2011;$667 130;FALSE;70,9;$3,812;208,78;7,3;B;128 107;2011;8
25;19/08/2011;$688 959;FALSE;68,1;$3,747;208,84;7,3;B;128 107;2011;8
25;26/08/2011;$726 423;FALSE;66,8;$3,704;208,90;7,3;B;128 107;2011;8
25;02/09/2011;$699 779;FALSE;67,2;$3,703;208,96;7,3;B;128 107;2011;9
25;09/09/2011;$673 248;TRUE;67,5;$3,738;209,02;7,3;B;128 107;2011;9
25;16/09/2011;$628 720;FALSE;62,1;$3,742;209,19;7,3;B;128 107;2011;9
25;23/09/2011;$620 886;FALSE;60,3;$3,711;209,50;7,3;B;128 107;2011;9
25;30/09/2011;$639 160;FALSE;60,7;$3,645;209,81;7,3;B;128 107;2011;9
25;07/10/2011;$671 523;FALSE;50,8;$3,583;210,12;7,1;B;128 107;2011;10
25;14/10/2011;$646 915;FALSE;59,0;$3,541;210,40;7,1;B;128 107;2011;10
25;21/10/2011;$690 676;FALSE;50,2;$3,570;210,55;7,1;B;128 107;2011;10
25;28/10/2011;$724 444;FALSE;46,3;$3,569;210,69;7,1;B;128 107;2011;10
25;04/11/2011;$718 394;FALSE;40,9;$3,551;210,84;7,1;B;128 107;2011;11
25;11/11/2011;$719 235;FALSE;44,8;$3,530;210,98;7,1;B;128 107;2011;11
25;18/11/2011;$728 526;FALSE;46,4;$3,530;211,18;7,1;B;128 107;2011;11
25;25/11/2011;$1 116 211;TRUE;43,5;$3,492;211,41;7,1;B;128 107;2011;11
25;02/12/2011;$878 315;FALSE;42,9;$3,452;211,64;7,1;B;128 107;2011;12
25;09/12/2011;$916 446;FALSE;38,7;$3,415;211,87;7,1;B;128 107;2011;12
25;16/12/2011;$997 502;FALSE;33,1;$3,413;212,07;7,1;B;128 107;2011;12
25;23/12/2011;$1 290 533;FALSE;36,6;$3,389;212,24;7,1;B;128 107;2011;12
25;30/12/2011;$683 665;TRUE;32,4;$3,389;212,40;7,1;B;128 107;2011;12
25;06/01/2012;$636 419;FALSE;30,2;$3,422;212,57;7,0;B;128 107;2012;1
25;13/01/2012;$614 764;FALSE;34,6;$3,513;212,74;7,0;B;128 107;2012;1
25;20/01/2012;$594 745;FALSE;23,9;$3,533;212,83;7,0;B;128 107;2012;1
25;27/01/2012;$589 554;FALSE;32,2;$3,567;212,93;7,0;B;128 107;2012;1
25;03/02/2012;$642 776;FALSE;35,0;$3,617;213,02;7,0;B;128 107;2012;2
25;10/02/2012;$658 984;TRUE;32,5;$3,640;213,12;7,0;B;128 107;2012;2
25;17/02/2012;$654 088;FALSE;32,2;$3,695;213,27;7,0;B;128 107;2012;2
25;24/02/2012;$613 501;FALSE;35,5;$3,739;213,47;7,0;B;128 107;2012;2
25;02/03/2012;$643 156;FALSE;36,0;$3,816;213,67;7,0;B;128 107;2012;3
25;09/03/2012;$643 712;FALSE;37,4;$3,848;213,87;7,0;B;128 107;2012;3
25;16/03/2012;$638 204;FALSE;50,6;$3,862;214,02;7,0;B;128 107;2012;3
25;23/03/2012;$672 832;FALSE;62,7;$3,900;214,09;7,0;B;128 107;2012;3
25;30/03/2012;$684 349;FALSE;47,9;$3,953;214,16;7,0;B;128 107;2012;3
25;06/04/2012;$791 357;FALSE;44,7;$3,996;214,24;7,1;B;128 107;2012;4
25;13/04/2012;$658 692;FALSE;42,5;$4,044;214,31;7,1;B;128 107;2012;4
25;20/04/2012;$661 566;FALSE;57,1;$4,027;214,37;7,1;B;128 107;2012;4
25;27/04/2012;$655 157;FALSE;44,2;$4,004;214,42;7,1;B;128 107;2012;4
25;04/05/2012;$696 422;FALSE;58,8;$3,951;214,48;7,1;B;128 107;2012;5
25;11/05/2012;$739 866;FALSE;59,2;$3,889;214,53;7,1;B;128 107;2012;5
25;18/05/2012;$717 207;FALSE;58,2;$3,848;214,55;7,1;B;128 107;2012;5
25;25/05/2012;$783 371;FALSE;67,7;$3,798;214,55;7,1;B;128 107;2012;5
25;01/06/2012;$694 766;FALSE;69,5;$3,742;214,55;7,1;B;128 107;2012;6
25;08/06/2012;$730 254;FALSE;58,5;$3,689;214,55;7,1;B;128 107;2012;6
25;15/06/2012;$753 861;FALSE;68,3;$3,620;214,57;7,1;B;128 107;2012;6
25;22/06/2012;$721 602;FALSE;73,5;$3,564;214,61;7,1;B;128 107;2012;6
25;29/06/2012;$718 891;FALSE;69,8;$3,506;214,65;7,1;B;128 107;2012;6
25;06/07/2012;$753 386;FALSE;75,5;$3,475;214,69;7,3;B;128 107;2012;7
25;13/07/2012;$714 094;FALSE;73,9;$3,523;214,73;7,3;B;128 107;2012;7
25;20/07/2012;$685 677;FALSE;74,3;$3,567;214,73;7,3;B;128 107;2012;7
25;27/07/2012;$659 110;FALSE;73,0;$3,647;214,74;7,3;B;128 107;2012;7
25;03/08/2012;$709 725;FALSE;72,1;$3,654;214,74;7,3;B;128 107;2012;8
25;10/08/2012;$710 497;FALSE;71,9;$3,722;214,75;7,3;B;128 107;2012;8
25;17/08/2012;$728 468;FALSE;67,0;$3,807;214,83;7,3;B;128 107;2012;8
25;24/08/2012;$756 528;FALSE;64,5;$3,834;214,96;7,3;B;128 107;2012;8
25;31/08/2012;$714 829;FALSE;68,6;$3,867;215,09;7,3;B;128 107;2012;8
25;07/09/2012;$671 483;TRUE;72,8;$3,911;215,22;7,3;B;128 107;2012;9
25;14/09/2012;$657 242;FALSE;60,9;$3,948;215,36;7,3;B;128 107;2012;9
25;21/09/2012;$664 745;FALSE;57,6;$4,038;215,55;7,3;B;128 107;2012;9
25;28/09/2012;$683 301;FALSE;54,5;$3,997;215,74;7,3;B;128 107;2012;9
25;05/10/2012;$699 537;FALSE;57,6;$3,985;215,93;7,3;B;128 107;2012;10
25;12/10/2012;$697 317;FALSE;43,7;$4,000;216,12;7,3;B;128 107;2012;10
25;19/10/2012;$685 532;FALSE;51,9;$3,969;216,15;7,3;B;128 107;2012;10
25;26/10/2012;$688 941;FALSE;56,7;$3,882;216,15;7,3;B;128 107;2012;10
26;05/02/2010;$1 034 119;FALSE;9,6;$2,788;131,53;8,5;A;152 513;2010;2
26;12/02/2010;$1 015 684;TRUE;18,1;$2,771;131,59;8,5;A;152 513;2010;2
26;19/02/2010;$999 349;FALSE;22,6;$2,747;131,64;8,5;A;152 513;2010;2
26;26/02/2010;$855 385;FALSE;27,3;$2,753;131,69;8,5;A;152 513;2010;2
26;05/03/2010;$1 005 670;FALSE;28,6;$2,766;131,74;8,5;A;152 513;2010;3
26;12/03/2010;$963 382;FALSE;31,1;$2,805;131,78;8,5;A;152 513;2010;3
26;19/03/2010;$903 367;FALSE;35,3;$2,834;131,82;8,5;A;152 513;2010;3
26;26/03/2010;$893 613;FALSE;35,3;$2,831;131,86;8,5;A;152 513;2010;3
26;02/04/2010;$1 029 849;FALSE;36,5;$2,826;131,90;8,5;A;152 513;2010;4
26;09/04/2010;$1 022 294;FALSE;50,1;$2,849;131,94;8,5;A;152 513;2010;4
26;16/04/2010;$905 548;FALSE;36,6;$2,885;131,98;8,5;A;152 513;2010;4
26;23/04/2010;$881 931;FALSE;39,7;$2,895;132,02;8,5;A;152 513;2010;4
26;30/04/2010;$904 504;FALSE;40,6;$2,935;132,06;8,5;A;152 513;2010;4
26;07/05/2010;$1 074 480;FALSE;54,7;$2,981;132,11;8,5;A;152 513;2010;5
26;14/05/2010;$972 664;FALSE;39,1;$2,983;132,15;8,5;A;152 513;2010;5
26;21/05/2010;$986 765;FALSE;50,8;$2,961;132,22;8,5;A;152 513;2010;5
26;28/05/2010;$1 069 852;FALSE;61,7;$2,906;132,29;8,5;A;152 513;2010;5
26;04/06/2010;$1 003 203;FALSE;58,5;$2,857;132,36;8,5;A;152 513;2010;6
26;11/06/2010;$1 073 863;FALSE;51,6;$2,830;132,44;8,5;A;152 513;2010;6
26;18/06/2010;$1 001 287;FALSE;53,6;$2,805;132,47;8,5;A;152 513;2010;6
26;25/06/2010;$976 242;FALSE;63,8;$2,810;132,50;8,5;A;152 513;2010;6
26;02/07/2010;$1 078 455;FALSE;58,9;$2,815;132,52;8,4;A;152 513;2010;7
26;09/07/2010;$1 122 357;FALSE;71,1;$2,806;132,55;8,4;A;152 513;2010;7
26;16/07/2010;$1 028 152;FALSE;67,7;$2,796;132,57;8,4;A;152 513;2010;7
26;23/07/2010;$971 616;FALSE;65,4;$2,784;132,58;8,4;A;152 513;2010;7
26;30/07/2010;$1 005 324;FALSE;63,8;$2,792;132,60;8,4;A;152 513;2010;7
26;06/08/2010;$1 125 330;FALSE;62,9;$2,792;132,61;8,4;A;152 513;2010;8
26;13/08/2010;$1 011 938;FALSE;61,6;$2,810;132,63;8,4;A;152 513;2010;8
26;20/08/2010;$1 007 385;FALSE;62,7;$2,796;132,66;8,4;A;152 513;2010;8
26;27/08/2010;$977 323;FALSE;57,2;$2,770;132,69;8,4;A;152 513;2010;8
26;03/09/2010;$1 037 550;FALSE;66,9;$2,735;132,72;8,4;A;152 513;2010;9
26;10/09/2010;$1 042 226;TRUE;54,8;$2,717;132,76;8,4;A;152 513;2010;9
26;17/09/2010;$923 474;FALSE;50,1;$2,716;132,77;8,4;A;152 513;2010;9
26;24/09/2010;$868 636;FALSE;52,5;$2,718;132,76;8,4;A;152 513;2010;9
26;01/10/2010;$923 222;FALSE;57,8;$2,717;132,76;8,1;A;152 513;2010;10
26;08/10/2010;$1 001 070;FALSE;46,8;$2,776;132,75;8,1;A;152 513;2010;10
26;15/10/2010;$937 957;FALSE;39,9;$2,878;132,76;8,1;A;152 513;2010;10
26;22/10/2010;$916 523;FALSE;36,1;$2,919;132,82;8,1;A;152 513;2010;10
26;29/10/2010;$895 070;FALSE;40,3;$2,938;132,87;8,1;A;152 513;2010;10
26;05/11/2010;$970 225;FALSE;30,5;$2,938;132,92;8,1;A;152 513;2010;11
26;12/11/2010;$971 193;FALSE;37,5;$2,961;132,98;8,1;A;152 513;2010;11
26;19/11/2010;$901 973;FALSE;36,7;$3,030;132,92;8,1;A;152 513;2010;11
26;26/11/2010;$1 286 834;TRUE;28,1;$3,070;132,84;8,1;A;152 513;2010;11
26;03/12/2010;$1 016 144;FALSE;27,7;$3,065;132,76;8,1;A;152 513;2010;12
26;10/12/2010;$1 149 612;FALSE;16,6;$3,132;132,68;8,1;A;152 513;2010;12
26;17/12/2010;$1 196 813;FALSE;20,6;$3,139;132,68;8,1;A;152 513;2010;12
26;24/12/2010;$1 573 982;FALSE;21,8;$3,150;132,75;8,1;A;152 513;2010;12
26;31/12/2010;$877 268;TRUE;18,7;$3,177;132,82;8,1;A;152 513;2010;12
26;07/01/2011;$938 149;FALSE;21,1;$3,193;132,88;7,9;A;152 513;2011;1
26;14/01/2011;$812 323;FALSE;16,7;$3,215;132,95;7,9;A;152 513;2011;1
26;21/01/2011;$809 833;FALSE;13,0;$3,232;133,03;7,9;A;152 513;2011;1
26;28/01/2011;$817 485;FALSE;5,5;$3,243;133,11;7,9;A;152 513;2011;1
26;04/02/2011;$911 807;FALSE;11,2;$3,240;133,18;7,9;A;152 513;2011;2
26;11/02/2011;$1 010 711;TRUE;15,1;$3,255;133,26;7,9;A;152 513;2011;2
26;18/02/2011;$981 978;FALSE;19,6;$3,263;133,37;7,9;A;152 513;2011;2
26;25/02/2011;$910 298;FALSE;16,3;$3,281;133,49;7,9;A;152 513;2011;2
26;04/03/2011;$945 643;FALSE;14,3;$3,437;133,61;7,9;A;152 513;2011;3
26;11/03/2011;$946 615;FALSE;28,1;$3,600;133,74;7,9;A;152 513;2011;3
26;18/03/2011;$887 426;FALSE;31,8;$3,634;133,85;7,9;A;152 513;2011;3
26;25/03/2011;$866 567;FALSE;23,0;$3,624;133,96;7,9;A;152 513;2011;3
26;01/04/2011;$849 232;FALSE;23,0;$3,638;134,07;7,8;A;152 513;2011;4
26;08/04/2011;$985 230;FALSE;29,1;$3,720;134,18;7,8;A;152 513;2011;4
26;15/04/2011;$863 266;FALSE;39,5;$3,823;134,28;7,8;A;152 513;2011;4
26;22/04/2011;$921 701;FALSE;33,8;$3,919;134,36;7,8;A;152 513;2011;4
26;29/04/2011;$873 450;FALSE;47,2;$3,988;134,44;7,8;A;152 513;2011;4
26;06/05/2011;$1 024 778;FALSE;45,0;$4,078;134,51;7,8;A;152 513;2011;5
26;13/05/2011;$941 009;FALSE;48,2;$4,095;134,59;7,8;A;152 513;2011;5
26;20/05/2011;$938 335;FALSE;48,9;$4,101;134,68;7,8;A;152 513;2011;5
26;27/05/2011;$996 724;FALSE;56,7;$4,034;134,77;7,8;A;152 513;2011;5
26;03/06/2011;$1 054 454;FALSE;60,5;$3,973;134,86;7,8;A;152 513;2011;6
26;10/06/2011;$1 094 059;FALSE;59,9;$3,924;134,94;7,8;A;152 513;2011;6
26;17/06/2011;$981 646;FALSE;54,5;$3,873;135,08;7,8;A;152 513;2011;6
26;24/06/2011;$997 475;FALSE;56,9;$3,851;135,27;7,8;A;152 513;2011;6
26;01/07/2011;$1 070 119;FALSE;59,9;$3,815;135,45;7,8;A;152 513;2011;7
26;08/07/2011;$1 133 807;FALSE;63,3;$3,784;135,63;7,8;A;152 513;2011;7
26;15/07/2011;$1 021 535;FALSE;64,4;$3,827;135,78;7,8;A;152 513;2011;7
26;22/07/2011;$1 017 868;FALSE;69,5;$3,882;135,87;7,8;A;152 513;2011;7
26;29/07/2011;$1 005 361;FALSE;63,3;$3,898;135,96;7,8;A;152 513;2011;7
26;05/08/2011;$1 107 552;FALSE;63,2;$3,903;136,05;7,8;A;152 513;2011;8
26;12/08/2011;$1 087 645;FALSE;63,0;$3,880;136,14;7,8;A;152 513;2011;8
26;19/08/2011;$1 021 767;FALSE;60,6;$3,820;136,18;7,8;A;152 513;2011;8
26;26/08/2011;$1 064 618;FALSE;61,1;$3,796;136,21;7,8;A;152 513;2011;8
26;02/09/2011;$1 040 143;FALSE;59,7;$3,784;136,24;7,8;A;152 513;2011;9
26;09/09/2011;$1 069 711;TRUE;61,0;$3,809;136,27;7,8;A;152 513;2011;9
26;16/09/2011;$951 570;FALSE;55,2;$3,809;136,31;7,8;A;152 513;2011;9
26;23/09/2011;$923 645;FALSE;50,7;$3,758;136,37;7,8;A;152 513;2011;9
26;30/09/2011;$959 340;FALSE;59,4;$3,684;136,42;7,8;A;152 513;2011;9
26;07/10/2011;$1 130 023;FALSE;46,8;$3,633;136,47;7,6;A;152 513;2011;10
26;14/10/2011;$987 886;FALSE;53,9;$3,583;136,52;7,6;A;152 513;2011;10
26;21/10/2011;$974 907;FALSE;45,2;$3,618;136,50;7,6;A;152 513;2011;10
26;28/10/2011;$972 257;FALSE;35,1;$3,604;136,49;7,6;A;152 513;2011;10
26;04/11/2011;$988 951;FALSE;31,7;$3,586;136,48;7,6;A;152 513;2011;11
26;11/11/2011;$1 077 640;FALSE;40,1;$3,570;136,46;7,6;A;152 513;2011;11
26;18/11/2011;$946 092;FALSE;37,8;$3,571;136,47;7,6;A;152 513;2011;11
26;25/11/2011;$1 282 320;TRUE;31,1;$3,536;136,48;7,6;A;152 513;2011;11
26;02/12/2011;$1 012 498;FALSE;36,7;$3,501;136,49;7,6;A;152 513;2011;12
26;09/12/2011;$1 148 987;FALSE;34,2;$3,470;136,50;7,6;A;152 513;2011;12
26;16/12/2011;$1 204 808;FALSE;28,2;$3,445;136,53;7,6;A;152 513;2011;12
26;23/12/2011;$1 515 175;FALSE;22,5;$3,413;136,59;7,6;A;152 513;2011;12
26;30/12/2011;$972 834;TRUE;18,8;$3,402;136,64;7,6;A;152 513;2011;12
26;06/01/2012;$971 558;FALSE;22,9;$3,439;136,70;7,5;A;152 513;2012;1
26;13/01/2012;$836 306;FALSE;25,6;$3,523;136,75;7,5;A;152 513;2012;1
26;20/01/2012;$838 752;FALSE;15,2;$3,542;136,86;7,5;A;152 513;2012;1
26;27/01/2012;$820 060;FALSE;24,2;$3,568;136,96;7,5;A;152 513;2012;1
26;03/02/2012;$939 158;FALSE;25,2;$3,633;137,06;7,5;A;152 513;2012;2
26;10/02/2012;$1 081 006;TRUE;23,9;$3,655;137,17;7,5;A;152 513;2012;2
26;17/02/2012;$965 789;FALSE;23,9;$3,703;137,26;7,5;A;152 513;2012;2
26;24/02/2012;$917 924;FALSE;28,1;$3,751;137,34;7,5;A;152 513;2012;2
26;02/03/2012;$955 642;FALSE;22,5;$3,827;137,42;7,5;A;152 513;2012;3
26;09/03/2012;$1 028 569;FALSE;29,0;$3,876;137,51;7,5;A;152 513;2012;3
26;16/03/2012;$919 503;FALSE;35,1;$3,867;137,58;7,5;A;152 513;2012;3
26;23/03/2012;$874 791;FALSE;50,0;$3,889;137,66;7,5;A;152 513;2012;3
26;30/03/2012;$922 018;FALSE;33,3;$3,921;137,73;7,5;A;152 513;2012;3
26;06/04/2012;$1 116 829;FALSE;33,4;$3,957;137,80;7,5;A;152 513;2012;4
26;13/04/2012;$889 670;FALSE;36,9;$4,025;137,87;7,5;A;152 513;2012;4
26;20/04/2012;$923 600;FALSE;50,8;$4,046;137,92;7,5;A;152 513;2012;4
26;27/04/2012;$911 969;FALSE;43,6;$4,023;137,98;7,5;A;152 513;2012;4
26;04/05/2012;$946 573;FALSE;40,3;$3,991;138,03;7,5;A;152 513;2012;5
26;11/05/2012;$1 062 549;FALSE;47,1;$3,947;138,09;7,5;A;152 513;2012;5
26;18/05/2012;$978 083;FALSE;52,6;$3,899;138,11;7,5;A;152 513;2012;5
26;25/05/2012;$1 067 311;FALSE;58,2;$3,850;138,11;7,5;A;152 513;2012;5
26;01/06/2012;$1 015 853;FALSE;58,5;$3,798;138,11;7,5;A;152 513;2012;6
26;08/06/2012;$1 106 177;FALSE;49,4;$3,746;138,12;7,5;A;152 513;2012;6
26;15/06/2012;$1 029 248;FALSE;57,8;$3,683;138,13;7,5;A;152 513;2012;6
26;22/06/2012;$1 056 283;FALSE;63,0;$3,629;138,16;7,5;A;152 513;2012;6
26;29/06/2012;$1 051 190;FALSE;60,7;$3,577;138,20;7,5;A;152 513;2012;6
26;06/07/2012;$1 180 471;FALSE;64,9;$3,538;138,23;7,4;A;152 513;2012;7
26;13/07/2012;$1 063 150;FALSE;64,5;$3,561;138,26;7,4;A;152 513;2012;7
26;20/07/2012;$1 049 626;FALSE;66,8;$3,610;138,23;7,4;A;152 513;2012;7
26;27/07/2012;$1 031 745;FALSE;64,1;$3,701;138,20;7,4;A;152 513;2012;7
26;03/08/2012;$1 090 915;FALSE;65,6;$3,698;138,17;7,4;A;152 513;2012;8
26;10/08/2012;$1 121 477;FALSE;67,0;$3,772;138,14;7,4;A;152 513;2012;8
26;17/08/2012;$1 068 293;FALSE;65,5;$3,840;138,19;7,4;A;152 513;2012;8
26;24/08/2012;$1 022 704;FALSE;62,1;$3,874;138,28;7,4;A;152 513;2012;8
26;31/08/2012;$1 053 496;FALSE;63,7;$3,884;138,38;7,4;A;152 513;2012;8
26;07/09/2012;$1 081 874;TRUE;61,6;$3,921;138,47;7,4;A;152 513;2012;9
26;14/09/2012;$986 132;FALSE;57,7;$3,988;138,57;7,4;A;152 513;2012;9
26;21/09/2012;$961 084;FALSE;52,7;$4,056;138,65;7,4;A;152 513;2012;9
26;28/09/2012;$964 726;FALSE;50,7;$4,018;138,74;7,4;A;152 513;2012;9
26;05/10/2012;$1 095 504;FALSE;54,1;$4,027;138,83;7,1;A;152 513;2012;10
26;12/10/2012;$1 044 640;FALSE;45,2;$4,029;138,91;7,1;A;152 513;2012;10
26;19/10/2012;$975 578;FALSE;43,5;$4,000;138,83;7,1;A;152 513;2012;10
26;26/10/2012;$958 620;FALSE;47,0;$3,917;138,73;7,1;A;152 513;2012;10
27;05/02/2010;$1 874 290;FALSE;27,2;$2,954;135,35;8,2;A;204 184;2010;2
27;12/02/2010;$1 745 363;TRUE;29,8;$2,940;135,41;8,2;A;204 184;2010;2
27;19/02/2010;$1 945 070;FALSE;32,4;$2,909;135,47;8,2;A;204 184;2010;2
27;26/02/2010;$1 390 934;FALSE;36,0;$2,910;135,52;8,2;A;204 184;2010;2
27;05/03/2010;$1 313 730;FALSE;38,1;$2,919;135,57;8,2;A;204 184;2010;3
27;12/03/2010;$1 925 113;FALSE;46,0;$2,938;135,63;8,2;A;204 184;2010;3
27;19/03/2010;$1 700 628;FALSE;49,0;$2,960;135,67;8,2;A;204 184;2010;3
27;26/03/2010;$1 836 715;FALSE;52,3;$2,963;135,71;8,2;A;204 184;2010;3
27;02/04/2010;$2 053 953;FALSE;46,9;$2,957;135,75;8,1;A;204 184;2010;4
27;09/04/2010;$1 955 814;FALSE;62,6;$2,992;135,79;8,1;A;204 184;2010;4
27;16/04/2010;$1 857 501;FALSE;55,0;$3,010;135,83;8,1;A;204 184;2010;4
27;23/04/2010;$1 850 205;FALSE;53,9;$3,021;135,87;8,1;A;204 184;2010;4
27;30/04/2010;$1 805 885;FALSE;53,6;$3,042;135,92;8,1;A;204 184;2010;4
27;07/05/2010;$1 939 459;FALSE;69,0;$3,095;135,96;8,1;A;204 184;2010;5
27;14/05/2010;$1 842 466;FALSE;53,8;$3,112;136,01;8,1;A;204 184;2010;5
27;21/05/2010;$1 836 596;FALSE;63,3;$3,096;136,08;8,1;A;204 184;2010;5
27;28/05/2010;$1 962 469;FALSE;67,9;$3,046;136,15;8,1;A;204 184;2010;5
27;04/06/2010;$2 073 103;FALSE;74,3;$3,006;136,22;8,1;A;204 184;2010;6
27;11/06/2010;$1 873 813;FALSE;68,9;$2,972;136,29;8,1;A;204 184;2010;6
27;18/06/2010;$1 887 182;FALSE;70,0;$2,942;136,32;8,1;A;204 184;2010;6
27;25/06/2010;$1 962 625;FALSE;78,0;$2,958;136,35;8,1;A;204 184;2010;6
27;02/07/2010;$2 024 554;FALSE;76,3;$2,958;136,37;8,0;A;204 184;2010;7
27;09/07/2010;$2 119 163;FALSE;82,7;$2,940;136,40;8,0;A;204 184;2010;7
27;16/07/2010;$1 880 692;FALSE;78,3;$2,933;136,42;8,0;A;204 184;2010;7
27;23/07/2010;$1 808 251;FALSE;81,6;$2,924;136,44;8,0;A;204 184;2010;7
27;30/07/2010;$1 816 490;FALSE;79,8;$2,932;136,46;8,0;A;204 184;2010;7
27;06/08/2010;$1 908 037;FALSE;77,5;$2,942;136,47;8,0;A;204 184;2010;8
27;13/08/2010;$1 864 436;FALSE;77,4;$2,923;136,49;8,0;A;204 184;2010;8
27;20/08/2010;$1 936 878;FALSE;75,2;$2,913;136,52;8,0;A;204 184;2010;8
27;27/08/2010;$1 870 684;FALSE;70,3;$2,885;136,56;8,0;A;204 184;2010;8
27;03/09/2010;$1 908 111;FALSE;78,5;$2,860;136,59;8,0;A;204 184;2010;9
27;10/09/2010;$1 913 495;TRUE;70,4;$2,837;136,62;8,0;A;204 184;2010;9
27;17/09/2010;$1 629 978;FALSE;64,5;$2,846;136,63;8,0;A;204 184;2010;9
27;24/09/2010;$1 597 003;FALSE;67,1;$2,837;136,63;8,0;A;204 184;2010;9
27;01/10/2010;$1 543 533;FALSE;70,2;$2,840;136,63;8,0;A;204 184;2010;10
27;08/10/2010;$1 707 663;FALSE;57,8;$2,903;136,63;8,0;A;204 184;2010;10
27;15/10/2010;$1 728 388;FALSE;58,4;$2,999;136,64;8,0;A;204 184;2010;10
27;22/10/2010;$1 693 935;FALSE;52,8;$3,049;136,69;8,0;A;204 184;2010;10
27;29/10/2010;$1 688 955;FALSE;61,0;$3,055;136,74;8,0;A;204 184;2010;10
27;05/11/2010;$1 686 010;FALSE;45,9;$3,049;136,79;8,0;A;204 184;2010;11
27;12/11/2010;$1 828 010;FALSE;45,9;$3,065;136,83;8,0;A;204 184;2010;11
27;19/11/2010;$1 704 786;FALSE;50,8;$3,138;136,77;8,0;A;204 184;2010;11
27;26/11/2010;$2 627 911;TRUE;46,7;$3,186;136,69;8,0;A;204 184;2010;11
27;03/12/2010;$1 884 344;FALSE;41,8;$3,200;136,61;8,0;A;204 184;2010;12
27;10/12/2010;$2 139 734;FALSE;30,8;$3,255;136,53;8,0;A;204 184;2010;12
27;17/12/2010;$2 350 098;FALSE;31,6;$3,301;136,53;8,0;A;204 184;2010;12
27;24/12/2010;$3 078 162;FALSE;31,3;$3,309;136,60;8,0;A;204 184;2010;12
27;31/12/2010;$1 440 963;TRUE;29,6;$3,336;136,67;8,0;A;204 184;2010;12
27;07/01/2011;$1 568 159;FALSE;34,4;$3,351;136,73;7,8;A;204 184;2011;1
27;14/01/2011;$1 532 309;FALSE;25,7;$3,367;136,80;7,8;A;204 184;2011;1
27;21/01/2011;$1 517 030;FALSE;30,1;$3,391;136,89;7,8;A;204 184;2011;1
27;28/01/2011;$1 421 112;FALSE;23,6;$3,402;136,97;7,8;A;204 184;2011;1
27;04/02/2011;$1 628 101;FALSE;28,7;$3,400;137,05;7,8;A;204 184;2011;2
27;11/02/2011;$1 636 225;TRUE;30,5;$3,416;137,14;7,8;A;204 184;2011;2
27;18/02/2011;$1 709 365;FALSE;39,3;$3,420;137,25;7,8;A;204 184;2011;2
27;25/02/2011;$1 688 936;FALSE;33,1;$3,452;137,38;7,8;A;204 184;2011;2
27;04/03/2011;$1 656 131;FALSE;37,0;$3,605;137,50;7,8;A;204 184;2011;3
27;11/03/2011;$1 613 260;FALSE;43,6;$3,752;137,63;7,8;A;204 184;2011;3
27;18/03/2011;$1 624 539;FALSE;46,7;$3,796;137,74;7,8;A;204 184;2011;3
27;25/03/2011;$1 554 651;FALSE;40,1;$3,789;137,85;7,8;A;204 184;2011;3
27;01/04/2011;$1 628 868;FALSE;37,3;$3,811;137,96;7,7;A;204 184;2011;4
27;08/04/2011;$1 689 844;FALSE;46,9;$3,895;138,06;7,7;A;204 184;2011;4
27;15/04/2011;$1 727 176;FALSE;52,2;$3,981;138,16;7,7;A;204 184;2011;4
27;22/04/2011;$1 921 655;FALSE;50,0;$4,061;138,25;7,7;A;204 184;2011;4
27;29/04/2011;$1 642 075;FALSE;61,7;$4,117;138,33;7,7;A;204 184;2011;4
27;06/05/2011;$1 757 042;FALSE;56,5;$4,192;138,41;7,7;A;204 184;2011;5
27;13/05/2011;$1 763 545;FALSE;60,1;$4,211;138,50;7,7;A;204 184;2011;5
27;20/05/2011;$1 725 269;FALSE;60,2;$4,202;138,59;7,7;A;204 184;2011;5
27;27/05/2011;$1 820 723;FALSE;66,4;$4,134;138,68;7,7;A;204 184;2011;5
27;03/06/2011;$2 053 708;FALSE;74,2;$4,069;138,77;7,7;A;204 184;2011;6
27;10/06/2011;$1 817 915;FALSE;73,3;$4,025;138,86;7,7;A;204 184;2011;6
27;17/06/2011;$1 814 740;FALSE;67,0;$3,989;139,00;7,7;A;204 184;2011;6
27;24/06/2011;$1 811 455;FALSE;72,0;$3,964;139,18;7,7;A;204 184;2011;6
27;01/07/2011;$1 949 984;FALSE;73,8;$3,916;139,36;7,9;A;204 184;2011;7
27;08/07/2011;$2 000 055;FALSE;76,9;$3,886;139,54;7,9;A;204 184;2011;7
27;15/07/2011;$1 762 156;FALSE;77,8;$3,915;139,70;7,9;A;204 184;2011;7
27;22/07/2011;$1 754 879;FALSE;82,3;$3,972;139,80;7,9;A;204 184;2011;7
27;29/07/2011;$1 744 879;FALSE;79,4;$4,004;139,89;7,9;A;204 184;2011;7
27;05/08/2011;$1 747 290;FALSE;78,1;$4,020;139,99;7,9;A;204 184;2011;8
27;12/08/2011;$1 758 438;FALSE;76,7;$3,995;140,09;7,9;A;204 184;2011;8
27;19/08/2011;$1 781 905;FALSE;73,0;$3,942;140,13;7,9;A;204 184;2011;8
27;26/08/2011;$2 034 401;FALSE;72,9;$3,906;140,16;7,9;A;204 184;2011;8
27;02/09/2011;$1 511 718;FALSE;71,4;$3,879;140,20;7,9;A;204 184;2011;9
27;09/09/2011;$1 911 471;TRUE;70,9;$3,930;140,23;7,9;A;204 184;2011;9
27;16/09/2011;$1 613 774;FALSE;69,7;$3,937;140,27;7,9;A;204 184;2011;9
27;23/09/2011;$1 606 209;FALSE;63,6;$3,899;140,33;7,9;A;204 184;2011;9
27;30/09/2011;$1 599 626;FALSE;70,9;$3,858;140,38;7,9;A;204 184;2011;9
27;07/10/2011;$1 672 339;FALSE;56,9;$3,775;140,43;7,9;A;204 184;2011;10
27;14/10/2011;$1 682 653;FALSE;64,8;$3,744;140,48;7,9;A;204 184;2011;10
27;21/10/2011;$1 689 591;FALSE;59,6;$3,757;140,46;7,9;A;204 184;2011;10
27;28/10/2011;$1 710 372;FALSE;51,8;$3,757;140,44;7,9;A;204 184;2011;10
27;04/11/2011;$1 621 109;FALSE;44,5;$3,738;140,43;7,9;A;204 184;2011;11
27;11/11/2011;$1 800 728;FALSE;49,7;$3,719;140,41;7,9;A;204 184;2011;11
27;18/11/2011;$1 723 739;FALSE;51,4;$3,717;140,41;7,9;A;204 184;2011;11
27;25/11/2011;$2 504 401;TRUE;47,9;$3,689;140,42;7,9;A;204 184;2011;11
27;02/12/2011;$1 806 925;FALSE;50,6;$3,666;140,43;7,9;A;204 184;2011;12
27;09/12/2011;$2 014 666;FALSE;46,3;$3,627;140,44;7,9;A;204 184;2011;12
27;16/12/2011;$2 205 920;FALSE;40,7;$3,611;140,47;7,9;A;204 184;2011;12
27;23/12/2011;$2 739 020;FALSE;41,6;$3,587;140,53;7,9;A;204 184;2011;12
27;30/12/2011;$1 650 605;TRUE;37,9;$3,566;140,59;7,9;A;204 184;2011;12
27;06/01/2012;$1 535 287;FALSE;35,8;$3,585;140,65;8,0;A;204 184;2012;1
27;13/01/2012;$1 492 399;FALSE;41,3;$3,666;140,70;8,0;A;204 184;2012;1
27;20/01/2012;$1 542 131;FALSE;30,4;$3,705;140,81;8,0;A;204 184;2012;1
27;27/01/2012;$1 263 535;FALSE;37,0;$3,737;140,91;8,0;A;204 184;2012;1
27;03/02/2012;$1 564 246;FALSE;42,5;$3,796;141,02;8,0;A;204 184;2012;2
27;10/02/2012;$1 651 605;TRUE;37,9;$3,826;141,12;8,0;A;204 184;2012;2
27;17/02/2012;$1 606 222;FALSE;37,2;$3,874;141,21;8,0;A;204 184;2012;2
27;24/02/2012;$1 648 602;FALSE;41,7;$3,917;141,30;8,0;A;204 184;2012;2
27;02/03/2012;$1 509 323;FALSE;40,1;$3,983;141,39;8,0;A;204 184;2012;3
27;09/03/2012;$1 607 343;FALSE;44,3;$4,021;141,47;8,0;A;204 184;2012;3
27;16/03/2012;$1 635 984;FALSE;49,6;$4,021;141,55;8,0;A;204 184;2012;3
27;23/03/2012;$1 620 839;FALSE;57,3;$4,054;141,63;8,0;A;204 184;2012;3
27;30/03/2012;$1 615 494;FALSE;49,4;$4,098;141,70;8,0;A;204 184;2012;3
27;06/04/2012;$1 899 013;FALSE;48,7;$4,143;141,77;8,3;A;204 184;2012;4
27;13/04/2012;$1 650 405;FALSE;52,2;$4,187;141,84;8,3;A;204 184;2012;4
27;20/04/2012;$1 639 999;FALSE;62,6;$4,170;141,90;8,3;A;204 184;2012;4
27;27/04/2012;$1 565 499;FALSE;52,3;$4,163;141,96;8,3;A;204 184;2012;4
27;04/05/2012;$1 669 388;FALSE;53,7;$4,124;142,02;8,3;A;204 184;2012;5
27;11/05/2012;$1 674 306;FALSE;59,0;$4,055;142,08;8,3;A;204 184;2012;5
27;18/05/2012;$1 707 159;FALSE;65,2;$4,029;142,10;8,3;A;204 184;2012;5
27;25/05/2012;$1 818 907;FALSE;64,8;$3,979;142,10;8,3;A;204 184;2012;5
27;01/06/2012;$1 900 639;FALSE;73,4;$3,915;142,11;8,3;A;204 184;2012;6
27;08/06/2012;$1 764 756;FALSE;64,1;$3,871;142,12;8,3;A;204 184;2012;6
27;15/06/2012;$1 773 501;FALSE;69,5;$3,786;142,13;8,3;A;204 184;2012;6
27;22/06/2012;$1 837 885;FALSE;73,2;$3,722;142,16;8,3;A;204 184;2012;6
27;29/06/2012;$1 842 555;FALSE;73,9;$3,667;142,19;8,3;A;204 184;2012;6
27;06/07/2012;$2 062 225;FALSE;82,1;$3,646;142,22;8,2;A;204 184;2012;7
27;13/07/2012;$1 755 890;FALSE;79,0;$3,689;142,25;8,2;A;204 184;2012;7
27;20/07/2012;$1 730 914;FALSE;78,6;$3,732;142,23;8,2;A;204 184;2012;7
27;27/07/2012;$1 625 884;FALSE;76,0;$3,820;142,21;8,2;A;204 184;2012;7
27;03/08/2012;$1 705 811;FALSE;75,2;$3,819;142,19;8,2;A;204 184;2012;8
27;10/08/2012;$1 720 537;FALSE;78,4;$3,863;142,17;8,2;A;204 184;2012;8
27;17/08/2012;$1 735 340;FALSE;76,5;$3,963;142,22;8,2;A;204 184;2012;8
27;24/08/2012;$1 780 443;FALSE;72,9;$3,997;142,31;8,2;A;204 184;2012;8
27;31/08/2012;$1 731 935;FALSE;75,0;$4,026;142,41;8,2;A;204 184;2012;8
27;07/09/2012;$1 840 955;TRUE;76,0;$4,076;142,50;8,2;A;204 184;2012;9
27;14/09/2012;$1 519 605;FALSE;68,7;$4,088;142,59;8,2;A;204 184;2012;9
27;21/09/2012;$1 557 486;FALSE;66,1;$4,203;142,68;8,2;A;204 184;2012;9
27;28/09/2012;$1 540 688;FALSE;64,9;$4,158;142,77;8,2;A;204 184;2012;9
27;05/10/2012;$1 591 817;FALSE;64,5;$4,151;142,85;8,0;A;204 184;2012;10
27;12/10/2012;$1 660 081;FALSE;55,4;$4,186;142,94;8,0;A;204 184;2012;10
27;19/10/2012;$1 620 374;FALSE;56,5;$4,153;142,86;8,0;A;204 184;2012;10
27;26/10/2012;$1 703 048;FALSE;59,0;$4,071;142,76;8,0;A;204 184;2012;10
28;05/02/2010;$1 672 352;FALSE;49,5;$2,962;126,44;14,0;A;206 302;2010;2
28;12/02/2010;$1 558 968;TRUE;47,9;$2,946;126,50;14,0;A;206 302;2010;2
28;19/02/2010;$1 491 300;FALSE;54,8;$2,915;126,53;14,0;A;206 302;2010;2
28;26/02/2010;$1 542 173;FALSE;50,2;$2,825;126,55;14,0;A;206 302;2010;2
28;05/03/2010;$1 608 435;FALSE;53,8;$2,987;126,58;14,0;A;206 302;2010;3
28;12/03/2010;$1 326 877;FALSE;50,1;$2,925;126,60;14,0;A;206 302;2010;3
28;19/03/2010;$1 279 819;FALSE;59,6;$3,054;126,61;14,0;A;206 302;2010;3
28;26/03/2010;$1 245 269;FALSE;60,1;$3,083;126,61;14,0;A;206 302;2010;3
28;02/04/2010;$1 441 559;FALSE;59,8;$3,086;126,60;14,1;A;206 302;2010;4
28;09/04/2010;$1 382 359;FALSE;59,3;$3,090;126,60;14,1;A;206 302;2010;4
28;16/04/2010;$1 268 241;FALSE;65,0;$3,109;126,56;14,1;A;206 302;2010;4
28;23/04/2010;$1 244 177;FALSE;64,6;$3,050;126,47;14,1;A;206 302;2010;4
28;30/04/2010;$1 186 971;FALSE;67,4;$3,105;126,38;14,1;A;206 302;2010;4
28;07/05/2010;$1 532 893;FALSE;70,2;$3,127;126,29;14,1;A;206 302;2010;5
28;14/05/2010;$1 245 899;FALSE;68,4;$3,145;126,21;14,1;A;206 302;2010;5
28;21/05/2010;$1 217 924;FALSE;76,2;$3,120;126,18;14,1;A;206 302;2010;5
28;28/05/2010;$1 176 588;FALSE;67,8;$3,058;126,16;14,1;A;206 302;2010;5
28;04/06/2010;$1 543 678;FALSE;81,4;$2,941;126,14;14,1;A;206 302;2010;6
28;11/06/2010;$1 348 995;FALSE;90,8;$2,949;126,11;14,1;A;206 302;2010;6
28;18/06/2010;$1 267 619;FALSE;81,1;$3,043;126,11;14,1;A;206 302;2010;6
28;25/06/2010;$1 231 025;FALSE;87,3;$3,084;126,13;14,1;A;206 302;2010;6
28;02/07/2010;$1 399 960;FALSE;92,0;$3,105;126,14;14,2;A;206 302;2010;7
28;09/07/2010;$1 340 294;FALSE;90,4;$3,100;126,15;14,2;A;206 302;2010;7
28;16/07/2010;$1 225 336;FALSE;97,2;$3,094;126,15;14,2;A;206 302;2010;7
28;23/07/2010;$1 205 885;FALSE;99,2;$3,112;126,13;14,2;A;206 302;2010;7
28;30/07/2010;$1 150 205;FALSE;96,3;$3,017;126,11;14,2;A;206 302;2010;7
28;06/08/2010;$1 523 101;FALSE;93,0;$3,123;126,09;14,2;A;206 302;2010;8
28;13/08/2010;$1 218 688;FALSE;87,0;$3,159;126,06;14,2;A;206 302;2010;8
28;20/08/2010;$1 195 898;FALSE;92,8;$3,041;126,08;14,2;A;206 302;2010;8
28;27/08/2010;$1 191 586;FALSE;93,2;$3,129;126,09;14,2;A;206 302;2010;8
28;03/09/2010;$1 523 411;FALSE;83,1;$3,087;126,10;14,2;A;206 302;2010;9
28;10/09/2010;$1 246 062;TRUE;83,6;$3,044;126,11;14,2;A;206 302;2010;9
28;17/09/2010;$1 159 812;FALSE;82,5;$3,028;126,15;14,2;A;206 302;2010;9
28;24/09/2010;$1 111 797;FALSE;81,8;$2,939;126,19;14,2;A;206 302;2010;9
28;01/10/2010;$1 203 080;FALSE;85,2;$3,001;126,23;14,3;A;206 302;2010;10
28;08/10/2010;$1 334 572;FALSE;71,8;$3,013;126,28;14,3;A;206 302;2010;10
28;15/10/2010;$1 158 063;FALSE;75,0;$2,976;126,33;14,3;A;206 302;2010;10
28;22/10/2010;$1 120 619;FALSE;68,9;$3,014;126,38;14,3;A;206 302;2010;10
28;29/10/2010;$1 231 688;FALSE;61,1;$3,016;126,44;14,3;A;206 302;2010;10
28;05/11/2010;$1 501 663;FALSE;65,5;$3,129;126,49;14,3;A;206 302;2010;11
28;12/11/2010;$1 266 460;FALSE;57,8;$3,130;126,55;14,3;A;206 302;2010;11
28;19/11/2010;$1 179 316;FALSE;58,2;$3,161;126,61;14,3;A;206 302;2010;11
28;26/11/2010;$1 937 034;TRUE;47,7;$3,162;126,67;14,3;A;206 302;2010;11
28;03/12/2010;$1 447 916;FALSE;43,3;$3,041;126,73;14,3;A;206 302;2010;12
28;10/12/2010;$1 466 164;FALSE;50,0;$3,203;126,79;14,3;A;206 302;2010;12
28;17/12/2010;$1 510 444;FALSE;52,8;$3,236;126,88;14,3;A;206 302;2010;12
28;24/12/2010;$2 026 026;FALSE;52,0;$3,236;126,98;14,3;A;206 302;2010;12
28;31/12/2010;$1 090 559;TRUE;45,6;$3,148;127,09;14,3;A;206 302;2010;12
28;07/01/2011;$1 402 902;FALSE;37,6;$3,287;127,19;14,0;A;206 302;2011;1
28;14/01/2011;$1 098 287;FALSE;43,2;$3,312;127,30;14,0;A;206 302;2011;1
28;21/01/2011;$1 079 669;FALSE;53,5;$3,223;127,44;14,0;A;206 302;2011;1
28;28/01/2011;$1 127 860;FALSE;50,7;$3,342;127,58;14,0;A;206 302;2011;1
28;04/02/2011;$1 564 897;FALSE;45,1;$3,348;127,72;14,0;A;206 302;2011;2
28;11/02/2011;$1 397 301;TRUE;51,3;$3,381;127,86;14,0;A;206 302;2011;2
28;18/02/2011;$1 514 829;FALSE;53,4;$3,430;128,00;14,0;A;206 302;2011;2
28;25/02/2011;$1 311 797;FALSE;48,5;$3,530;128,13;14,0;A;206 302;2011;2
28;04/03/2011;$1 723 737;FALSE;51,7;$3,674;128,26;14,0;A;206 302;2011;3
28;11/03/2011;$1 380 836;FALSE;57,8;$3,818;128,40;14,0;A;206 302;2011;3
28;18/03/2011;$1 286 414;FALSE;64,2;$3,692;128,51;14,0;A;206 302;2011;3
28;25/03/2011;$1 201 060;FALSE;54,4;$3,909;128,62;14,0;A;206 302;2011;3
28;01/04/2011;$1 336 838;FALSE;63,6;$3,772;128,72;13,7;A;206 302;2011;4
28;08/04/2011;$1 414 714;FALSE;64,5;$4,003;128,82;13,7;A;206 302;2011;4
28;15/04/2011;$1 240 126;FALSE;57,6;$3,868;128,91;13,7;A;206 302;2011;4
28;22/04/2011;$1 297 452;FALSE;72,1;$4,134;128,96;13,7;A;206 302;2011;4
28;29/04/2011;$1 222 368;FALSE;68,3;$4,151;129,00;13,7;A;206 302;2011;4
28;06/05/2011;$1 515 890;FALSE;68,4;$4,193;129,04;13,7;A;206 302;2011;5
28;13/05/2011;$1 253 316;FALSE;70,9;$4,202;129,09;13,7;A;206 302;2011;5
28;20/05/2011;$1 151 282;FALSE;66,6;$4,169;129,08;13,7;A;206 302;2011;5
28;27/05/2011;$1 160 044;FALSE;76,7;$4,087;129,06;13,7;A;206 302;2011;5
28;03/06/2011;$1 403 779;FALSE;71,8;$4,031;129,05;13,7;A;206 302;2011;6
28;10/06/2011;$1 339 973;FALSE;78,7;$3,981;129,04;13,7;A;206 302;2011;6
28;17/06/2011;$1 268 503;FALSE;86,8;$3,935;129,04;13,7;A;206 302;2011;6
28;24/06/2011;$1 208 809;FALSE;89,0;$3,898;129,07;13,7;A;206 302;2011;6
28;01/07/2011;$1 319 055;FALSE;89,9;$3,842;129,09;13,5;A;206 302;2011;7
28;08/07/2011;$1 459 656;FALSE;89,9;$3,705;129,11;13,5;A;206 302;2011;7
28;15/07/2011;$1 197 373;FALSE;88,1;$3,692;129,13;13,5;A;206 302;2011;7
28;22/07/2011;$1 165 871;FALSE;91,2;$3,794;129,15;13,5;A;206 302;2011;7
28;29/07/2011;$1 114 530;FALSE;93,3;$3,805;129,17;13,5;A;206 302;2011;7
28;05/08/2011;$1 523 871;FALSE;90,6;$3,803;129,18;13,5;A;206 302;2011;8
28;12/08/2011;$1 218 765;FALSE;91,0;$3,701;129,20;13,5;A;206 302;2011;8
28;19/08/2011;$1 200 020;FALSE;91,7;$3,743;129,24;13,5;A;206 302;2011;8
28;26/08/2011;$1 166 480;FALSE;94,6;$3,740;129,28;13,5;A;206 302;2011;8
28;02/09/2011;$1 468 871;FALSE;93,7;$3,798;129,33;13,5;A;206 302;2011;9
28;09/09/2011;$1 310 087;TRUE;88,0;$3,913;129,37;13,5;A;206 302;2011;9
28;16/09/2011;$1 159 212;FALSE;76,4;$3,918;129,43;13,5;A;206 302;2011;9
28;23/09/2011;$1 109 106;FALSE;83,0;$3,789;129,52;13,5;A;206 302;2011;9
28;30/09/2011;$1 120 732;FALSE;83,3;$3,877;129,61;13,5;A;206 302;2011;9
28;07/10/2011;$1 557 315;FALSE;70,4;$3,827;129,69;12,9;A;206 302;2011;10
28;14/10/2011;$1 220 985;FALSE;67,3;$3,805;129,77;12,9;A;206 302;2011;10
28;21/10/2011;$1 203 172;FALSE;73,1;$3,842;129,78;12,9;A;206 302;2011;10
28;28/10/2011;$1 242 746;FALSE;67,4;$3,727;129,79;12,9;A;206 302;2011;10
28;04/11/2011;$1 576 655;FALSE;59,8;$3,828;129,81;12,9;A;206 302;2011;11
28;11/11/2011;$1 402 655;FALSE;48,8;$3,824;129,82;12,9;A;206 302;2011;11
28;18/11/2011;$1 255 081;FALSE;54,2;$3,813;129,83;12,9;A;206 302;2011;11
28;25/11/2011;$1 929 738;TRUE;53,3;$3,622;129,84;12,9;A;206 302;2011;11
28;02/12/2011;$1 368 130;FALSE;52,5;$3,701;129,85;12,9;A;206 302;2011;12
28;09/12/2011;$1 467 024;FALSE;42,2;$3,644;129,86;12,9;A;206 302;2011;12
28;16/12/2011;$1 429 955;FALSE;43,3;$3,600;129,90;12,9;A;206 302;2011;12
28;23/12/2011;$1 796 204;FALSE;45,4;$3,541;129,98;12,9;A;206 302;2011;12
28;30/12/2011;$1 270 037;TRUE;44,6;$3,428;130,07;12,9;A;206 302;2011;12
28;06/01/2012;$1 466 046;FALSE;50,4;$3,599;130,16;12,2;A;206 302;2012;1
28;13/01/2012;$1 161 190;FALSE;48,1;$3,657;130,24;12,2;A;206 302;2012;1
28;20/01/2012;$1 129 540;FALSE;46,2;$3,660;130,28;12,2;A;206 302;2012;1
28;27/01/2012;$1 132 948;FALSE;50,4;$3,675;130,31;12,2;A;206 302;2012;1
28;03/02/2012;$1 531 599;FALSE;50,6;$3,702;130,35;12,2;A;206 302;2012;2
28;10/02/2012;$1 572 966;TRUE;52,3;$3,722;130,38;12,2;A;206 302;2012;2
28;17/02/2012;$1 501 504;FALSE;51,8;$3,781;130,45;12,2;A;206 302;2012;2
28;24/02/2012;$1 323 488;FALSE;53,1;$3,950;130,55;12,2;A;206 302;2012;2
28;02/03/2012;$1 451 741;FALSE;52,3;$4,178;130,65;12,2;A;206 302;2012;3
28;09/03/2012;$1 680 764;FALSE;54,5;$4,250;130,74;12,2;A;206 302;2012;3
28;16/03/2012;$1 337 875;FALSE;64,4;$4,273;130,83;12,2;A;206 302;2012;3
28;23/03/2012;$1 216 059;FALSE;56,3;$4,038;130,90;12,2;A;206 302;2012;3
28;30/03/2012;$1 209 524;FALSE;64,4;$4,294;130,97;12,2;A;206 302;2012;3
28;06/04/2012;$1 559 593;FALSE;64,1;$4,121;131,04;11,6;A;206 302;2012;4
28;13/04/2012;$1 290 685;FALSE;64,3;$4,254;131,11;11,6;A;206 302;2012;4
28;20/04/2012;$1 180 797;FALSE;66,7;$4,222;131,12;11,6;A;206 302;2012;4
28;27/04/2012;$1 170 456;FALSE;78,0;$4,193;131,13;11,6;A;206 302;2012;4
28;04/05/2012;$1 450 629;FALSE;76,0;$4,171;131,14;11,6;A;206 302;2012;5
28;11/05/2012;$1 264 575;FALSE;77,3;$4,186;131,15;11,6;A;206 302;2012;5
28;18/05/2012;$1 213 310;FALSE;84,5;$4,110;131,10;11,6;A;206 302;2012;5
28;25/05/2012;$1 151 214;FALSE;83,8;$4,293;131,03;11,6;A;206 302;2012;5
28;01/06/2012;$1 245 481;FALSE;78,1;$4,277;130,96;11,6;A;206 302;2012;6
28;08/06/2012;$1 440 688;FALSE;84,8;$4,103;130,89;11,6;A;206 302;2012;6
28;15/06/2012;$1 229 761;FALSE;85,9;$4,144;130,83;11,6;A;206 302;2012;6
28;22/06/2012;$1 180 672;FALSE;91,6;$4,014;130,79;11,6;A;206 302;2012;6
28;29/06/2012;$1 129 032;FALSE;90,5;$3,875;130,76;11,6;A;206 302;2012;6
28;06/07/2012;$1 500 864;FALSE;89,1;$3,765;130,72;10,9;A;206 302;2012;7
28;13/07/2012;$1 179 915;FALSE;95,6;$3,723;130,68;10,9;A;206 302;2012;7
28;20/07/2012;$1 149 427;FALSE;85,5;$3,726;130,70;10,9;A;206 302;2012;7
28;27/07/2012;$1 135 035;FALSE;93,5;$3,769;130,72;10,9;A;206 302;2012;7
28;03/08/2012;$1 376 520;FALSE;88,2;$3,760;130,74;10,9;A;206 302;2012;8
28;10/08/2012;$1 269 113;FALSE;95,9;$3,811;130,76;10,9;A;206 302;2012;8
28;17/08/2012;$1 184 198;FALSE;94,9;$4,002;130,79;10,9;A;206 302;2012;8
28;24/08/2012;$1 199 310;FALSE;85,3;$4,055;130,84;10,9;A;206 302;2012;8
28;31/08/2012;$1 227 119;FALSE;89,8;$4,093;130,89;10,9;A;206 302;2012;8
28;07/09/2012;$1 469 694;TRUE;88,5;$4,124;130,93;10,9;A;206 302;2012;9
28;14/09/2012;$1 124 661;FALSE;83,6;$4,133;130,98;10,9;A;206 302;2012;9
28;21/09/2012;$1 135 340;FALSE;83,0;$4,125;131,01;10,9;A;206 302;2012;9
28;28/09/2012;$1 129 509;FALSE;81,2;$3,966;131,04;10,9;A;206 302;2012;9
28;05/10/2012;$1 462 941;FALSE;81,6;$3,966;131,08;10,2;A;206 302;2012;10
28;12/10/2012;$1 205 537;FALSE;71,7;$4,468;131,11;10,2;A;206 302;2012;10
28;19/10/2012;$1 143 724;FALSE;68,7;$4,449;131,15;10,2;A;206 302;2012;10
28;26/10/2012;$1 213 861;FALSE;66,0;$4,301;131,19;10,2;A;206 302;2012;10
29;05/02/2010;$538 634;FALSE;24,4;$2,788;131,53;10,1;B;93 638;2010;2
29;12/02/2010;$529 673;TRUE;28,1;$2,771;131,59;10,1;B;93 638;2010;2
29;19/02/2010;$542 399;FALSE;32,0;$2,747;131,64;10,1;B;93 638;2010;2
29;26/02/2010;$488 418;FALSE;36,0;$2,753;131,69;10,1;B;93 638;2010;2
29;05/03/2010;$535 088;FALSE;36,8;$2,766;131,74;10,1;B;93 638;2010;3
29;12/03/2010;$519 042;FALSE;43,4;$2,805;131,78;10,1;B;93 638;2010;3
29;19/03/2010;$496 852;FALSE;46,0;$2,834;131,82;10,1;B;93 638;2010;3
29;26/03/2010;$552 985;FALSE;48,6;$2,831;131,86;10,1;B;93 638;2010;3
29;02/04/2010;$599 629;FALSE;45,0;$2,826;131,90;10,2;B;93 638;2010;4
29;09/04/2010;$569 937;FALSE;57,1;$2,849;131,94;10,2;B;93 638;2010;4
29;16/04/2010;$509 101;FALSE;51,1;$2,885;131,98;10,2;B;93 638;2010;4
29;23/04/2010;$505 330;FALSE;51,0;$2,895;132,02;10,2;B;93 638;2010;4
29;30/04/2010;$501 013;FALSE;51,0;$2,935;132,06;10,2;B;93 638;2010;4
29;07/05/2010;$568 497;FALSE;63,8;$2,981;132,11;10,2;B;93 638;2010;5
29;14/05/2010;$518 941;FALSE;51,0;$2,983;132,15;10,2;B;93 638;2010;5
29;21/05/2010;$502 022;FALSE;60,0;$2,961;132,22;10,2;B;93 638;2010;5
29;28/05/2010;$577 628;FALSE;65,6;$2,906;132,29;10,2;B;93 638;2010;5
29;04/06/2010;$588 018;FALSE;69,5;$2,857;132,36;10,2;B;93 638;2010;6
29;11/06/2010;$540 717;FALSE;65,0;$2,830;132,44;10,2;B;93 638;2010;6
29;18/06/2010;$558 732;FALSE;67,1;$2,805;132,47;10,2;B;93 638;2010;6
29;25/06/2010;$585 549;FALSE;74,4;$2,810;132,50;10,2;B;93 638;2010;6
29;02/07/2010;$581 474;FALSE;72,9;$2,815;132,52;10,4;B;93 638;2010;7
29;09/07/2010;$563 449;FALSE;79,2;$2,806;132,55;10,4;B;93 638;2010;7
29;16/07/2010;$512 292;FALSE;76,3;$2,796;132,57;10,4;B;93 638;2010;7
29;23/07/2010;$506 502;FALSE;76,9;$2,784;132,58;10,4;B;93 638;2010;7
29;30/07/2010;$509 873;FALSE;76,4;$2,792;132,60;10,4;B;93 638;2010;7
29;06/08/2010;$519 788;FALSE;74,4;$2,792;132,61;10,4;B;93 638;2010;8
29;13/08/2010;$495 269;FALSE;74,8;$2,810;132,63;10,4;B;93 638;2010;8
29;20/08/2010;$531 640;FALSE;73,2;$2,796;132,66;10,4;B;93 638;2010;8
29;27/08/2010;$545 766;FALSE;69,0;$2,770;132,69;10,4;B;93 638;2010;8
29;03/09/2010;$579 272;FALSE;75,9;$2,735;132,72;10,4;B;93 638;2010;9
29;10/09/2010;$491 290;TRUE;68,6;$2,717;132,76;10,4;B;93 638;2010;9
29;17/09/2010;$463 753;FALSE;62,5;$2,716;132,77;10,4;B;93 638;2010;9
29;24/09/2010;$465 338;FALSE;65,1;$2,718;132,76;10,4;B;93 638;2010;9
29;01/10/2010;$474 698;FALSE;69,3;$2,717;132,76;10,5;B;93 638;2010;10
29;08/10/2010;$530 059;FALSE;56,3;$2,776;132,75;10,5;B;93 638;2010;10
29;15/10/2010;$483 012;FALSE;55,2;$2,878;132,76;10,5;B;93 638;2010;10
29;22/10/2010;$505 221;FALSE;50,2;$2,919;132,82;10,5;B;93 638;2010;10
29;29/10/2010;$527 059;FALSE;57,7;$2,938;132,87;10,5;B;93 638;2010;10
29;05/11/2010;$521 003;FALSE;44,3;$2,938;132,92;10,5;B;93 638;2010;11
29;12/11/2010;$524 451;FALSE;44,4;$2,961;132,98;10,5;B;93 638;2010;11
29;19/11/2010;$508 175;FALSE;48,6;$3,030;132,92;10,5;B;93 638;2010;11
29;26/11/2010;$975 269;TRUE;44,6;$3,070;132,84;10,5;B;93 638;2010;11
29;03/12/2010;$642 679;FALSE;39,4;$3,065;132,76;10,5;B;93 638;2010;12
29;10/12/2010;$713 835;FALSE;28,4;$3,132;132,68;10,5;B;93 638;2010;12
29;17/12/2010;$850 538;FALSE;30,5;$3,139;132,68;10,5;B;93 638;2010;12
29;24/12/2010;$1 130 927;FALSE;29,8;$3,150;132,75;10,5;B;93 638;2010;12
29;31/12/2010;$465 992;TRUE;28,5;$3,177;132,82;10,5;B;93 638;2010;12
29;07/01/2011;$455 952;FALSE;32,6;$3,193;132,88;10,3;B;93 638;2011;1
29;14/01/2011;$426 905;FALSE;24,8;$3,215;132,95;10,3;B;93 638;2011;1
29;21/01/2011;$445 134;FALSE;26,8;$3,232;133,03;10,3;B;93 638;2011;1
29;28/01/2011;$410 427;FALSE;20,6;$3,243;133,11;10,3;B;93 638;2011;1
29;04/02/2011;$504 127;FALSE;26,4;$3,240;133,18;10,3;B;93 638;2011;2
29;11/02/2011;$550 388;TRUE;28,9;$3,255;133,26;10,3;B;93 638;2011;2
29;18/02/2011;$542 529;FALSE;35,3;$3,263;133,37;10,3;B;93 638;2011;2
29;25/02/2011;$483 660;FALSE;30,2;$3,281;133,49;10,3;B;93 638;2011;2
29;04/03/2011;$536 032;FALSE;33,5;$3,437;133,61;10,3;B;93 638;2011;3
29;11/03/2011;$493 430;FALSE;41,4;$3,600;133,74;10,3;B;93 638;2011;3
29;18/03/2011;$493 653;FALSE;43,4;$3,634;133,85;10,3;B;93 638;2011;3
29;25/03/2011;$478 773;FALSE;38,8;$3,624;133,96;10,3;B;93 638;2011;3
29;01/04/2011;$475 615;FALSE;36,0;$3,638;134,07;10,0;B;93 638;2011;4
29;08/04/2011;$505 304;FALSE;44,4;$3,720;134,18;10,0;B;93 638;2011;4
29;15/04/2011;$518 246;FALSE;48,9;$3,823;134,28;10,0;B;93 638;2011;4
29;22/04/2011;$589 253;FALSE;47,8;$3,919;134,36;10,0;B;93 638;2011;4
29;29/04/2011;$493 079;FALSE;57,2;$3,988;134,44;10,0;B;93 638;2011;4
29;06/05/2011;$534 373;FALSE;53,6;$4,078;134,51;10,0;B;93 638;2011;5
29;13/05/2011;$549 551;FALSE;57,7;$4,095;134,59;10,0;B;93 638;2011;5
29;20/05/2011;$492 933;FALSE;58,6;$4,101;134,68;10,0;B;93 638;2011;5
29;27/05/2011;$550 736;FALSE;62,6;$4,034;134,77;10,0;B;93 638;2011;5
29;03/06/2011;$598 252;FALSE;70,1;$3,973;134,86;10,0;B;93 638;2011;6
29;10/06/2011;$558 431;FALSE;69,5;$3,924;134,94;10,0;B;93 638;2011;6
29;17/06/2011;$536 914;FALSE;64,0;$3,873;135,08;10,0;B;93 638;2011;6
29;24/06/2011;$545 368;FALSE;68,5;$3,851;135,27;10,0;B;93 638;2011;6
29;01/07/2011;$567 115;FALSE;70,8;$3,815;135,45;9,9;B;93 638;2011;7
29;08/07/2011;$547 586;FALSE;74,2;$3,784;135,63;9,9;B;93 638;2011;7
29;15/07/2011;$505 246;FALSE;75,2;$3,827;135,78;9,9;B;93 638;2011;7
29;22/07/2011;$507 336;FALSE;77,8;$3,882;135,87;9,9;B;93 638;2011;7
29;29/07/2011;$474 653;FALSE;75,3;$3,898;135,96;9,9;B;93 638;2011;7
29;05/08/2011;$503 486;FALSE;75,3;$3,903;136,05;9,9;B;93 638;2011;8
29;12/08/2011;$471 312;FALSE;74,7;$3,880;136,14;9,9;B;93 638;2011;8
29;19/08/2011;$498 056;FALSE;71,3;$3,820;136,18;9,9;B;93 638;2011;8
29;26/08/2011;$608 295;FALSE;72,2;$3,796;136,21;9,9;B;93 638;2011;8
29;02/09/2011;$497 086;FALSE;69,2;$3,784;136,24;9,9;B;93 638;2011;9
29;09/09/2011;$505 407;TRUE;69,1;$3,809;136,27;9,9;B;93 638;2011;9
29;16/09/2011;$474 129;FALSE;68,1;$3,809;136,31;9,9;B;93 638;2011;9
29;23/09/2011;$475 696;FALSE;62,4;$3,758;136,37;9,9;B;93 638;2011;9
29;30/09/2011;$446 516;FALSE;69,8;$3,684;136,42;9,9;B;93 638;2011;9
29;07/10/2011;$514 993;FALSE;56,4;$3,633;136,47;9,4;B;93 638;2011;10
29;14/10/2011;$475 776;FALSE;62,6;$3,583;136,52;9,4;B;93 638;2011;10
29;21/10/2011;$505 068;FALSE;59,3;$3,618;136,50;9,4;B;93 638;2011;10
29;28/10/2011;$515 120;FALSE;49,3;$3,604;136,49;9,4;B;93 638;2011;10
29;04/11/2011;$620 736;FALSE;42,8;$3,586;136,48;9,4;B;93 638;2011;11
29;11/11/2011;$531 601;FALSE;47,8;$3,570;136,46;9,4;B;93 638;2011;11
29;18/11/2011;$504 601;FALSE;50,6;$3,571;136,47;9,4;B;93 638;2011;11
29;25/11/2011;$913 165;TRUE;46,3;$3,536;136,48;9,4;B;93 638;2011;11
29;02/12/2011;$579 874;FALSE;49,1;$3,501;136,49;9,4;B;93 638;2011;12
29;09/12/2011;$633 241;FALSE;45,4;$3,470;136,50;9,4;B;93 638;2011;12
29;16/12/2011;$736 806;FALSE;39,1;$3,445;136,53;9,4;B;93 638;2011;12
29;23/12/2011;$1 016 637;FALSE;39,8;$3,413;136,59;9,4;B;93 638;2011;12
29;30/12/2011;$551 743;TRUE;36,3;$3,402;136,64;9,4;B;93 638;2011;12
29;06/01/2012;$469 774;FALSE;34,6;$3,439;136,70;9,0;B;93 638;2012;1
29;13/01/2012;$444 756;FALSE;39,0;$3,523;136,75;9,0;B;93 638;2012;1
29;20/01/2012;$446 863;FALSE;29,2;$3,542;136,86;9,0;B;93 638;2012;1
29;27/01/2012;$395 987;FALSE;35,7;$3,568;136,96;9,0;B;93 638;2012;1
29;03/02/2012;$493 159;FALSE;40,6;$3,633;137,06;9,0;B;93 638;2012;2
29;10/02/2012;$545 840;TRUE;35,7;$3,655;137,17;9,0;B;93 638;2012;2
29;17/02/2012;$559 607;FALSE;36,3;$3,703;137,26;9,0;B;93 638;2012;2
29;24/02/2012;$488 783;FALSE;39,0;$3,751;137,34;9,0;B;93 638;2012;2
29;02/03/2012;$500 802;FALSE;37,5;$3,827;137,42;9,0;B;93 638;2012;3
29;09/03/2012;$504 750;FALSE;41,7;$3,876;137,51;9,0;B;93 638;2012;3
29;16/03/2012;$489 294;FALSE;46,1;$3,867;137,58;9,0;B;93 638;2012;3
29;23/03/2012;$517 408;FALSE;54,7;$3,889;137,66;9,0;B;93 638;2012;3
29;30/03/2012;$504 566;FALSE;46,4;$3,921;137,73;9,0;B;93 638;2012;3
29;06/04/2012;$633 827;FALSE;46,4;$3,957;137,80;9,1;B;93 638;2012;4
29;13/04/2012;$520 494;FALSE;49,9;$4,025;137,87;9,1;B;93 638;2012;4
29;20/04/2012;$525 201;FALSE;58,8;$4,046;137,92;9,1;B;93 638;2012;4
29;27/04/2012;$497 250;FALSE;51,4;$4,023;137,98;9,1;B;93 638;2012;4
29;04/05/2012;$504 964;FALSE;50,8;$3,991;138,03;9,1;B;93 638;2012;5
29;11/05/2012;$529 708;FALSE;56,7;$3,947;138,09;9,1;B;93 638;2012;5
29;18/05/2012;$543 706;FALSE;61,9;$3,899;138,11;9,1;B;93 638;2012;5
29;25/05/2012;$549 666;FALSE;62,4;$3,850;138,11;9,1;B;93 638;2012;5
29;01/06/2012;$576 252;FALSE;70,0;$3,798;138,11;9,1;B;93 638;2012;6
29;08/06/2012;$554 093;FALSE;61,7;$3,746;138,12;9,1;B;93 638;2012;6
29;15/06/2012;$552 339;FALSE;66,6;$3,683;138,13;9,1;B;93 638;2012;6
29;22/06/2012;$581 855;FALSE;70,6;$3,629;138,16;9,1;B;93 638;2012;6
29;29/06/2012;$555 954;FALSE;71,0;$3,577;138,20;9,1;B;93 638;2012;6
29;06/07/2012;$578 832;FALSE;77,4;$3,538;138,23;9,4;B;93 638;2012;7
29;13/07/2012;$514 710;FALSE;75,8;$3,561;138,26;9,4;B;93 638;2012;7
29;20/07/2012;$506 705;FALSE;76,6;$3,610;138,23;9,4;B;93 638;2012;7
29;27/07/2012;$475 158;FALSE;73,5;$3,701;138,20;9,4;B;93 638;2012;7
29;03/08/2012;$504 755;FALSE;73,0;$3,698;138,17;9,4;B;93 638;2012;8
29;10/08/2012;$518 628;FALSE;76,7;$3,772;138,14;9,4;B;93 638;2012;8
29;17/08/2012;$416 882;FALSE;74,9;$3,840;138,19;9,4;B;93 638;2012;8
29;24/08/2012;$615 026;FALSE;70,4;$3,874;138,28;9,4;B;93 638;2012;8
29;31/08/2012;$545 845;FALSE;71,9;$3,884;138,38;9,4;B;93 638;2012;8
29;07/09/2012;$540 812;TRUE;73,3;$3,921;138,47;9,4;B;93 638;2012;9
29;14/09/2012;$475 127;FALSE;66,4;$3,988;138,57;9,4;B;93 638;2012;9
29;21/09/2012;$489 079;FALSE;63,4;$4,056;138,65;9,4;B;93 638;2012;9
29;28/09/2012;$489 674;FALSE;62,2;$4,018;138,74;9,4;B;93 638;2012;9
29;05/10/2012;$520 633;FALSE;62,1;$4,027;138,83;9,2;B;93 638;2012;10
29;12/10/2012;$513 737;FALSE;54,2;$4,029;138,91;9,2;B;93 638;2012;10
29;19/10/2012;$516 909;FALSE;55,3;$4,000;138,83;9,2;B;93 638;2012;10
29;26/10/2012;$534 971;FALSE;57,6;$3,917;138,73;9,2;B;93 638;2012;10
30;05/02/2010;$465 109;FALSE;39,1;$2,572;210,75;8,3;C;42 988;2010;2
30;12/02/2010;$497 375;TRUE;37,8;$2,548;210,90;8,3;C;42 988;2010;2
30;19/02/2010;$463 513;FALSE;39,8;$2,514;210,95;8,3;C;42 988;2010;2
30;26/02/2010;$472 331;FALSE;45,3;$2,561;210,98;8,3;C;42 988;2010;2
30;05/03/2010;$472 591;FALSE;48,6;$2,625;211,01;8,3;C;42 988;2010;3
30;12/03/2010;$468 190;FALSE;57,1;$2,667;211,04;8,3;C;42 988;2010;3
30;19/03/2010;$445 736;FALSE;54,7;$2,720;210,87;8,3;C;42 988;2010;3
30;26/03/2010;$442 457;FALSE;51,7;$2,732;210,68;8,3;C;42 988;2010;3
30;02/04/2010;$457 884;FALSE;64,1;$2,719;210,48;8,2;C;42 988;2010;4
30;09/04/2010;$454 801;FALSE;65,7;$2,770;210,28;8,2;C;42 988;2010;4
30;16/04/2010;$471 054;FALSE;67,9;$2,808;210,15;8,2;C;42 988;2010;4
30;23/04/2010;$462 454;FALSE;64,2;$2,795;210,10;8,2;C;42 988;2010;4
30;30/04/2010;$456 140;FALSE;66,9;$2,780;210,05;8,2;C;42 988;2010;4
30;07/05/2010;$457 884;FALSE;70,9;$2,835;210,00;8,2;C;42 988;2010;5
30;14/05/2010;$461 868;FALSE;73,1;$2,854;210,00;8,2;C;42 988;2010;5
30;21/05/2010;$455 752;FALSE;74,2;$2,826;210,28;8,2;C;42 988;2010;5
30;28/05/2010;$462 474;FALSE;80,9;$2,759;210,56;8,2;C;42 988;2010;5
30;04/06/2010;$458 344;FALSE;82,7;$2,705;210,83;8,2;C;42 988;2010;6
30;11/06/2010;$445 530;FALSE;83,5;$2,668;211,11;8,2;C;42 988;2010;6
30;18/06/2010;$447 728;FALSE;86,2;$2,637;211,11;8,2;C;42 988;2010;6
30;25/06/2010;$453 210;FALSE;87,0;$2,653;211,00;8,2;C;42 988;2010;6
30;02/07/2010;$450 337;FALSE;82,3;$2,669;210,88;8,1;C;42 988;2010;7
30;09/07/2010;$436 293;FALSE;81,7;$2,642;210,77;8,1;C;42 988;2010;7
30;16/07/2010;$438 069;FALSE;85,6;$2,623;210,76;8,1;C;42 988;2010;7
30;23/07/2010;$440 491;FALSE;87,2;$2,608;210,89;8,1;C;42 988;2010;7
30;30/07/2010;$437 894;FALSE;83,6;$2,640;211,03;8,1;C;42 988;2010;7
30;06/08/2010;$441 407;FALSE;90,3;$2,627;211,16;8,1;C;42 988;2010;8
30;13/08/2010;$444 160;FALSE;89,7;$2,692;211,30;8,1;C;42 988;2010;8
30;20/08/2010;$447 140;FALSE;89,6;$2,664;211,26;8,1;C;42 988;2010;8
30;27/08/2010;$443 811;FALSE;86,2;$2,619;211,22;8,1;C;42 988;2010;8
30;03/09/2010;$461 549;FALSE;82,6;$2,577;211,19;8,1;C;42 988;2010;9
30;10/09/2010;$455 163;TRUE;79,3;$2,565;211,15;8,1;C;42 988;2010;9
30;17/09/2010;$462 058;FALSE;83,0;$2,582;211,18;8,1;C;42 988;2010;9
30;24/09/2010;$448 392;FALSE;80,8;$2,624;211,26;8,1;C;42 988;2010;9
30;01/10/2010;$445 475;FALSE;70,3;$2,603;211,33;8,2;C;42 988;2010;10
30;08/10/2010;$462 080;FALSE;65,8;$2,633;211,40;8,2;C;42 988;2010;10
30;15/10/2010;$453 944;FALSE;68,6;$2,720;211,47;8,2;C;42 988;2010;10
30;22/10/2010;$459 632;FALSE;70,7;$2,725;211,52;8,2;C;42 988;2010;10
30;29/10/2010;$438 334;FALSE;67,5;$2,716;211,57;8,2;C;42 988;2010;10
30;05/11/2010;$484 662;FALSE;58,7;$2,689;211,61;8,2;C;42 988;2010;11
30;12/11/2010;$431 267;FALSE;61,0;$2,728;211,66;8,2;C;42 988;2010;11
30;19/11/2010;$423 708;FALSE;51,7;$2,771;211,55;8,2;C;42 988;2010;11
30;26/11/2010;$462 732;TRUE;63,0;$2,735;211,41;8,2;C;42 988;2010;11
30;03/12/2010;$407 112;FALSE;50,4;$2,708;211,27;8,2;C;42 988;2010;12
30;10/12/2010;$428 632;FALSE;46,4;$2,843;211,12;8,2;C;42 988;2010;12
30;17/12/2010;$445 332;FALSE;48,6;$2,869;211,06;8,2;C;42 988;2010;12
30;24/12/2010;$519 355;FALSE;51,3;$2,886;211,06;8,2;C;42 988;2010;12
30;31/12/2010;$397 631;TRUE;47,2;$2,943;211,06;8,2;C;42 988;2010;12
30;07/01/2011;$451 077;FALSE;44,2;$2,976;211,06;8,0;C;42 988;2011;1
30;14/01/2011;$465 409;FALSE;34,1;$2,983;211,12;8,0;C;42 988;2011;1
30;21/01/2011;$439 133;FALSE;42,7;$3,016;211,49;8,0;C;42 988;2011;1
30;28/01/2011;$425 989;FALSE;44,0;$3,010;211,86;8,0;C;42 988;2011;1
30;04/02/2011;$490 971;FALSE;36,3;$2,989;212,22;8,0;C;42 988;2011;2
30;11/02/2011;$470 921;TRUE;34,6;$3,022;212,59;8,0;C;42 988;2011;2
30;18/02/2011;$417 071;FALSE;59,9;$3,045;212,90;8,0;C;42 988;2011;2
30;25/02/2011;$432 688;FALSE;61,3;$3,065;213,19;8,0;C;42 988;2011;2
30;04/03/2011;$443 335;FALSE;59,5;$3,288;213,48;8,0;C;42 988;2011;3
30;11/03/2011;$438 530;FALSE;54,7;$3,459;213,76;8,0;C;42 988;2011;3
30;18/03/2011;$425 471;FALSE;63,3;$3,488;214,02;8,0;C;42 988;2011;3
30;25/03/2011;$431 754;FALSE;70,3;$3,473;214,25;8,0;C;42 988;2011;3
30;01/04/2011;$437 927;FALSE;56,4;$3,524;214,49;7,9;C;42 988;2011;4
30;08/04/2011;$443 890;FALSE;68,6;$3,622;214,73;7,9;C;42 988;2011;4
30;15/04/2011;$426 667;FALSE;71,0;$3,743;214,94;7,9;C;42 988;2011;4
30;22/04/2011;$445 359;FALSE;70,8;$3,807;215,11;7,9;C;42 988;2011;4
30;29/04/2011;$423 687;FALSE;70,2;$3,810;215,28;7,9;C;42 988;2011;4
30;06/05/2011;$438 790;FALSE;61,9;$3,906;215,44;7,9;C;42 988;2011;5
30;13/05/2011;$424 615;FALSE;75,0;$3,899;215,61;7,9;C;42 988;2011;5
30;20/05/2011;$435 102;FALSE;68,4;$3,907;215,38;7,9;C;42 988;2011;5
30;27/05/2011;$429 306;FALSE;76,9;$3,786;215,15;7,9;C;42 988;2011;5
30;03/06/2011;$432 808;FALSE;83,8;$3,699;214,93;7,9;C;42 988;2011;6
30;10/06/2011;$424 697;FALSE;84,7;$3,648;214,70;7,9;C;42 988;2011;6
30;17/06/2011;$435 481;FALSE;87,5;$3,637;214,65;7,9;C;42 988;2011;6
30;24/06/2011;$422 716;FALSE;85,7;$3,594;214,74;7,9;C;42 988;2011;6
30;01/07/2011;$428 782;FALSE;87,6;$3,524;214,84;7,9;C;42 988;2011;7
30;08/07/2011;$419 764;FALSE;89,2;$3,480;214,93;7,9;C;42 988;2011;7
30;15/07/2011;$420 516;FALSE;91,1;$3,575;215,01;7,9;C;42 988;2011;7
30;22/07/2011;$423 442;FALSE;90,3;$3,651;215,07;7,9;C;42 988;2011;7
30;29/07/2011;$414 246;FALSE;91,6;$3,682;215,14;7,9;C;42 988;2011;7
30;05/08/2011;$431 799;FALSE;94,2;$3,684;215,20;7,9;C;42 988;2011;8
30;12/08/2011;$412 225;FALSE;92,3;$3,638;215,26;7,9;C;42 988;2011;8
30;19/08/2011;$414 451;FALSE;90,1;$3,554;215,32;7,9;C;42 988;2011;8
30;26/08/2011;$387 945;FALSE;92,1;$3,523;215,39;7,9;C;42 988;2011;8
30;02/09/2011;$369 722;FALSE;91,9;$3,533;215,45;7,9;C;42 988;2011;9
30;09/09/2011;$370 898;TRUE;78,9;$3,546;215,51;7,9;C;42 988;2011;9
30;16/09/2011;$382 915;FALSE;80,6;$3,526;215,69;7,9;C;42 988;2011;9
30;23/09/2011;$391 838;FALSE;75,7;$3,467;216,03;7,9;C;42 988;2011;9
30;30/09/2011;$387 001;FALSE;78,9;$3,355;216,36;7,9;C;42 988;2011;9
30;07/10/2011;$417 528;FALSE;71,6;$3,285;216,70;7,4;C;42 988;2011;10
30;14/10/2011;$410 712;FALSE;69,8;$3,274;217,00;7,4;C;42 988;2011;10
30;21/10/2011;$428 959;FALSE;65,2;$3,353;217,17;7,4;C;42 988;2011;10
30;28/10/2011;$426 152;FALSE;65,5;$3,372;217,33;7,4;C;42 988;2011;10
30;04/11/2011;$432 359;FALSE;56,0;$3,332;217,49;7,4;C;42 988;2011;11
30;11/11/2011;$409 687;FALSE;59,8;$3,297;217,65;7,4;C;42 988;2011;11
30;18/11/2011;$436 463;FALSE;61,9;$3,308;217,87;7,4;C;42 988;2011;11
30;25/11/2011;$452 164;TRUE;56,4;$3,236;218,11;7,4;C;42 988;2011;11
30;02/12/2011;$412 386;FALSE;48,7;$3,172;218,36;7,4;C;42 988;2011;12
30;09/12/2011;$436 741;FALSE;41,4;$3,158;218,61;7,4;C;42 988;2011;12
30;16/12/2011;$441 265;FALSE;50,6;$3,159;218,82;7,4;C;42 988;2011;12
30;23/12/2011;$492 023;FALSE;46,5;$3,112;219,00;7,4;C;42 988;2011;12
30;30/12/2011;$376 777;TRUE;45,2;$3,129;219,18;7,4;C;42 988;2011;12
30;06/01/2012;$457 031;FALSE;48,1;$3,157;219,36;7,1;C;42 988;2012;1
30;13/01/2012;$447 024;FALSE;45,0;$3,261;219,53;7,1;C;42 988;2012;1
30;20/01/2012;$438 761;FALSE;52,2;$3,268;219,63;7,1;C;42 988;2012;1
30;27/01/2012;$433 038;FALSE;50,8;$3,290;219,72;7,1;C;42 988;2012;1
30;03/02/2012;$434 081;FALSE;55,8;$3,360;219,81;7,1;C;42 988;2012;2
30;10/02/2012;$451 366;TRUE;46,5;$3,409;219,90;7,1;C;42 988;2012;2
30;17/02/2012;$435 109;FALSE;45,0;$3,510;220,07;7,1;C;42 988;2012;2
30;24/02/2012;$425 216;FALSE;54,8;$3,555;220,28;7,1;C;42 988;2012;2
30;02/03/2012;$438 641;FALSE;59,3;$3,630;220,49;7,1;C;42 988;2012;3
30;09/03/2012;$446 618;FALSE;57,2;$3,669;220,70;7,1;C;42 988;2012;3
30;16/03/2012;$413 617;FALSE;63,4;$3,734;220,85;7,1;C;42 988;2012;3
30;23/03/2012;$430 223;FALSE;63,0;$3,787;220,92;7,1;C;42 988;2012;3
30;30/03/2012;$449 604;FALSE;67,9;$3,845;221,00;7,1;C;42 988;2012;3
30;06/04/2012;$461 512;FALSE;69,0;$3,891;221,07;6,9;C;42 988;2012;4
30;13/04/2012;$428 785;FALSE;69,0;$3,891;221,15;6,9;C;42 988;2012;4
30;20/04/2012;$462 909;FALSE;67,0;$3,877;221,20;6,9;C;42 988;2012;4
30;27/04/2012;$433 745;FALSE;69,2;$3,814;221,26;6,9;C;42 988;2012;4
30;04/05/2012;$454 478;FALSE;77,5;$3,749;221,31;6,9;C;42 988;2012;5
30;11/05/2012;$436 070;FALSE;74,1;$3,688;221,36;6,9;C;42 988;2012;5
30;18/05/2012;$460 945;FALSE;72,4;$3,630;221,38;6,9;C;42 988;2012;5
30;25/05/2012;$449 356;FALSE;79,5;$3,561;221,38;6,9;C;42 988;2012;5
30;01/06/2012;$427 021;FALSE;79,2;$3,501;221,39;6,9;C;42 988;2012;6
30;08/06/2012;$437 223;FALSE;79,5;$3,452;221,39;6,9;C;42 988;2012;6
30;15/06/2012;$438 523;FALSE;81,5;$3,393;221,40;6,9;C;42 988;2012;6
30;22/06/2012;$428 555;FALSE;81,8;$3,346;221,44;6,9;C;42 988;2012;6
30;29/06/2012;$423 192;FALSE;88,1;$3,286;221,48;6,9;C;42 988;2012;6
30;06/07/2012;$440 553;FALSE;85,3;$3,227;221,52;6,6;C;42 988;2012;7
30;13/07/2012;$417 640;FALSE;82,5;$3,256;221,56;6,6;C;42 988;2012;7
30;20/07/2012;$427 491;FALSE;84,3;$3,311;221,57;6,6;C;42 988;2012;7
30;27/07/2012;$424 581;FALSE;88,1;$3,407;221,58;6,6;C;42 988;2012;7
30;03/08/2012;$425 137;FALSE;91,6;$3,417;221,59;6,6;C;42 988;2012;8
30;10/08/2012;$430 878;FALSE;89,6;$3,494;221,60;6,6;C;42 988;2012;8
30;17/08/2012;$423 351;FALSE;85,6;$3,571;221,68;6,6;C;42 988;2012;8
30;24/08/2012;$425 297;FALSE;77,7;$3,620;221,81;6,6;C;42 988;2012;8
30;31/08/2012;$439 133;FALSE;83,6;$3,638;221,94;6,6;C;42 988;2012;8
30;07/09/2012;$433 566;TRUE;88,4;$3,730;222,07;6,6;C;42 988;2012;9
30;14/09/2012;$437 773;FALSE;76,1;$3,717;222,22;6,6;C;42 988;2012;9
30;21/09/2012;$443 892;FALSE;71,5;$3,721;222,42;6,6;C;42 988;2012;9
30;28/09/2012;$425 410;FALSE;80,4;$3,666;222,62;6,6;C;42 988;2012;9
30;05/10/2012;$446 751;FALSE;70,3;$3,617;222,82;6,2;C;42 988;2012;10
30;12/10/2012;$434 593;FALSE;61,5;$3,601;223,02;6,2;C;42 988;2012;10
30;19/10/2012;$437 537;FALSE;68,5;$3,594;223,06;6,2;C;42 988;2012;10
30;26/10/2012;$439 425;FALSE;70,5;$3,506;223,08;6,2;C;42 988;2012;10
31;05/02/2010;$1 469 252;FALSE;39,1;$2,572;210,75;8,3;A;203 750;2010;2
31;12/02/2010;$1 543 947;TRUE;37,8;$2,548;210,90;8,3;A;203 750;2010;2
31;19/02/2010;$1 473 387;FALSE;39,8;$2,514;210,95;8,3;A;203 750;2010;2
31;26/02/2010;$1 344 354;FALSE;45,3;$2,561;210,98;8,3;A;203 750;2010;2
31;05/03/2010;$1 384 871;FALSE;48,6;$2,625;211,01;8,3;A;203 750;2010;3
31;12/03/2010;$1 366 193;FALSE;57,1;$2,667;211,04;8,3;A;203 750;2010;3
31;19/03/2010;$1 332 261;FALSE;54,7;$2,720;210,87;8,3;A;203 750;2010;3
31;26/03/2010;$1 229 636;FALSE;51,7;$2,732;210,68;8,3;A;203 750;2010;3
31;02/04/2010;$1 357 601;FALSE;64,1;$2,719;210,48;8,2;A;203 750;2010;4
31;09/04/2010;$1 395 710;FALSE;65,7;$2,770;210,28;8,2;A;203 750;2010;4
31;16/04/2010;$1 367 448;FALSE;67,9;$2,808;210,15;8,2;A;203 750;2010;4
31;23/04/2010;$1 280 466;FALSE;64,2;$2,795;210,10;8,2;A;203 750;2010;4
31;30/04/2010;$1 243 200;FALSE;66,9;$2,780;210,05;8,2;A;203 750;2010;4
31;07/05/2010;$1 381 797;FALSE;70,9;$2,835;210,00;8,2;A;203 750;2010;5
31;14/05/2010;$1 287 289;FALSE;73,1;$2,854;210,00;8,2;A;203 750;2010;5
31;21/05/2010;$1 337 406;FALSE;74,2;$2,826;210,28;8,2;A;203 750;2010;5
31;28/05/2010;$1 309 437;FALSE;80,9;$2,759;210,56;8,2;A;203 750;2010;5
31;04/06/2010;$1 427 625;FALSE;82,7;$2,705;210,83;8,2;A;203 750;2010;6
31;11/06/2010;$1 377 092;FALSE;83,5;$2,668;211,11;8,2;A;203 750;2010;6
31;18/06/2010;$1 368 090;FALSE;86,2;$2,637;211,11;8,2;A;203 750;2010;6
31;25/06/2010;$1 303 524;FALSE;87,0;$2,653;211,00;8,2;A;203 750;2010;6
31;02/07/2010;$1 311 705;FALSE;82,3;$2,669;210,88;8,1;A;203 750;2010;7
31;09/07/2010;$1 315 118;FALSE;81,7;$2,642;210,77;8,1;A;203 750;2010;7
31;16/07/2010;$1 335 434;FALSE;85,6;$2,623;210,76;8,1;A;203 750;2010;7
31;23/07/2010;$1 276 032;FALSE;87,2;$2,608;210,89;8,1;A;203 750;2010;7
31;30/07/2010;$1 231 993;FALSE;83,6;$2,640;211,03;8,1;A;203 750;2010;7
31;06/08/2010;$1 352 401;FALSE;90,3;$2,627;211,16;8,1;A;203 750;2010;8
31;13/08/2010;$1 327 719;FALSE;89,7;$2,692;211,30;8,1;A;203 750;2010;8
31;20/08/2010;$1 376 571;FALSE;89,6;$2,664;211,26;8,1;A;203 750;2010;8
31;27/08/2010;$1 326 622;FALSE;86,2;$2,619;211,22;8,1;A;203 750;2010;8
31;03/09/2010;$1 302 047;FALSE;82,6;$2,577;211,19;8,1;A;203 750;2010;9
31;10/09/2010;$1 308 179;TRUE;79,3;$2,565;211,15;8,1;A;203 750;2010;9
31;17/09/2010;$1 294 105;FALSE;83,0;$2,582;211,18;8,1;A;203 750;2010;9
31;24/09/2010;$1 230 250;FALSE;80,8;$2,624;211,26;8,1;A;203 750;2010;9
31;01/10/2010;$1 213 982;FALSE;70,3;$2,603;211,33;8,2;A;203 750;2010;10
31;08/10/2010;$1 300 132;FALSE;65,8;$2,633;211,40;8,2;A;203 750;2010;10
31;15/10/2010;$1 265 852;FALSE;68,6;$2,720;211,47;8,2;A;203 750;2010;10
31;22/10/2010;$1 262 289;FALSE;70,7;$2,725;211,52;8,2;A;203 750;2010;10
31;29/10/2010;$1 257 921;FALSE;67,5;$2,716;211,57;8,2;A;203 750;2010;10
31;05/11/2010;$1 324 456;FALSE;58,7;$2,689;211,61;8,2;A;203 750;2010;11
31;12/11/2010;$1 352 781;FALSE;61,0;$2,728;211,66;8,2;A;203 750;2010;11
31;19/11/2010;$1 359 159;FALSE;51,7;$2,771;211,55;8,2;A;203 750;2010;11
31;26/11/2010;$1 858 856;TRUE;63,0;$2,735;211,41;8,2;A;203 750;2010;11
31;03/12/2010;$1 338 716;FALSE;50,4;$2,708;211,27;8,2;A;203 750;2010;12
31;10/12/2010;$1 475 685;FALSE;46,4;$2,843;211,12;8,2;A;203 750;2010;12
31;17/12/2010;$1 714 667;FALSE;48,6;$2,869;211,06;8,2;A;203 750;2010;12
31;24/12/2010;$2 068 943;FALSE;51,3;$2,886;211,06;8,2;A;203 750;2010;12
31;31/12/2010;$1 198 072;TRUE;47,2;$2,943;211,06;8,2;A;203 750;2010;12
31;07/01/2011;$1 311 987;FALSE;44,2;$2,976;211,06;8,0;A;203 750;2011;1
31;14/01/2011;$1 350 730;FALSE;34,1;$2,983;211,12;8,0;A;203 750;2011;1
31;21/01/2011;$1 344 167;FALSE;42,7;$3,016;211,49;8,0;A;203 750;2011;1
31;28/01/2011;$1 254 956;FALSE;44,0;$3,010;211,86;8,0;A;203 750;2011;1
31;04/02/2011;$1 443 206;FALSE;36,3;$2,989;212,22;8,0;A;203 750;2011;2
31;11/02/2011;$1 539 230;TRUE;34,6;$3,022;212,59;8,0;A;203 750;2011;2
31;18/02/2011;$1 539 064;FALSE;59,9;$3,045;212,90;8,0;A;203 750;2011;2
31;25/02/2011;$1 365 678;FALSE;61,3;$3,065;213,19;8,0;A;203 750;2011;2
31;04/03/2011;$1 412 721;FALSE;59,5;$3,288;213,48;8,0;A;203 750;2011;3
31;11/03/2011;$1 405 573;FALSE;54,7;$3,459;213,76;8,0;A;203 750;2011;3
31;18/03/2011;$1 425 559;FALSE;63,3;$3,488;214,02;8,0;A;203 750;2011;3
31;25/03/2011;$1 357 036;FALSE;70,3;$3,473;214,25;8,0;A;203 750;2011;3
31;01/04/2011;$1 344 891;FALSE;56,4;$3,524;214,49;7,9;A;203 750;2011;4
31;08/04/2011;$1 416 790;FALSE;68,6;$3,622;214,73;7,9;A;203 750;2011;4
31;15/04/2011;$1 408 464;FALSE;71,0;$3,743;214,94;7,9;A;203 750;2011;4
31;22/04/2011;$1 461 394;FALSE;70,8;$3,807;215,11;7,9;A;203 750;2011;4
31;29/04/2011;$1 331 138;FALSE;70,2;$3,810;215,28;7,9;A;203 750;2011;4
31;06/05/2011;$1 388 756;FALSE;61,9;$3,906;215,44;7,9;A;203 750;2011;5
31;13/05/2011;$1 408 118;FALSE;75,0;$3,899;215,61;7,9;A;203 750;2011;5
31;20/05/2011;$1 387 365;FALSE;68,4;$3,907;215,38;7,9;A;203 750;2011;5
31;27/05/2011;$1 342 274;FALSE;76,9;$3,786;215,15;7,9;A;203 750;2011;5
31;03/06/2011;$1 430 348;FALSE;83,8;$3,699;214,93;7,9;A;203 750;2011;6
31;10/06/2011;$1 425 299;FALSE;84,7;$3,648;214,70;7,9;A;203 750;2011;6
31;17/06/2011;$1 491 039;FALSE;87,5;$3,637;214,65;7,9;A;203 750;2011;6
31;24/06/2011;$1 375 962;FALSE;85,7;$3,594;214,74;7,9;A;203 750;2011;6
31;01/07/2011;$1 371 889;FALSE;87,6;$3,524;214,84;7,9;A;203 750;2011;7
31;08/07/2011;$1 423 144;FALSE;89,2;$3,480;214,93;7,9;A;203 750;2011;7
31;15/07/2011;$1 415 474;FALSE;91,1;$3,575;215,01;7,9;A;203 750;2011;7
31;22/07/2011;$1 401 945;FALSE;90,3;$3,651;215,07;7,9;A;203 750;2011;7
31;29/07/2011;$1 308 122;FALSE;91,6;$3,682;215,14;7,9;A;203 750;2011;7
31;05/08/2011;$1 428 993;FALSE;94,2;$3,684;215,20;7,9;A;203 750;2011;8
31;12/08/2011;$1 443 311;FALSE;92,3;$3,638;215,26;7,9;A;203 750;2011;8
31;19/08/2011;$1 487 543;FALSE;90,1;$3,554;215,32;7,9;A;203 750;2011;8
31;26/08/2011;$1 417 267;FALSE;92,1;$3,523;215,39;7,9;A;203 750;2011;8
31;02/09/2011;$1 385 769;FALSE;91,9;$3,533;215,45;7,9;A;203 750;2011;9
31;09/09/2011;$1 376 670;TRUE;78,9;$3,546;215,51;7,9;A;203 750;2011;9
31;16/09/2011;$1 363 461;FALSE;80,6;$3,526;215,69;7,9;A;203 750;2011;9
31;23/09/2011;$1 347 608;FALSE;75,7;$3,467;216,03;7,9;A;203 750;2011;9
31;30/09/2011;$1 285 535;FALSE;78,9;$3,355;216,36;7,9;A;203 750;2011;9
31;07/10/2011;$1 427 383;FALSE;71,6;$3,285;216,70;7,4;A;203 750;2011;10
31;14/10/2011;$1 378 340;FALSE;69,8;$3,274;217,00;7,4;A;203 750;2011;10
31;21/10/2011;$1 409 310;FALSE;65,2;$3,353;217,17;7,4;A;203 750;2011;10
31;28/10/2011;$1 346 863;FALSE;65,5;$3,372;217,33;7,4;A;203 750;2011;10
31;04/11/2011;$1 426 405;FALSE;56,0;$3,332;217,49;7,4;A;203 750;2011;11
31;11/11/2011;$1 444 784;FALSE;59,8;$3,297;217,65;7,4;A;203 750;2011;11
31;18/11/2011;$1 445 175;FALSE;61,9;$3,308;217,87;7,4;A;203 750;2011;11
31;25/11/2011;$1 934 100;TRUE;56,4;$3,236;218,11;7,4;A;203 750;2011;11
31;02/12/2011;$1 388 809;FALSE;48,7;$3,172;218,36;7,4;A;203 750;2011;12
31;09/12/2011;$1 556 799;FALSE;41,4;$3,158;218,61;7,4;A;203 750;2011;12
31;16/12/2011;$1 611 197;FALSE;50,6;$3,159;218,82;7,4;A;203 750;2011;12
31;23/12/2011;$2 026 176;FALSE;46,5;$3,112;219,00;7,4;A;203 750;2011;12
31;30/12/2011;$1 355 406;TRUE;45,2;$3,129;219,18;7,4;A;203 750;2011;12
31;06/01/2012;$1 401 233;FALSE;48,1;$3,157;219,36;7,1;A;203 750;2012;1
31;13/01/2012;$1 377 485;FALSE;45,0;$3,261;219,53;7,1;A;203 750;2012;1
31;20/01/2012;$1 372 505;FALSE;52,2;$3,268;219,63;7,1;A;203 750;2012;1
31;27/01/2012;$1 259 941;FALSE;50,8;$3,290;219,72;7,1;A;203 750;2012;1
31;03/02/2012;$1 391 480;FALSE;55,8;$3,360;219,81;7,1;A;203 750;2012;2
31;10/02/2012;$1 527 689;TRUE;46,5;$3,409;219,90;7,1;A;203 750;2012;2
31;17/02/2012;$1 570 814;FALSE;45,0;$3,510;220,07;7,1;A;203 750;2012;2
31;24/02/2012;$1 392 543;FALSE;54,8;$3,555;220,28;7,1;A;203 750;2012;2
31;02/03/2012;$1 427 881;FALSE;59,3;$3,630;220,49;7,1;A;203 750;2012;3
31;09/03/2012;$1 439 035;FALSE;57,2;$3,669;220,70;7,1;A;203 750;2012;3
31;16/03/2012;$1 481 728;FALSE;63,4;$3,734;220,85;7,1;A;203 750;2012;3
31;23/03/2012;$1 365 825;FALSE;63,0;$3,787;220,92;7,1;A;203 750;2012;3
31;30/03/2012;$1 318 854;FALSE;67,9;$3,845;221,00;7,1;A;203 750;2012;3
31;06/04/2012;$1 496 170;FALSE;69,0;$3,891;221,07;6,9;A;203 750;2012;4
31;13/04/2012;$1 407 843;FALSE;69,0;$3,891;221,15;6,9;A;203 750;2012;4
31;20/04/2012;$1 407 037;FALSE;67,0;$3,877;221,20;6,9;A;203 750;2012;4
31;27/04/2012;$1 311 352;FALSE;69,2;$3,814;221,26;6,9;A;203 750;2012;4
31;04/05/2012;$1 391 257;FALSE;77,5;$3,749;221,31;6,9;A;203 750;2012;5
31;11/05/2012;$1 392 938;FALSE;74,1;$3,688;221,36;6,9;A;203 750;2012;5
31;18/05/2012;$1 441 474;FALSE;72,4;$3,630;221,38;6,9;A;203 750;2012;5
31;25/05/2012;$1 397 094;FALSE;79,5;$3,561;221,38;6,9;A;203 750;2012;5
31;01/06/2012;$1 404 516;FALSE;79,2;$3,501;221,39;6,9;A;203 750;2012;6
31;08/06/2012;$1 443 286;FALSE;79,5;$3,452;221,39;6,9;A;203 750;2012;6
31;15/06/2012;$1 431 003;FALSE;81,5;$3,393;221,40;6,9;A;203 750;2012;6
31;22/06/2012;$1 394 066;FALSE;81,8;$3,346;221,44;6,9;A;203 750;2012;6
31;29/06/2012;$1 349 202;FALSE;88,1;$3,286;221,48;6,9;A;203 750;2012;6
31;06/07/2012;$1 458 059;FALSE;85,3;$3,227;221,52;6,6;A;203 750;2012;7
31;13/07/2012;$1 374 301;FALSE;82,5;$3,256;221,56;6,6;A;203 750;2012;7
31;20/07/2012;$1 392 395;FALSE;84,3;$3,311;221,57;6,6;A;203 750;2012;7
31;27/07/2012;$1 303 732;FALSE;88,1;$3,407;221,58;6,6;A;203 750;2012;7
31;03/08/2012;$1 390 175;FALSE;91,6;$3,417;221,59;6,6;A;203 750;2012;8
31;10/08/2012;$1 386 473;FALSE;89,6;$3,494;221,60;6,6;A;203 750;2012;8
31;17/08/2012;$1 410 182;FALSE;85,6;$3,571;221,68;6,6;A;203 750;2012;8
31;24/08/2012;$1 379 783;FALSE;77,7;$3,620;221,81;6,6;A;203 750;2012;8
31;31/08/2012;$1 373 651;FALSE;83,6;$3,638;221,94;6,6;A;203 750;2012;8
31;07/09/2012;$1 358 112;TRUE;88,4;$3,730;222,07;6,6;A;203 750;2012;9
31;14/09/2012;$1 327 705;FALSE;76,1;$3,717;222,22;6,6;A;203 750;2012;9
31;21/09/2012;$1 373 065;FALSE;71,5;$3,721;222,42;6,6;A;203 750;2012;9
31;28/09/2012;$1 279 081;FALSE;80,4;$3,666;222,62;6,6;A;203 750;2012;9
31;05/10/2012;$1 363 365;FALSE;70,3;$3,617;222,82;6,2;A;203 750;2012;10
31;12/10/2012;$1 401 113;FALSE;61,5;$3,601;223,02;6,2;A;203 750;2012;10
31;19/10/2012;$1 378 730;FALSE;68,5;$3,594;223,06;6,2;A;203 750;2012;10
31;26/10/2012;$1 340 233;FALSE;70,5;$3,506;223,08;6,2;A;203 750;2012;10
32;05/02/2010;$1 087 616;FALSE;34,4;$2,580;189,38;9,0;A;203 007;2010;2
32;12/02/2010;$1 123 566;TRUE;28,1;$2,572;189,46;9,0;A;203 007;2010;2
32;19/02/2010;$1 082 559;FALSE;29,2;$2,550;189,53;9,0;A;203 007;2010;2
32;26/02/2010;$1 053 247;FALSE;26,6;$2,586;189,60;9,0;A;203 007;2010;2
32;05/03/2010;$1 066 567;FALSE;37,7;$2,620;189,67;9,0;A;203 007;2010;3
32;12/03/2010;$1 093 319;FALSE;39,9;$2,684;189,74;9,0;A;203 007;2010;3
32;19/03/2010;$1 059 782;FALSE;42,4;$2,692;189,73;9,0;A;203 007;2010;3
32;26/03/2010;$1 076 022;FALSE;36,6;$2,717;189,72;9,0;A;203 007;2010;3
32;02/04/2010;$1 131 733;FALSE;48,3;$2,725;189,70;9,0;A;203 007;2010;4
32;09/04/2010;$1 095 889;FALSE;44,9;$2,750;189,69;9,0;A;203 007;2010;4
32;16/04/2010;$1 082 763;FALSE;53,5;$2,765;189,66;9,0;A;203 007;2010;4
32;23/04/2010;$1 072 475;FALSE;50,1;$2,776;189,62;9,0;A;203 007;2010;4
32;30/04/2010;$1 066 793;FALSE;47,5;$2,766;189,58;9,0;A;203 007;2010;4
32;07/05/2010;$1 133 658;FALSE;48,9;$2,771;189,53;9,0;A;203 007;2010;5
32;14/05/2010;$1 079 315;FALSE;46,4;$2,788;189,49;9,0;A;203 007;2010;5
32;21/05/2010;$1 143 819;FALSE;55,9;$2,776;189,47;9,0;A;203 007;2010;5
32;28/05/2010;$1 205 663;FALSE;64,7;$2,737;189,45;9,0;A;203 007;2010;5
32;04/06/2010;$1 149 235;FALSE;66,7;$2,700;189,42;9,0;A;203 007;2010;6
32;11/06/2010;$1 192 074;FALSE;70,9;$2,684;189,40;9,0;A;203 007;2010;6
32;18/06/2010;$1 150 192;FALSE;60,9;$2,674;189,42;9,0;A;203 007;2010;6
32;25/06/2010;$1 124 764;FALSE;72,4;$2,715;189,45;9,0;A;203 007;2010;6
32;02/07/2010;$1 187 989;FALSE;74,7;$2,728;189,49;9,0;A;203 007;2010;7
32;09/07/2010;$1 077 254;FALSE;67,6;$2,711;189,52;9,0;A;203 007;2010;7
32;16/07/2010;$1 120 172;FALSE;76,2;$2,699;189,61;9,0;A;203 007;2010;7
32;23/07/2010;$1 109 574;FALSE;75,7;$2,691;189,77;9,0;A;203 007;2010;7
32;30/07/2010;$1 065 351;FALSE;75,6;$2,690;189,94;9,0;A;203 007;2010;7
32;06/08/2010;$1 144 552;FALSE;73,0;$2,690;190,10;9,0;A;203 007;2010;8
32;13/08/2010;$1 157 976;FALSE;75,0;$2,723;190,26;9,0;A;203 007;2010;8
32;20/08/2010;$1 189 888;FALSE;71,5;$2,732;190,29;9,0;A;203 007;2010;8
32;27/08/2010;$1 140 501;FALSE;75,0;$2,731;190,33;9,0;A;203 007;2010;8
32;03/09/2010;$1 095 933;FALSE;70,2;$2,773;190,36;9,0;A;203 007;2010;9
32;10/09/2010;$1 028 635;TRUE;68,4;$2,780;190,40;9,0;A;203 007;2010;9
32;17/09/2010;$1 043 962;FALSE;67,2;$2,800;190,47;9,0;A;203 007;2010;9
32;24/09/2010;$1 067 432;FALSE;64,2;$2,793;190,57;9,0;A;203 007;2010;9
32;01/10/2010;$1 061 090;FALSE;66,1;$2,759;190,67;9,1;A;203 007;2010;10
32;08/10/2010;$1 085 483;FALSE;61,8;$2,745;190,78;9,1;A;203 007;2010;10
32;15/10/2010;$1 096 693;FALSE;53,0;$2,762;190,86;9,1;A;203 007;2010;10
32;22/10/2010;$1 102 185;FALSE;52,3;$2,762;190,91;9,1;A;203 007;2010;10
32;29/10/2010;$1 115 139;FALSE;45,5;$2,748;190,95;9,1;A;203 007;2010;10
32;05/11/2010;$1 063 056;FALSE;49,2;$2,729;191,00;9,1;A;203 007;2010;11
32;12/11/2010;$1 141 019;FALSE;42,3;$2,737;191,04;9,1;A;203 007;2010;11
32;19/11/2010;$1 150 730;FALSE;36,2;$2,758;191,03;9,1;A;203 007;2010;11
32;26/11/2010;$1 634 636;TRUE;30,0;$2,742;191,01;9,1;A;203 007;2010;11
32;03/12/2010;$1 200 893;FALSE;35,2;$2,712;190,99;9,1;A;203 007;2010;12
32;10/12/2010;$1 377 323;FALSE;36,6;$2,728;190,97;9,1;A;203 007;2010;12
32;17/12/2010;$1 557 776;FALSE;36,1;$2,778;191,03;9,1;A;203 007;2010;12
32;24/12/2010;$1 949 183;FALSE;30,7;$2,781;191,14;9,1;A;203 007;2010;12
32;31/12/2010;$955 464;TRUE;27,7;$2,829;191,26;9,1;A;203 007;2010;12
32;07/01/2011;$1 046 416;FALSE;23,8;$2,882;191,37;8,8;A;203 007;2011;1
32;14/01/2011;$1 028 207;FALSE;21,7;$2,911;191,48;8,8;A;203 007;2011;1
32;21/01/2011;$1 078 349;FALSE;34,5;$2,973;191,57;8,8;A;203 007;2011;1
32;28/01/2011;$1 006 815;FALSE;34,9;$3,008;191,67;8,8;A;203 007;2011;1
32;04/02/2011;$1 070 458;FALSE;15,5;$3,011;191,76;8,8;A;203 007;2011;2
32;11/02/2011;$1 124 357;TRUE;18,5;$3,037;191,86;8,8;A;203 007;2011;2
32;18/02/2011;$1 183 529;FALSE;42,1;$3,051;191,92;8,8;A;203 007;2011;2
32;25/02/2011;$1 054 755;FALSE;33,0;$3,101;191,96;8,8;A;203 007;2011;2
32;04/03/2011;$1 106 848;FALSE;39,2;$3,232;192,01;8,8;A;203 007;2011;3
32;11/03/2011;$1 101 458;FALSE;36,5;$3,372;192,06;8,8;A;203 007;2011;3
32;18/03/2011;$1 100 766;FALSE;45,3;$3,406;192,12;8,8;A;203 007;2011;3
32;25/03/2011;$1 068 719;FALSE;46,7;$3,414;192,20;8,8;A;203 007;2011;3
32;01/04/2011;$1 051 121;FALSE;44,8;$3,461;192,27;8,6;A;203 007;2011;4
32;08/04/2011;$1 102 976;FALSE;48,8;$3,532;192,34;8,6;A;203 007;2011;4
32;15/04/2011;$1 120 508;FALSE;46,0;$3,611;192,42;8,6;A;203 007;2011;4
32;22/04/2011;$1 210 603;FALSE;48,7;$3,636;192,52;8,6;A;203 007;2011;4
32;29/04/2011;$1 107 495;FALSE;44,9;$3,663;192,62;8,6;A;203 007;2011;4
32;06/05/2011;$1 181 794;FALSE;46,7;$3,735;192,73;8,6;A;203 007;2011;5
32;13/05/2011;$1 138 163;FALSE;56,1;$3,767;192,83;8,6;A;203 007;2011;5
32;20/05/2011;$1 145 085;FALSE;45,7;$3,828;192,83;8,6;A;203 007;2011;5
32;27/05/2011;$1 175 447;FALSE;55,1;$3,795;192,84;8,6;A;203 007;2011;5
32;03/06/2011;$1 167 757;FALSE;61,3;$3,763;192,84;8,6;A;203 007;2011;6
32;10/06/2011;$1 239 741;FALSE;65,5;$3,735;192,85;8,6;A;203 007;2011;6
32;17/06/2011;$1 192 031;FALSE;67,4;$3,697;192,90;8,6;A;203 007;2011;6
32;24/06/2011;$1 163 870;FALSE;65,1;$3,661;193,00;8,6;A;203 007;2011;6
32;01/07/2011;$1 199 845;FALSE;72,9;$3,597;193,09;8,6;A;203 007;2011;7
32;08/07/2011;$1 110 245;FALSE;72,6;$3,540;193,19;8,6;A;203 007;2011;7
32;15/07/2011;$1 144 254;FALSE;70,6;$3,532;193,31;8,6;A;203 007;2011;7
32;22/07/2011;$1 185 674;FALSE;76,0;$3,545;193,51;8,6;A;203 007;2011;7
32;29/07/2011;$1 169 989;FALSE;75,9;$3,547;193,71;8,6;A;203 007;2011;7
32;05/08/2011;$1 201 694;FALSE;74,8;$3,554;193,91;8,6;A;203 007;2011;8
32;12/08/2011;$1 206 796;FALSE;74,2;$3,542;194,11;8,6;A;203 007;2011;8
32;19/08/2011;$1 221 318;FALSE;73,7;$3,499;194,25;8,6;A;203 007;2011;8
32;26/08/2011;$1 183 741;FALSE;75,6;$3,485;194,38;8,6;A;203 007;2011;8
32;02/09/2011;$1 152 118;FALSE;74,6;$3,511;194,51;8,6;A;203 007;2011;9
32;09/09/2011;$1 128 237;TRUE;61,2;$3,566;194,64;8,6;A;203 007;2011;9
32;16/09/2011;$1 142 499;FALSE;60,9;$3,596;194,74;8,6;A;203 007;2011;9
32;23/09/2011;$1 116 140;FALSE;58,7;$3,581;194,81;8,6;A;203 007;2011;9
32;30/09/2011;$1 088 944;FALSE;65,0;$3,538;194,88;8,6;A;203 007;2011;9
32;07/10/2011;$1 149 448;FALSE;62,6;$3,498;194,95;8,5;A;203 007;2011;10
32;14/10/2011;$1 175 420;FALSE;50,2;$3,491;195,03;8,5;A;203 007;2011;10
32;21/10/2011;$1 151 259;FALSE;48,9;$3,548;195,18;8,5;A;203 007;2011;10
32;28/10/2011;$1 185 392;FALSE;42,8;$3,550;195,33;8,5;A;203 007;2011;10
32;04/11/2011;$1 204 628;FALSE;38,0;$3,527;195,48;8,5;A;203 007;2011;11
32;11/11/2011;$1 182 733;FALSE;38,1;$3,505;195,64;8,5;A;203 007;2011;11
32;18/11/2011;$1 181 652;FALSE;42,6;$3,479;195,72;8,5;A;203 007;2011;11
32;25/11/2011;$1 684 469;TRUE;40,2;$3,424;195,77;8,5;A;203 007;2011;11
32;02/12/2011;$1 179 774;FALSE;33,8;$3,378;195,82;8,5;A;203 007;2011;12
32;09/12/2011;$1 415 747;FALSE;17,9;$3,331;195,87;8,5;A;203 007;2011;12
32;16/12/2011;$1 556 018;FALSE;26,2;$3,266;195,98;8,5;A;203 007;2011;12
32;23/12/2011;$1 959 527;FALSE;26,0;$3,173;196,17;8,5;A;203 007;2011;12
32;30/12/2011;$1 102 368;TRUE;33,0;$3,119;196,36;8,5;A;203 007;2011;12
32;06/01/2012;$1 099 937;FALSE;36,8;$3,095;196,55;8,3;A;203 007;2012;1
32;13/01/2012;$1 071 598;FALSE;29,0;$3,077;196,73;8,3;A;203 007;2012;1
32;20/01/2012;$1 080 012;FALSE;36,9;$3,055;196,78;8,3;A;203 007;2012;1
32;27/01/2012;$1 051 865;FALSE;36,7;$3,038;196,83;8,3;A;203 007;2012;1
32;03/02/2012;$1 156 826;FALSE;35,9;$3,031;196,87;8,3;A;203 007;2012;2
32;10/02/2012;$1 129 423;TRUE;23,3;$3,103;196,92;8,3;A;203 007;2012;2
32;17/02/2012;$1 243 813;FALSE;24,3;$3,113;196,94;8,3;A;203 007;2012;2
32;24/02/2012;$1 091 823;FALSE;33,4;$3,129;196,95;8,3;A;203 007;2012;2
32;02/03/2012;$1 153 333;FALSE;33,4;$3,191;196,96;8,3;A;203 007;2012;3
32;09/03/2012;$1 124 538;FALSE;39,9;$3,286;196,96;8,3;A;203 007;2012;3
32;16/03/2012;$1 138 101;FALSE;51,5;$3,486;197,05;8,3;A;203 007;2012;3
32;23/03/2012;$1 146 632;FALSE;47,6;$3,664;197,23;8,3;A;203 007;2012;3
32;30/03/2012;$1 108 687;FALSE;56,1;$3,750;197,41;8,3;A;203 007;2012;3
32;06/04/2012;$1 270 577;FALSE;51,5;$3,854;197,60;8,1;A;203 007;2012;4
32;13/04/2012;$1 171 834;FALSE;52,1;$3,901;197,78;8,1;A;203 007;2012;4
32;20/04/2012;$1 121 406;FALSE;49,2;$3,936;197,72;8,1;A;203 007;2012;4
32;27/04/2012;$1 126 962;FALSE;61,8;$3,927;197,66;8,1;A;203 007;2012;4
32;04/05/2012;$1 187 385;FALSE;58,3;$3,903;197,61;8,1;A;203 007;2012;5
32;11/05/2012;$1 187 051;FALSE;55,4;$3,870;197,55;8,1;A;203 007;2012;5
32;18/05/2012;$1 177 540;FALSE;57,5;$3,837;197,56;8,1;A;203 007;2012;5
32;25/05/2012;$1 232 784;FALSE;59,7;$3,804;197,59;8,1;A;203 007;2012;5
32;01/06/2012;$1 157 558;FALSE;62,8;$3,764;197,62;8,1;A;203 007;2012;6
32;08/06/2012;$1 246 322;FALSE;71,1;$3,741;197,66;8,1;A;203 007;2012;6
32;15/06/2012;$1 234 760;FALSE;70,9;$3,723;197,69;8,1;A;203 007;2012;6
32;22/06/2012;$1 196 880;FALSE;74,9;$3,735;197,74;8,1;A;203 007;2012;6
32;29/06/2012;$1 178 212;FALSE;82,0;$3,693;197,79;8,1;A;203 007;2012;6
32;06/07/2012;$1 214 184;FALSE;78,7;$3,646;197,83;7,9;A;203 007;2012;7
32;13/07/2012;$1 141 185;FALSE;71,6;$3,613;197,88;7,9;A;203 007;2012;7
32;20/07/2012;$1 167 829;FALSE;77,8;$3,585;197,93;7,9;A;203 007;2012;7
32;27/07/2012;$1 144 902;FALSE;77,6;$3,570;197,98;7,9;A;203 007;2012;7
32;03/08/2012;$1 183 571;FALSE;75,1;$3,528;198,03;7,9;A;203 007;2012;8
32;10/08/2012;$1 227 469;FALSE;75,9;$3,509;198,08;7,9;A;203 007;2012;8
32;17/08/2012;$1 261 306;FALSE;70,8;$3,545;198,10;7,9;A;203 007;2012;8
32;24/08/2012;$1 272 809;FALSE;70,1;$3,558;198,10;7,9;A;203 007;2012;8
32;31/08/2012;$1 183 979;FALSE;76,1;$3,556;198,10;7,9;A;203 007;2012;8
32;07/09/2012;$1 126 686;TRUE;72,6;$3,596;198,10;7,9;A;203 007;2012;9
32;14/09/2012;$1 156 377;FALSE;64,1;$3,659;198,13;7,9;A;203 007;2012;9
32;21/09/2012;$1 159 120;FALSE;63,5;$3,765;198,36;7,9;A;203 007;2012;9
32;28/09/2012;$1 157 111;FALSE;60,6;$3,789;198,59;7,9;A;203 007;2012;9
32;05/10/2012;$1 202 775;FALSE;55,3;$3,779;198,82;7,6;A;203 007;2012;10
32;12/10/2012;$1 176 681;FALSE;43,5;$3,760;199,05;7,6;A;203 007;2012;10
32;19/10/2012;$1 199 292;FALSE;53,6;$3,750;199,15;7,6;A;203 007;2012;10
32;26/10/2012;$1 219 979;FALSE;47,2;$3,686;199,22;7,6;A;203 007;2012;10
33;05/02/2010;$274 593;FALSE;58,4;$2,962;126,44;10,1;A;39 690;2010;2
33;12/02/2010;$294 883;TRUE;55,5;$2,828;126,50;10,1;A;39 690;2010;2
33;19/02/2010;$296 851;FALSE;62,2;$2,915;126,53;10,1;A;39 690;2010;2
33;26/02/2010;$284 053;FALSE;56,5;$2,825;126,55;10,1;A;39 690;2010;2
33;05/03/2010;$291 485;FALSE;59,2;$2,877;126,58;10,1;A;39 690;2010;3
33;12/03/2010;$312 161;FALSE;55,6;$3,034;126,60;10,1;A;39 690;2010;3
33;19/03/2010;$282 236;FALSE;64,6;$3,054;126,61;10,1;A;39 690;2010;3
33;26/03/2010;$262 894;FALSE;64,1;$2,980;126,61;10,1;A;39 690;2010;3
33;02/04/2010;$274 635;FALSE;66,8;$3,086;126,60;9,8;A;39 690;2010;4
33;09/04/2010;$325 201;FALSE;68,4;$3,004;126,60;9,8;A;39 690;2010;4
33;16/04/2010;$307 780;FALSE;72,4;$3,109;126,56;9,8;A;39 690;2010;4
33;23/04/2010;$263 263;FALSE;71,6;$3,050;126,47;9,8;A;39 690;2010;4
33;30/04/2010;$275 883;FALSE;73,3;$3,105;126,38;9,8;A;39 690;2010;4
33;07/05/2010;$326 870;FALSE;75,4;$3,127;126,29;9,8;A;39 690;2010;5
33;14/05/2010;$331 174;FALSE;76,8;$3,145;126,21;9,8;A;39 690;2010;5
33;21/05/2010;$294 264;FALSE;82,8;$3,120;126,18;9,8;A;39 690;2010;5
33;28/05/2010;$279 246;FALSE;78,5;$3,058;126,16;9,8;A;39 690;2010;5
33;04/06/2010;$285 100;FALSE;86,1;$2,941;126,14;9,8;A;39 690;2010;6
33;11/06/2010;$310 801;FALSE;93,5;$3,057;126,11;9,8;A;39 690;2010;6
33;18/06/2010;$272 399;FALSE;87,7;$2,935;126,11;9,8;A;39 690;2010;6
33;25/06/2010;$259 420;FALSE;93,7;$3,084;126,13;9,8;A;39 690;2010;6
33;02/07/2010;$267 496;FALSE;97,7;$2,978;126,14;9,5;A;39 690;2010;7
33;09/07/2010;$302 424;FALSE;95,9;$3,100;126,15;9,5;A;39 690;2010;7
33;16/07/2010;$280 938;FALSE;100,1;$2,971;126,15;9,5;A;39 690;2010;7
33;23/07/2010;$252 734;FALSE;97,0;$3,112;126,13;9,5;A;39 690;2010;7
33;30/07/2010;$242 047;FALSE;92,7;$3,017;126,11;9,5;A;39 690;2010;7
33;06/08/2010;$262 790;FALSE;92,5;$3,123;126,09;9,5;A;39 690;2010;8
33;13/08/2010;$265 368;FALSE;95,6;$3,049;126,06;9,5;A;39 690;2010;8
33;20/08/2010;$230 519;FALSE;96,5;$3,041;126,08;9,5;A;39 690;2010;8
33;27/08/2010;$224 031;FALSE;94,0;$3,022;126,09;9,5;A;39 690;2010;8
33;03/09/2010;$237 406;FALSE;90,8;$3,087;126,10;9,5;A;39 690;2010;9
33;10/09/2010;$272 835;TRUE;91,8;$2,961;126,11;9,5;A;39 690;2010;9
33;17/09/2010;$246 277;FALSE;89,4;$3,028;126,15;9,5;A;39 690;2010;9
33;24/09/2010;$231 977;FALSE;91,2;$2,939;126,19;9,5;A;39 690;2010;9
33;01/10/2010;$224 294;FALSE;91,5;$3,001;126,23;9,3;A;39 690;2010;10
33;08/10/2010;$266 484;FALSE;79,0;$2,924;126,28;9,3;A;39 690;2010;10
33;15/10/2010;$251 733;FALSE;80,5;$3,080;126,33;9,3;A;39 690;2010;10
33;22/10/2010;$234 176;FALSE;74,2;$3,014;126,38;9,3;A;39 690;2010;10
33;29/10/2010;$213 538;FALSE;71,3;$3,130;126,44;9,3;A;39 690;2010;10
33;05/11/2010;$246 125;FALSE;74,2;$3,009;126,49;9,3;A;39 690;2010;11
33;12/11/2010;$272 804;FALSE;65,2;$3,130;126,55;9,3;A;39 690;2010;11
33;19/11/2010;$224 640;FALSE;62,0;$3,047;126,61;9,3;A;39 690;2010;11
33;26/11/2010;$240 045;TRUE;56,9;$3,162;126,67;9,3;A;39 690;2010;11
33;03/12/2010;$209 986;FALSE;52,8;$3,041;126,73;9,3;A;39 690;2010;12
33;10/12/2010;$253 050;FALSE;60,7;$3,091;126,79;9,3;A;39 690;2010;12
33;17/12/2010;$238 875;FALSE;61,1;$3,125;126,88;9,3;A;39 690;2010;12
33;24/12/2010;$249 247;FALSE;60,4;$3,236;126,98;9,3;A;39 690;2010;12
33;31/12/2010;$219 805;TRUE;52,9;$3,148;127,09;9,3;A;39 690;2010;12
33;07/01/2011;$243 949;FALSE;46,3;$3,287;127,19;9,0;A;39 690;2011;1
33;14/01/2011;$259 528;FALSE;53,6;$3,312;127,30;9,0;A;39 690;2011;1
33;21/01/2011;$244 856;FALSE;59,5;$3,336;127,44;9,0;A;39 690;2011;1
33;28/01/2011;$231 156;FALSE;56,6;$3,231;127,58;9,0;A;39 690;2011;1
33;04/02/2011;$234 218;FALSE;49,3;$3,348;127,72;9,0;A;39 690;2011;2
33;11/02/2011;$276 199;TRUE;53,4;$3,381;127,86;9,0;A;39 690;2011;2
33;18/02/2011;$252 350;FALSE;62,0;$3,430;128,00;9,0;A;39 690;2011;2
33;25/02/2011;$242 901;FALSE;54,9;$3,398;128,13;9,0;A;39 690;2011;2
33;04/03/2011;$245 436;FALSE;59,5;$3,674;128,26;9,0;A;39 690;2011;3
33;11/03/2011;$270 921;FALSE;66,5;$3,630;128,40;9,0;A;39 690;2011;3
33;18/03/2011;$247 234;FALSE;72,7;$3,892;128,51;9,0;A;39 690;2011;3
33;25/03/2011;$238 084;FALSE;63,3;$3,716;128,62;9,0;A;39 690;2011;3
33;01/04/2011;$232 769;FALSE;71,4;$3,772;128,72;8,7;A;39 690;2011;4
33;08/04/2011;$271 925;FALSE;75,1;$3,818;128,82;8,7;A;39 690;2011;4
33;15/04/2011;$275 750;FALSE;64,6;$4,089;128,91;8,7;A;39 690;2011;4
33;22/04/2011;$248 603;FALSE;79,5;$3,917;128,96;8,7;A;39 690;2011;4
33;29/04/2011;$248 562;FALSE;77,4;$4,151;129,00;8,7;A;39 690;2011;4
33;06/05/2011;$257 031;FALSE;77,9;$4,193;129,04;8,7;A;39 690;2011;5
33;13/05/2011;$279 467;FALSE;78,2;$4,202;129,09;8,7;A;39 690;2011;5
33;20/05/2011;$239 206;FALSE;76,1;$3,990;129,08;8,7;A;39 690;2011;5
33;27/05/2011;$239 432;FALSE;82,3;$3,933;129,06;8,7;A;39 690;2011;5
33;03/06/2011;$243 477;FALSE;82,9;$3,893;129,05;8,7;A;39 690;2011;6
33;10/06/2011;$258 427;FALSE;87,0;$3,981;129,04;8,7;A;39 690;2011;6
33;17/06/2011;$238 173;FALSE;91,1;$3,935;129,04;8,7;A;39 690;2011;6
33;24/06/2011;$238 434;FALSE;94,1;$3,807;129,07;8,7;A;39 690;2011;6
33;01/07/2011;$226 702;FALSE;98,4;$3,842;129,09;8,4;A;39 690;2011;7
33;08/07/2011;$262 718;FALSE;96,4;$3,793;129,11;8,4;A;39 690;2011;7
33;15/07/2011;$265 003;FALSE;92,8;$3,779;129,13;8,4;A;39 690;2011;7
33;22/07/2011;$238 915;FALSE;97,2;$3,697;129,15;8,4;A;39 690;2011;7
33;29/07/2011;$224 807;FALSE;95,3;$3,694;129,17;8,4;A;39 690;2011;7
33;05/08/2011;$242 456;FALSE;96,9;$3,803;129,18;8,4;A;39 690;2011;8
33;12/08/2011;$274 722;FALSE;96,0;$3,794;129,20;8,4;A;39 690;2011;8
33;19/08/2011;$242 771;FALSE;95,9;$3,743;129,24;8,4;A;39 690;2011;8
33;26/08/2011;$237 096;FALSE;99,7;$3,663;129,28;8,4;A;39 690;2011;8
33;02/09/2011;$239 198;FALSE;99,2;$3,798;129,33;8,4;A;39 690;2011;9
33;09/09/2011;$281 842;TRUE;96,2;$3,771;129,37;8,4;A;39 690;2011;9
33;16/09/2011;$262 408;FALSE;85,8;$3,784;129,43;8,4;A;39 690;2011;9
33;23/09/2011;$234 793;FALSE;88,9;$3,789;129,52;8,4;A;39 690;2011;9
33;30/09/2011;$229 732;FALSE;89,1;$3,877;129,61;8,4;A;39 690;2011;9
33;07/10/2011;$262 159;FALSE;81,2;$3,827;129,69;8,0;A;39 690;2011;10
33;14/10/2011;$272 487;FALSE;76,5;$3,698;129,77;8,0;A;39 690;2011;10
33;21/10/2011;$233 543;FALSE;81,7;$3,842;129,78;8,0;A;39 690;2011;10
33;28/10/2011;$231 320;FALSE;76,7;$3,843;129,79;8,0;A;39 690;2011;10
33;04/11/2011;$236 157;FALSE;71,9;$3,828;129,81;8,0;A;39 690;2011;11
33;11/11/2011;$271 961;FALSE;58,8;$3,677;129,82;8,0;A;39 690;2011;11
33;18/11/2011;$251 295;FALSE;63,4;$3,669;129,83;8,0;A;39 690;2011;11
33;25/11/2011;$255 996;TRUE;62,4;$3,760;129,84;8,0;A;39 690;2011;11
33;02/12/2011;$220 060;FALSE;59,1;$3,701;129,85;8,0;A;39 690;2011;12
33;09/12/2011;$270 373;FALSE;47,7;$3,644;129,86;8,0;A;39 690;2011;12
33;16/12/2011;$259 638;FALSE;53,2;$3,489;129,90;8,0;A;39 690;2011;12
33;23/12/2011;$256 235;FALSE;53,4;$3,541;129,98;8,0;A;39 690;2011;12
33;30/12/2011;$215 359;TRUE;51,6;$3,428;130,07;8,0;A;39 690;2011;12
33;06/01/2012;$267 058;FALSE;60,9;$3,443;130,16;7,6;A;39 690;2012;1
33;13/01/2012;$279 447;FALSE;54,6;$3,477;130,24;7,6;A;39 690;2012;1
33;20/01/2012;$244 899;FALSE;56,0;$3,660;130,28;7,6;A;39 690;2012;1
33;27/01/2012;$236 920;FALSE;56,3;$3,675;130,31;7,6;A;39 690;2012;1
33;03/02/2012;$256 091;FALSE;59,5;$3,543;130,35;7,6;A;39 690;2012;2
33;10/02/2012;$282 553;TRUE;59,9;$3,722;130,38;7,6;A;39 690;2012;2
33;17/02/2012;$266 301;FALSE;57,8;$3,781;130,45;7,6;A;39 690;2012;2
33;24/02/2012;$242 527;FALSE;59,4;$3,950;130,55;7,6;A;39 690;2012;2
33;02/03/2012;$248 052;FALSE;60,9;$3,882;130,65;7,6;A;39 690;2012;3
33;09/03/2012;$287 346;FALSE;62,2;$3,963;130,74;7,6;A;39 690;2012;3
33;16/03/2012;$278 068;FALSE;66,0;$4,273;130,83;7,6;A;39 690;2012;3
33;23/03/2012;$246 971;FALSE;60,8;$4,288;130,90;7,6;A;39 690;2012;3
33;30/03/2012;$251 328;FALSE;71,3;$4,294;130,97;7,6;A;39 690;2012;3
33;06/04/2012;$275 912;FALSE;70,8;$4,282;131,04;7,4;A;39 690;2012;4
33;13/04/2012;$312 699;FALSE;73,2;$4,254;131,11;7,4;A;39 690;2012;4
33;20/04/2012;$261 837;FALSE;72,9;$4,111;131,12;7,4;A;39 690;2012;4
33;27/04/2012;$249 799;FALSE;83,1;$4,088;131,13;7,4;A;39 690;2012;4
33;04/05/2012;$270 498;FALSE;82,4;$4,058;131,14;7,4;A;39 690;2012;5
33;11/05/2012;$295 842;FALSE;81,0;$4,186;131,15;7,4;A;39 690;2012;5
33;18/05/2012;$276 900;FALSE;89,8;$4,308;131,10;7,4;A;39 690;2012;5
33;25/05/2012;$261 852;FALSE;88,9;$4,127;131,03;7,4;A;39 690;2012;5
33;01/06/2012;$261 131;FALSE;83,6;$4,277;130,96;7,4;A;39 690;2012;6
33;08/06/2012;$286 083;FALSE;90,9;$4,103;130,89;7,4;A;39 690;2012;6
33;15/06/2012;$290 444;FALSE;92,4;$4,144;130,83;7,4;A;39 690;2012;6
33;22/06/2012;$261 666;FALSE;95,8;$4,014;130,79;7,4;A;39 690;2012;6
33;29/06/2012;$244 338;FALSE;98,2;$3,875;130,76;7,4;A;39 690;2012;6
33;06/07/2012;$273 690;FALSE;93,2;$3,666;130,72;7,1;A;39 690;2012;7
33;13/07/2012;$287 034;FALSE;97,6;$3,723;130,68;7,1;A;39 690;2012;7
33;20/07/2012;$253 206;FALSE;91,5;$3,589;130,70;7,1;A;39 690;2012;7
33;27/07/2012;$249 134;FALSE;94,0;$3,769;130,72;7,1;A;39 690;2012;7
33;03/08/2012;$258 533;FALSE;92,1;$3,595;130,74;7,1;A;39 690;2012;8
33;10/08/2012;$297 753;FALSE;100,1;$3,811;130,76;7,1;A;39 690;2012;8
33;17/08/2012;$270 098;FALSE;96,8;$4,002;130,79;7,1;A;39 690;2012;8
33;24/08/2012;$247 673;FALSE;89,6;$4,055;130,84;7,1;A;39 690;2012;8
33;31/08/2012;$237 130;FALSE;94,6;$3,886;130,89;7,1;A;39 690;2012;8
33;07/09/2012;$286 429;TRUE;92,0;$4,124;130,93;7,1;A;39 690;2012;9
33;14/09/2012;$277 418;FALSE;83,4;$3,966;130,98;7,1;A;39 690;2012;9
33;21/09/2012;$252 710;FALSE;86,5;$4,125;131,01;7,1;A;39 690;2012;9
33;28/09/2012;$242 814;FALSE;86,4;$3,966;131,04;7,1;A;39 690;2012;9
33;05/10/2012;$265 445;FALSE;85,2;$4,132;131,08;6,9;A;39 690;2012;10
33;12/10/2012;$291 781;FALSE;79,6;$4,468;131,11;6,9;A;39 690;2012;10
33;19/10/2012;$254 412;FALSE;75,6;$4,449;131,15;6,9;A;39 690;2012;10
33;26/10/2012;$253 731;FALSE;73,7;$4,301;131,19;6,9;A;39 690;2012;10
34;05/02/2010;$956 229;FALSE;35,4;$2,598;126,44;9,5;A;158 114;2010;2
34;12/02/2010;$994 611;TRUE;36,1;$2,573;126,50;9,5;A;158 114;2010;2
34;19/02/2010;$983 963;FALSE;38,4;$2,540;126,53;9,5;A;158 114;2010;2
34;26/02/2010;$905 756;FALSE;37,3;$2,590;126,55;9,5;A;158 114;2010;2
34;05/03/2010;$918 296;FALSE;42,7;$2,654;126,58;9,5;A;158 114;2010;3
34;12/03/2010;$921 248;FALSE;42,3;$2,704;126,60;9,5;A;158 114;2010;3
34;19/03/2010;$892 071;FALSE;45,9;$2,743;126,61;9,5;A;158 114;2010;3
34;26/03/2010;$880 742;FALSE;42,9;$2,752;126,61;9,5;A;158 114;2010;3
34;02/04/2010;$979 429;FALSE;50,1;$2,740;126,60;9,6;A;158 114;2010;4
34;09/04/2010;$950 684;FALSE;51,3;$2,773;126,60;9,6;A;158 114;2010;4
34;16/04/2010;$923 345;FALSE;59,2;$2,810;126,56;9,6;A;158 114;2010;4
34;23/04/2010;$910 241;FALSE;55,0;$2,805;126,47;9,6;A;158 114;2010;4
34;30/04/2010;$859 922;FALSE;56,6;$2,787;126,38;9,6;A;158 114;2010;4
34;07/05/2010;$953 495;FALSE;57,4;$2,836;126,29;9,6;A;158 114;2010;5
34;14/05/2010;$933 924;FALSE;60,7;$2,845;126,21;9,6;A;158 114;2010;5
34;21/05/2010;$913 616;FALSE;64,0;$2,820;126,18;9,6;A;158 114;2010;5
34;28/05/2010;$942 868;FALSE;68,7;$2,756;126,16;9,6;A;158 114;2010;5
34;04/06/2010;$966 188;FALSE;72,2;$2,701;126,14;9,6;A;158 114;2010;6
34;11/06/2010;$954 682;FALSE;80,8;$2,668;126,11;9,6;A;158 114;2010;6
34;18/06/2010;$941 612;FALSE;73,5;$2,635;126,11;9,6;A;158 114;2010;6
34;25/06/2010;$895 800;FALSE;78,5;$2,654;126,13;9,6;A;158 114;2010;6
34;02/07/2010;$919 229;FALSE;73,7;$2,668;126,14;9,8;A;158 114;2010;7
34;09/07/2010;$911 211;FALSE;75,0;$2,637;126,15;9,8;A;158 114;2010;7
34;16/07/2010;$930 270;FALSE;78,5;$2,621;126,15;9,8;A;158 114;2010;7
34;23/07/2010;$902 051;FALSE;79,6;$2,612;126,13;9,8;A;158 114;2010;7
34;30/07/2010;$875 977;FALSE;72,3;$2,650;126,11;9,8;A;158 114;2010;7
34;06/08/2010;$987 435;FALSE;73,8;$2,640;126,09;9,8;A;158 114;2010;8
34;13/08/2010;$951 209;FALSE;76,7;$2,698;126,06;9,8;A;158 114;2010;8
34;20/08/2010;$985 153;FALSE;76,5;$2,671;126,08;9,8;A;158 114;2010;8
34;27/08/2010;$855 421;FALSE;72,9;$2,621;126,09;9,8;A;158 114;2010;8
34;03/09/2010;$964 357;FALSE;72,6;$2,584;126,10;9,8;A;158 114;2010;9
34;10/09/2010;$932 241;TRUE;72,6;$2,574;126,11;9,8;A;158 114;2010;9
34;17/09/2010;$885 445;FALSE;70,7;$2,594;126,15;9,8;A;158 114;2010;9
34;24/09/2010;$867 539;FALSE;69,8;$2,642;126,19;9,8;A;158 114;2010;9
34;01/10/2010;$865 709;FALSE;70,1;$2,619;126,23;10,2;A;158 114;2010;10
34;08/10/2010;$931 711;FALSE;65,2;$2,645;126,28;10,2;A;158 114;2010;10
34;15/10/2010;$888 704;FALSE;59,6;$2,732;126,33;10,2;A;158 114;2010;10
34;22/10/2010;$936 294;FALSE;58,1;$2,736;126,38;10,2;A;158 114;2010;10
34;29/10/2010;$926 294;FALSE;50,8;$2,718;126,44;10,2;A;158 114;2010;10
34;05/11/2010;$972 292;FALSE;52,4;$2,699;126,49;10,2;A;158 114;2010;11
34;12/11/2010;$979 731;FALSE;47,2;$2,741;126,55;10,2;A;158 114;2010;11
34;19/11/2010;$955 766;FALSE;40,9;$2,780;126,61;10,2;A;158 114;2010;11
34;26/11/2010;$1 309 477;TRUE;41,1;$2,752;126,67;10,2;A;158 114;2010;11
34;03/12/2010;$1 001 512;FALSE;34,7;$2,727;126,73;10,2;A;158 114;2010;12
34;10/12/2010;$1 086 661;FALSE;41,9;$2,860;126,79;10,2;A;158 114;2010;12
34;17/12/2010;$1 227 148;FALSE;42,6;$2,884;126,88;10,2;A;158 114;2010;12
34;24/12/2010;$1 620 748;FALSE;42,7;$2,887;126,98;10,2;A;158 114;2010;12
34;31/12/2010;$902 110;TRUE;34,1;$2,955;127,09;10,2;A;158 114;2010;12
34;07/01/2011;$900 647;FALSE;24,5;$2,980;127,19;10,4;A;158 114;2011;1
34;14/01/2011;$898 610;FALSE;30,8;$2,992;127,30;10,4;A;158 114;2011;1
34;21/01/2011;$891 025;FALSE;39,6;$3,017;127,44;10,4;A;158 114;2011;1
34;28/01/2011;$836 718;FALSE;34,7;$3,022;127,58;10,4;A;158 114;2011;1
34;04/02/2011;$971 933;FALSE;23,8;$2,996;127,72;10,4;A;158 114;2011;2
34;11/02/2011;$1 015 655;TRUE;28,7;$3,033;127,86;10,4;A;158 114;2011;2
34;18/02/2011;$1 062 629;FALSE;45,1;$3,058;128,00;10,4;A;158 114;2011;2
34;25/02/2011;$953 331;FALSE;44,6;$3,087;128,13;10,4;A;158 114;2011;2
34;04/03/2011;$963 911;FALSE;46,2;$3,305;128,26;10,4;A;158 114;2011;3
34;11/03/2011;$943 952;FALSE;45,9;$3,461;128,40;10,4;A;158 114;2011;3
34;18/03/2011;$1 014 219;FALSE;55,6;$3,495;128,51;10,4;A;158 114;2011;3
34;25/03/2011;$922 898;FALSE;53,1;$3,480;128,62;10,4;A;158 114;2011;3
34;01/04/2011;$884 234;FALSE;55,5;$3,521;128,72;10,6;A;158 114;2011;4
34;08/04/2011;$975 480;FALSE;58,6;$3,605;128,82;10,6;A;158 114;2011;4
34;15/04/2011;$941 829;FALSE;53,3;$3,724;128,91;10,6;A;158 114;2011;4
34;22/04/2011;$1 051 518;FALSE;63,8;$3,781;128,96;10,6;A;158 114;2011;4
34;29/04/2011;$895 973;FALSE;57,7;$3,781;129,00;10,6;A;158 114;2011;4
34;06/05/2011;$965 854;FALSE;54,4;$3,866;129,04;10,6;A;158 114;2011;5
34;13/05/2011;$966 233;FALSE;63,1;$3,872;129,09;10,6;A;158 114;2011;5
34;20/05/2011;$945 019;FALSE;61,5;$3,881;129,08;10,6;A;158 114;2011;5
34;27/05/2011;$941 312;FALSE;66,0;$3,771;129,06;10,6;A;158 114;2011;5
34;03/06/2011;$947 229;FALSE;74,6;$3,683;129,05;10,6;A;158 114;2011;6
34;10/06/2011;$943 913;FALSE;74,6;$3,640;129,04;10,6;A;158 114;2011;6
34;17/06/2011;$968 258;FALSE;76,6;$3,618;129,04;10,6;A;158 114;2011;6
34;24/06/2011;$923 795;FALSE;77,2;$3,570;129,07;10,6;A;158 114;2011;6
34;01/07/2011;$911 106;FALSE;82,0;$3,504;129,09;10,6;A;158 114;2011;7
34;08/07/2011;$926 935;FALSE;80,8;$3,469;129,11;10,6;A;158 114;2011;7
34;15/07/2011;$903 883;FALSE;78,1;$3,563;129,13;10,6;A;158 114;2011;7
34;22/07/2011;$913 237;FALSE;80,8;$3,627;129,15;10,6;A;158 114;2011;7
34;29/07/2011;$851 462;FALSE;78,0;$3,659;129,17;10,6;A;158 114;2011;7
34;05/08/2011;$942 236;FALSE;76,7;$3,662;129,18;10,6;A;158 114;2011;8
34;12/08/2011;$956 251;FALSE;80,2;$3,617;129,20;10,6;A;158 114;2011;8
34;19/08/2011;$960 419;FALSE;77,1;$3,550;129,24;10,6;A;158 114;2011;8
34;26/08/2011;$871 405;FALSE;77,3;$3,523;129,28;10,6;A;158 114;2011;8
34;02/09/2011;$926 456;FALSE;78,2;$3,533;129,33;10,6;A;158 114;2011;9
34;09/09/2011;$930 506;TRUE;70,1;$3,554;129,37;10,6;A;158 114;2011;9
34;16/09/2011;$927 250;FALSE;64,9;$3,532;129,43;10,6;A;158 114;2011;9
34;23/09/2011;$902 853;FALSE;66,2;$3,473;129,52;10,6;A;158 114;2011;9
34;30/09/2011;$871 848;FALSE;69,4;$3,371;129,61;10,6;A;158 114;2011;9
34;07/10/2011;$954 069;FALSE;60,4;$3,299;129,69;10,1;A;158 114;2011;10
34;14/10/2011;$911 789;FALSE;54,7;$3,283;129,77;10,1;A;158 114;2011;10
34;21/10/2011;$953 693;FALSE;58,9;$3,361;129,78;10,1;A;158 114;2011;10
34;28/10/2011;$958 064;FALSE;54,6;$3,362;129,79;10,1;A;158 114;2011;10
34;04/11/2011;$992 622;FALSE;48,0;$3,322;129,81;10,1;A;158 114;2011;11
34;11/11/2011;$991 570;FALSE;41,0;$3,286;129,82;10,1;A;158 114;2011;11
34;18/11/2011;$947 552;FALSE;46,0;$3,294;129,83;10,1;A;158 114;2011;11
34;25/11/2011;$1 345 596;TRUE;46,0;$3,225;129,84;10,1;A;158 114;2011;11
34;02/12/2011;$988 742;FALSE;39,8;$3,176;129,85;10,1;A;158 114;2011;12
34;09/12/2011;$1 084 244;FALSE;24,7;$3,153;129,86;10,1;A;158 114;2011;12
34;16/12/2011;$1 151 053;FALSE;32,3;$3,149;129,90;10,1;A;158 114;2011;12
34;23/12/2011;$1 593 656;FALSE;32,5;$3,103;129,98;10,1;A;158 114;2011;12
34;30/12/2011;$965 512;TRUE;28,8;$3,119;130,07;10,1;A;158 114;2011;12
34;06/01/2012;$953 845;FALSE;36,4;$3,158;130,16;9,7;A;158 114;2012;1
34;13/01/2012;$913 755;FALSE;34,0;$3,263;130,24;9,7;A;158 114;2012;1
34;20/01/2012;$910 899;FALSE;39,3;$3,273;130,28;9,7;A;158 114;2012;1
34;27/01/2012;$872 450;FALSE;39,8;$3,290;130,31;9,7;A;158 114;2012;1
34;03/02/2012;$939 367;FALSE;38,6;$3,354;130,35;9,7;A;158 114;2012;2
34;10/02/2012;$1 047 658;TRUE;36,7;$3,411;130,38;9,7;A;158 114;2012;2
34;17/02/2012;$1 123 447;FALSE;37,3;$3,493;130,45;9,7;A;158 114;2012;2
34;24/02/2012;$950 154;FALSE;39,9;$3,541;130,55;9,7;A;158 114;2012;2
34;02/03/2012;$990 264;FALSE;42,7;$3,619;130,65;9,7;A;158 114;2012;3
34;09/03/2012;$976 393;FALSE;42,7;$3,667;130,74;9,7;A;158 114;2012;3
34;16/03/2012;$999 298;FALSE;48,1;$3,707;130,83;9,7;A;158 114;2012;3
34;23/03/2012;$945 143;FALSE;47,9;$3,759;130,90;9,7;A;158 114;2012;3
34;30/03/2012;$938 862;FALSE;59,3;$3,820;130,97;9,7;A;158 114;2012;3
34;06/04/2012;$1 091 020;FALSE;54,4;$3,864;131,04;9,6;A;158 114;2012;4
34;13/04/2012;$987 354;FALSE;59,1;$3,881;131,11;9,6;A;158 114;2012;4
34;20/04/2012;$977 629;FALSE;55,3;$3,864;131,12;9,6;A;158 114;2012;4
34;27/04/2012;$940 300;FALSE;66,5;$3,810;131,13;9,6;A;158 114;2012;4
34;04/05/2012;$991 104;FALSE;65,0;$3,747;131,14;9,6;A;158 114;2012;5
34;11/05/2012;$949 626;FALSE;61,9;$3,685;131,15;9,6;A;158 114;2012;5
34;18/05/2012;$998 673;FALSE;65,0;$3,620;131,10;9,6;A;158 114;2012;5
34;25/05/2012;$1 015 738;FALSE;72,4;$3,551;131,03;9,6;A;158 114;2012;5
34;01/06/2012;$977 062;FALSE;70,4;$3,483;130,96;9,6;A;158 114;2012;6
34;08/06/2012;$999 511;FALSE;75,4;$3,433;130,89;9,6;A;158 114;2012;6
34;15/06/2012;$982 346;FALSE;76,5;$3,372;130,83;9,6;A;158 114;2012;6
34;22/06/2012;$1 000 285;FALSE;78,9;$3,329;130,79;9,6;A;158 114;2012;6
34;29/06/2012;$942 971;FALSE;81,9;$3,257;130,76;9,6;A;158 114;2012;6
34;06/07/2012;$1 007 868;FALSE;78,0;$3,187;130,72;9,3;A;158 114;2012;7
34;13/07/2012;$954 678;FALSE;74,0;$3,224;130,68;9,3;A;158 114;2012;7
34;20/07/2012;$950 930;FALSE;77,7;$3,263;130,70;9,3;A;158 114;2012;7
34;27/07/2012;$917 884;FALSE;77,3;$3,356;130,72;9,3;A;158 114;2012;7
34;03/08/2012;$973 250;FALSE;78,9;$3,374;130,74;9,3;A;158 114;2012;8
34;10/08/2012;$1 004 524;FALSE;78,3;$3,476;130,76;9,3;A;158 114;2012;8
34;17/08/2012;$1 013 821;FALSE;77,8;$3,552;130,79;9,3;A;158 114;2012;8
34;24/08/2012;$926 250;FALSE;72,4;$3,610;130,84;9,3;A;158 114;2012;8
34;31/08/2012;$933 488;FALSE;75,9;$3,646;130,89;9,3;A;158 114;2012;8
34;07/09/2012;$976 416;TRUE;78,3;$3,709;130,93;9,3;A;158 114;2012;9
34;14/09/2012;$955 212;FALSE;64,3;$3,706;130,98;9,3;A;158 114;2012;9
34;21/09/2012;$943 048;FALSE;66,1;$3,721;131,01;9,3;A;158 114;2012;9
34;28/09/2012;$928 629;FALSE;67,1;$3,666;131,04;9,3;A;158 114;2012;9
34;05/10/2012;$968 897;FALSE;65,4;$3,620;131,08;8,8;A;158 114;2012;10
34;12/10/2012;$948 613;FALSE;59,9;$3,603;131,11;8,8;A;158 114;2012;10
34;19/10/2012;$963 516;FALSE;58,5;$3,610;131,15;8,8;A;158 114;2012;10
34;26/10/2012;$956 988;FALSE;58,0;$3,514;131,19;8,8;A;158 114;2012;10
35;05/02/2010;$1 230 614;FALSE;27,2;$2,784;135,35;9,3;B;103 681;2010;2
35;12/02/2010;$1 168 815;TRUE;29,8;$2,773;135,41;9,3;B;103 681;2010;2
35;19/02/2010;$1 270 659;FALSE;32,4;$2,745;135,47;9,3;B;103 681;2010;2
35;26/02/2010;$1 020 652;FALSE;36,0;$2,754;135,52;9,3;B;103 681;2010;2
35;05/03/2010;$1 162 610;FALSE;38,1;$2,777;135,57;9,3;B;103 681;2010;3
35;12/03/2010;$1 150 344;FALSE;46,0;$2,818;135,63;9,3;B;103 681;2010;3
35;19/03/2010;$1 117 536;FALSE;49,0;$2,844;135,67;9,3;B;103 681;2010;3
35;26/03/2010;$1 078 900;FALSE;52,3;$2,854;135,71;9,3;B;103 681;2010;3
35;02/04/2010;$1 189 556;FALSE;46,9;$2,850;135,75;9,1;B;103 681;2010;4
35;09/04/2010;$1 198 015;FALSE;62,6;$2,869;135,79;9,1;B;103 681;2010;4
35;16/04/2010;$1 084 488;FALSE;55,0;$2,899;135,83;9,1;B;103 681;2010;4
35;23/04/2010;$1 110 827;FALSE;53,9;$2,902;135,87;9,1;B;103 681;2010;4
35;30/04/2010;$1 096 931;FALSE;53,6;$2,921;135,92;9,1;B;103 681;2010;4
35;07/05/2010;$1 182 100;FALSE;69,0;$2,966;135,96;9,1;B;103 681;2010;5
35;14/05/2010;$1 104 278;FALSE;53,8;$2,982;136,01;9,1;B;103 681;2010;5
35;21/05/2010;$1 078 182;FALSE;63,3;$2,958;136,08;9,1;B;103 681;2010;5
35;28/05/2010;$1 223 777;FALSE;67,9;$2,899;136,15;9,1;B;103 681;2010;5
35;04/06/2010;$1 282 379;FALSE;74,3;$2,847;136,22;9,1;B;103 681;2010;6
35;11/06/2010;$1 160 413;FALSE;68,9;$2,809;136,29;9,1;B;103 681;2010;6
35;18/06/2010;$1 198 026;FALSE;70,0;$2,780;136,32;9,1;B;103 681;2010;6
35;25/06/2010;$1 230 246;FALSE;78,0;$2,808;136,35;9,1;B;103 681;2010;6
35;02/07/2010;$1 245 827;FALSE;76,3;$2,815;136,37;8,9;B;103 681;2010;7
35;09/07/2010;$1 268 767;FALSE;82,7;$2,793;136,40;8,9;B;103 681;2010;7
35;16/07/2010;$1 124 415;FALSE;78,3;$2,783;136,42;8,9;B;103 681;2010;7
35;23/07/2010;$1 121 756;FALSE;81,6;$2,771;136,44;8,9;B;103 681;2010;7
35;30/07/2010;$1 139 132;FALSE;79,8;$2,781;136,46;8,9;B;103 681;2010;7
35;06/08/2010;$1 180 183;FALSE;77,5;$2,784;136,47;8,9;B;103 681;2010;8
35;13/08/2010;$1 090 588;FALSE;77,4;$2,805;136,49;8,9;B;103 681;2010;8
35;20/08/2010;$1 033 720;FALSE;75,2;$2,779;136,52;8,9;B;103 681;2010;8
35;27/08/2010;$917 693;FALSE;70,3;$2,755;136,56;8,9;B;103 681;2010;8
35;03/09/2010;$948 661;FALSE;78,5;$2,715;136,59;8,9;B;103 681;2010;9
35;10/09/2010;$961 686;TRUE;70,4;$2,699;136,62;8,9;B;103 681;2010;9
35;17/09/2010;$831 444;FALSE;64,5;$2,706;136,63;8,9;B;103 681;2010;9
35;24/09/2010;$758 070;FALSE;67,1;$2,713;136,63;8,9;B;103 681;2010;9
35;01/10/2010;$771 065;FALSE;70,2;$2,707;136,63;8,8;B;103 681;2010;10
35;08/10/2010;$874 615;FALSE;57,8;$2,764;136,63;8,8;B;103 681;2010;10
35;15/10/2010;$798 377;FALSE;58,4;$2,868;136,64;8,8;B;103 681;2010;10
35;22/10/2010;$827 706;FALSE;52,8;$2,917;136,69;8,8;B;103 681;2010;10
35;29/10/2010;$857 797;FALSE;61,0;$2,921;136,74;8,8;B;103 681;2010;10
35;05/11/2010;$843 755;FALSE;45,9;$2,917;136,79;8,8;B;103 681;2010;11
35;12/11/2010;$870 915;FALSE;45,9;$2,931;136,83;8,8;B;103 681;2010;11
35;19/11/2010;$846 850;FALSE;50,8;$3,000;136,77;8,8;B;103 681;2010;11
35;26/11/2010;$1 781 867;TRUE;46,7;$3,039;136,69;8,8;B;103 681;2010;11
35;03/12/2010;$982 599;FALSE;41,8;$3,046;136,61;8,8;B;103 681;2010;12
35;10/12/2010;$1 108 580;FALSE;30,8;$3,109;136,53;8,8;B;103 681;2010;12
35;17/12/2010;$1 314 987;FALSE;31,6;$3,140;136,53;8,8;B;103 681;2010;12
35;24/12/2010;$1 779 237;FALSE;31,3;$3,141;136,60;8,8;B;103 681;2010;12
35;31/12/2010;$576 332;TRUE;29,6;$3,179;136,67;8,8;B;103 681;2010;12
35;07/01/2011;$649 290;FALSE;34,4;$3,193;136,73;8,5;B;103 681;2011;1
35;14/01/2011;$687 671;FALSE;25,7;$3,205;136,80;8,5;B;103 681;2011;1
35;21/01/2011;$659 902;FALSE;30,1;$3,229;136,89;8,5;B;103 681;2011;1
35;28/01/2011;$633 290;FALSE;23,6;$3,237;136,97;8,5;B;103 681;2011;1
35;04/02/2011;$747 577;FALSE;28,7;$3,231;137,05;8,5;B;103 681;2011;2
35;11/02/2011;$859 258;TRUE;30,5;$3,239;137,14;8,5;B;103 681;2011;2
35;18/02/2011;$865 306;FALSE;39,3;$3,245;137,25;8,5;B;103 681;2011;2
35;25/02/2011;$841 129;FALSE;33,1;$3,274;137,38;8,5;B;103 681;2011;2
35;04/03/2011;$850 449;FALSE;37,0;$3,433;137,50;8,5;B;103 681;2011;3
35;11/03/2011;$830 601;FALSE;43,6;$3,582;137,63;8,5;B;103 681;2011;3
35;18/03/2011;$800 663;FALSE;46,7;$3,631;137,74;8,5;B;103 681;2011;3
35;25/03/2011;$762 184;FALSE;40,1;$3,625;137,85;8,5;B;103 681;2011;3
35;01/04/2011;$762 621;FALSE;37,3;$3,638;137,96;8,5;B;103 681;2011;4
35;08/04/2011;$813 352;FALSE;46,9;$3,720;138,06;8,5;B;103 681;2011;4
35;15/04/2011;$795 157;FALSE;52,2;$3,821;138,16;8,5;B;103 681;2011;4
35;22/04/2011;$841 778;FALSE;50,0;$3,892;138,25;8,5;B;103 681;2011;4
35;29/04/2011;$811 824;FALSE;61,7;$3,962;138,33;8,5;B;103 681;2011;4
35;06/05/2011;$835 181;FALSE;56,5;$4,046;138,41;8,5;B;103 681;2011;5
35;13/05/2011;$826 156;FALSE;60,1;$4,066;138,50;8,5;B;103 681;2011;5
35;20/05/2011;$776 839;FALSE;60,2;$4,062;138,59;8,5;B;103 681;2011;5
35;27/05/2011;$850 709;FALSE;66,4;$3,985;138,68;8,5;B;103 681;2011;5
35;03/06/2011;$955 467;FALSE;74,2;$3,922;138,77;8,5;B;103 681;2011;6
35;10/06/2011;$855 130;FALSE;73,3;$3,881;138,86;8,5;B;103 681;2011;6
35;17/06/2011;$828 595;FALSE;67,0;$3,842;139,00;8,5;B;103 681;2011;6
35;24/06/2011;$849 398;FALSE;72,0;$3,804;139,18;8,5;B;103 681;2011;6
35;01/07/2011;$874 454;FALSE;73,8;$3,748;139,36;8,7;B;103 681;2011;7
35;08/07/2011;$827 718;FALSE;76,9;$3,711;139,54;8,7;B;103 681;2011;7
35;15/07/2011;$813 846;FALSE;77,8;$3,760;139,70;8,7;B;103 681;2011;7
35;22/07/2011;$820 188;FALSE;82,3;$3,811;139,80;8,7;B;103 681;2011;7
35;29/07/2011;$770 820;FALSE;79,4;$3,829;139,89;8,7;B;103 681;2011;7
35;05/08/2011;$826 821;FALSE;78,1;$3,842;139,99;8,7;B;103 681;2011;8
35;12/08/2011;$819 912;FALSE;76,7;$3,812;140,09;8,7;B;103 681;2011;8
35;19/08/2011;$820 288;FALSE;73,0;$3,747;140,13;8,7;B;103 681;2011;8
35;26/08/2011;$897 037;FALSE;72,9;$3,704;140,16;8,7;B;103 681;2011;8
35;02/09/2011;$813 487;FALSE;71,4;$3,703;140,20;8,7;B;103 681;2011;9
35;09/09/2011;$922 441;TRUE;70,9;$3,738;140,23;8,7;B;103 681;2011;9
35;16/09/2011;$738 792;FALSE;69,7;$3,742;140,27;8,7;B;103 681;2011;9
35;23/09/2011;$705 802;FALSE;63,6;$3,711;140,33;8,7;B;103 681;2011;9
35;30/09/2011;$749 677;FALSE;70,9;$3,645;140,38;8,7;B;103 681;2011;9
35;07/10/2011;$791 638;FALSE;56,9;$3,583;140,43;8,7;B;103 681;2011;10
35;14/10/2011;$772 859;FALSE;64,8;$3,541;140,48;8,7;B;103 681;2011;10
35;21/10/2011;$811 328;FALSE;59,6;$3,570;140,46;8,7;B;103 681;2011;10
35;28/10/2011;$808 822;FALSE;51,8;$3,569;140,44;8,7;B;103 681;2011;10
35;04/11/2011;$653 469;FALSE;44,5;$3,551;140,43;8,7;B;103 681;2011;11
35;11/11/2011;$880 576;FALSE;49,7;$3,530;140,41;8,7;B;103 681;2011;11
35;18/11/2011;$820 964;FALSE;51,4;$3,530;140,41;8,7;B;103 681;2011;11
35;25/11/2011;$1 733 822;TRUE;47,9;$3,492;140,42;8,7;B;103 681;2011;11
35;02/12/2011;$903 606;FALSE;50,6;$3,452;140,43;8,7;B;103 681;2011;12
35;09/12/2011;$948 965;FALSE;46,3;$3,415;140,44;8,7;B;103 681;2011;12
35;16/12/2011;$1 115 256;FALSE;40,7;$3,413;140,47;8,7;B;103 681;2011;12
35;23/12/2011;$1 550 214;FALSE;41,6;$3,389;140,53;8,7;B;103 681;2011;12
35;30/12/2011;$904 651;TRUE;37,9;$3,389;140,59;8,7;B;103 681;2011;12
35;06/01/2012;$671 708;FALSE;35,8;$3,422;140,65;8,7;B;103 681;2012;1
35;13/01/2012;$625 135;FALSE;41,3;$3,513;140,70;8,7;B;103 681;2012;1
35;20/01/2012;$669 850;FALSE;30,4;$3,533;140,81;8,7;B;103 681;2012;1
35;27/01/2012;$588 723;FALSE;37,0;$3,567;140,91;8,7;B;103 681;2012;1
35;03/02/2012;$746 901;FALSE;42,5;$3,617;141,02;8,7;B;103 681;2012;2
35;10/02/2012;$849 779;TRUE;37,9;$3,640;141,12;8,7;B;103 681;2012;2
35;17/02/2012;$824 568;FALSE;37,2;$3,695;141,21;8,7;B;103 681;2012;2
35;24/02/2012;$805 029;FALSE;41,7;$3,739;141,30;8,7;B;103 681;2012;2
35;02/03/2012;$766 571;FALSE;40,1;$3,816;141,39;8,7;B;103 681;2012;3
35;09/03/2012;$796 351;FALSE;44,3;$3,848;141,47;8,7;B;103 681;2012;3
35;16/03/2012;$793 046;FALSE;49,6;$3,862;141,55;8,7;B;103 681;2012;3
35;23/03/2012;$760 671;FALSE;57,3;$3,900;141,63;8,7;B;103 681;2012;3
35;30/03/2012;$744 526;FALSE;49,4;$3,953;141,70;8,7;B;103 681;2012;3
35;06/04/2012;$860 293;FALSE;48,7;$3,996;141,77;8,9;B;103 681;2012;4
35;13/04/2012;$788 633;FALSE;52,2;$4,044;141,84;8,9;B;103 681;2012;4
35;20/04/2012;$794 660;FALSE;62,6;$4,027;141,90;8,9;B;103 681;2012;4
35;27/04/2012;$721 212;FALSE;52,3;$4,004;141,96;8,9;B;103 681;2012;4
35;04/05/2012;$772 037;FALSE;53,7;$3,951;142,02;8,9;B;103 681;2012;5
35;11/05/2012;$802 384;FALSE;59,0;$3,889;142,08;8,9;B;103 681;2012;5
35;18/05/2012;$819 197;FALSE;65,2;$3,848;142,10;8,9;B;103 681;2012;5
35;25/05/2012;$822 167;FALSE;64,8;$3,798;142,10;8,9;B;103 681;2012;5
35;01/06/2012;$932 196;FALSE;73,4;$3,742;142,11;8,9;B;103 681;2012;6
35;08/06/2012;$873 415;FALSE;64,1;$3,689;142,12;8,9;B;103 681;2012;6
35;15/06/2012;$848 289;FALSE;69,5;$3,620;142,13;8,9;B;103 681;2012;6
35;22/06/2012;$911 696;FALSE;73,2;$3,564;142,16;8,9;B;103 681;2012;6
35;29/06/2012;$892 133;FALSE;73,9;$3,506;142,19;8,9;B;103 681;2012;6
35;06/07/2012;$985 480;FALSE;82,1;$3,475;142,22;8,8;B;103 681;2012;7
35;13/07/2012;$825 763;FALSE;79,0;$3,523;142,25;8,8;B;103 681;2012;7
35;20/07/2012;$841 225;FALSE;78,6;$3,567;142,23;8,8;B;103 681;2012;7
35;27/07/2012;$808 030;FALSE;76,0;$3,647;142,21;8,8;B;103 681;2012;7
35;03/08/2012;$866 216;FALSE;75,2;$3,654;142,19;8,8;B;103 681;2012;8
35;10/08/2012;$888 369;FALSE;78,4;$3,722;142,17;8,8;B;103 681;2012;8
35;17/08/2012;$887 979;FALSE;76,5;$3,807;142,22;8,8;B;103 681;2012;8
35;24/08/2012;$895 275;FALSE;72,9;$3,834;142,31;8,8;B;103 681;2012;8
35;31/08/2012;$931 279;FALSE;75,0;$3,867;142,41;8,8;B;103 681;2012;8
35;07/09/2012;$984 833;TRUE;76,0;$3,911;142,50;8,8;B;103 681;2012;9
35;14/09/2012;$821 569;FALSE;68,7;$3,948;142,59;8,8;B;103 681;2012;9
35;21/09/2012;$772 303;FALSE;66,1;$4,038;142,68;8,8;B;103 681;2012;9
35;28/09/2012;$814 100;FALSE;64,9;$3,997;142,77;8,8;B;103 681;2012;9
35;05/10/2012;$866 064;FALSE;64,5;$3,985;142,85;8,7;B;103 681;2012;10
35;12/10/2012;$873 643;FALSE;55,4;$4,000;142,94;8,7;B;103 681;2012;10
35;19/10/2012;$829 285;FALSE;56,5;$3,969;142,86;8,7;B;103 681;2012;10
35;26/10/2012;$865 138;FALSE;59,0;$3,882;142,76;8,7;B;103 681;2012;10
36;05/02/2010;$467 547;FALSE;46,0;$2,545;209,85;8,6;A;39 910;2010;2
36;12/02/2010;$469 564;TRUE;46,1;$2,539;210,00;8,6;A;39 910;2010;2
36;19/02/2010;$470 281;FALSE;45,7;$2,472;210,05;8,6;A;39 910;2010;2
36;26/02/2010;$447 519;FALSE;50,9;$2,520;210,08;8,6;A;39 910;2010;2
36;05/03/2010;$480 203;FALSE;51,3;$2,574;210,11;8,6;A;39 910;2010;3
36;12/03/2010;$441 434;FALSE;62,0;$2,619;210,14;8,6;A;39 910;2010;3
36;19/03/2010;$428 852;FALSE;59,6;$2,701;209,98;8,6;A;39 910;2010;3
36;26/03/2010;$404 439;FALSE;55,8;$2,711;209,79;8,6;A;39 910;2010;3
36;02/04/2010;$435 973;FALSE;63,4;$2,708;209,59;8,5;A;39 910;2010;4
36;09/04/2010;$453 017;FALSE;68,5;$2,743;209,40;8,5;A;39 910;2010;4
36;16/04/2010;$483 700;FALSE;66,7;$2,769;209,27;8,5;A;39 910;2010;4
36;23/04/2010;$434 117;FALSE;68,0;$2,762;209,22;8,5;A;39 910;2010;4
36;30/04/2010;$457 900;FALSE;70,9;$2,725;209,17;8,5;A;39 910;2010;4
36;07/05/2010;$489 372;FALSE;75,6;$2,786;209,12;8,5;A;39 910;2010;5
36;14/05/2010;$476 734;FALSE;77,5;$2,805;209,12;8,5;A;39 910;2010;5
36;21/05/2010;$474 918;FALSE;77,3;$2,767;209,39;8,5;A;39 910;2010;5
36;28/05/2010;$447 050;FALSE;80,9;$2,716;209,67;8,5;A;39 910;2010;5
36;04/06/2010;$471 089;FALSE;79,9;$2,664;209,94;8,5;A;39 910;2010;6
36;11/06/2010;$467 711;FALSE;82,3;$2,615;210,21;8,5;A;39 910;2010;6
36;18/06/2010;$485 695;FALSE;84,4;$2,572;210,21;8,5;A;39 910;2010;6
36;25/06/2010;$434 880;FALSE;84,1;$2,601;210,10;8,5;A;39 910;2010;6
36;02/07/2010;$434 252;FALSE;81,9;$2,606;209,98;8,4;A;39 910;2010;7
36;09/07/2010;$471 714;FALSE;81,7;$2,596;209,87;8,4;A;39 910;2010;7
36;16/07/2010;$466 962;FALSE;84,4;$2,561;209,86;8,4;A;39 910;2010;7
36;23/07/2010;$452 021;FALSE;82,6;$2,542;210,00;8,4;A;39 910;2010;7
36;30/07/2010;$432 452;FALSE;81,9;$2,602;210,13;8,4;A;39 910;2010;7
36;06/08/2010;$467 443;FALSE;85,5;$2,573;210,26;8,4;A;39 910;2010;8
36;13/08/2010;$470 437;FALSE;86,1;$2,644;210,39;8,4;A;39 910;2010;8
36;20/08/2010;$437 950;FALSE;85,5;$2,604;210,36;8,4;A;39 910;2010;8
36;27/08/2010;$412 051;FALSE;84,6;$2,562;210,33;8,4;A;39 910;2010;8
36;03/09/2010;$431 294;FALSE;82,3;$2,533;210,30;8,4;A;39 910;2010;9
36;10/09/2010;$434 471;TRUE;80,6;$2,513;210,26;8,4;A;39 910;2010;9
36;17/09/2010;$454 694;FALSE;82,1;$2,550;210,29;8,4;A;39 910;2010;9
36;24/09/2010;$419 349;FALSE;79,2;$2,578;210,37;8,4;A;39 910;2010;9
36;01/10/2010;$422 169;FALSE;74,7;$2,567;210,44;8,5;A;39 910;2010;10
36;08/10/2010;$444 352;FALSE;66,3;$2,595;210,51;8,5;A;39 910;2010;10
36;15/10/2010;$453 308;FALSE;71,6;$2,705;210,58;8,5;A;39 910;2010;10
36;22/10/2010;$424 956;FALSE;72,2;$2,698;210,63;8,5;A;39 910;2010;10
36;29/10/2010;$392 654;FALSE;76,2;$2,680;210,67;8,5;A;39 910;2010;10
36;05/11/2010;$405 860;FALSE;62,7;$2,655;210,72;8,5;A;39 910;2010;11
36;12/11/2010;$425 805;FALSE;62,0;$2,705;210,77;8,5;A;39 910;2010;11
36;19/11/2010;$411 616;FALSE;56,7;$2,741;210,65;8,5;A;39 910;2010;11
36;26/11/2010;$408 891;TRUE;67,7;$2,725;210,52;8,5;A;39 910;2010;11
36;03/12/2010;$360 266;FALSE;54,4;$2,694;210,38;8,5;A;39 910;2010;12
36;10/12/2010;$404 545;FALSE;51,8;$2,813;210,24;8,5;A;39 910;2010;12
36;17/12/2010;$410 215;FALSE;56,7;$2,852;210,18;8,5;A;39 910;2010;12
36;24/12/2010;$422 094;FALSE;59,1;$2,863;210,18;8,5;A;39 910;2010;12
36;31/12/2010;$359 311;TRUE;52,9;$2,949;210,18;8,5;A;39 910;2010;12
36;07/01/2011;$384 660;FALSE;54,1;$2,942;210,18;8,4;A;39 910;2011;1
36;14/01/2011;$410 498;FALSE;42,9;$2,971;210,24;8,4;A;39 910;2011;1
36;21/01/2011;$399 191;FALSE;51,2;$2,980;210,60;8,4;A;39 910;2011;1
36;28/01/2011;$372 174;FALSE;48,7;$2,995;210,97;8,4;A;39 910;2011;1
36;04/02/2011;$417 522;FALSE;46,7;$2,980;211,33;8,4;A;39 910;2011;2
36;11/02/2011;$401 501;TRUE;41,2;$3,009;211,70;8,4;A;39 910;2011;2
36;18/02/2011;$427 175;FALSE;57,5;$3,017;212,01;8,4;A;39 910;2011;2
36;25/02/2011;$380 279;FALSE;67,7;$3,053;212,29;8,4;A;39 910;2011;2
36;04/03/2011;$402 580;FALSE;64,6;$3,282;212,58;8,4;A;39 910;2011;3
36;11/03/2011;$407 507;FALSE;59,2;$3,448;212,86;8,4;A;39 910;2011;3
36;18/03/2011;$431 412;FALSE;64,9;$3,487;213,11;8,4;A;39 910;2011;3
36;25/03/2011;$390 732;FALSE;71,1;$3,488;213,34;8,4;A;39 910;2011;3
36;01/04/2011;$385 672;FALSE;67,3;$3,529;213,58;8,3;A;39 910;2011;4
36;08/04/2011;$428 728;FALSE;69,4;$3,645;213,81;8,3;A;39 910;2011;4
36;15/04/2011;$414 987;FALSE;73,3;$3,763;214,03;8,3;A;39 910;2011;4
36;22/04/2011;$374 575;FALSE;74,6;$3,805;214,19;8,3;A;39 910;2011;4
36;29/04/2011;$340 709;FALSE;76,1;$3,837;214,36;8,3;A;39 910;2011;4
36;06/05/2011;$393 401;FALSE;69,6;$3,917;214,52;8,3;A;39 910;2011;5
36;13/05/2011;$395 317;FALSE;76,7;$3,920;214,69;8,3;A;39 910;2011;5
36;20/05/2011;$376 183;FALSE;73,0;$3,925;214,47;8,3;A;39 910;2011;5
36;27/05/2011;$348 655;FALSE;81,3;$3,786;214,24;8,3;A;39 910;2011;5
36;03/06/2011;$373 704;FALSE;83,0;$3,690;214,02;8,3;A;39 910;2011;6
36;10/06/2011;$374 182;FALSE;82,4;$3,633;213,79;8,3;A;39 910;2011;6
36;17/06/2011;$394 645;FALSE;84,4;$3,599;213,75;8,3;A;39 910;2011;6
36;24/06/2011;$360 010;FALSE;84,0;$3,569;213,84;8,3;A;39 910;2011;6
36;01/07/2011;$354 271;FALSE;85,3;$3,502;213,93;8,2;A;39 910;2011;7
36;08/07/2011;$377 465;FALSE;84,7;$3,440;214,02;8,2;A;39 910;2011;7
36;15/07/2011;$385 631;FALSE;85,6;$3,550;214,11;8,2;A;39 910;2011;7
36;22/07/2011;$361 311;FALSE;83,3;$3,637;214,17;8,2;A;39 910;2011;7
36;29/07/2011;$354 361;FALSE;85,0;$3,660;214,23;8,2;A;39 910;2011;7
36;05/08/2011;$381 018;FALSE;86,7;$3,652;214,30;8,2;A;39 910;2011;8
36;12/08/2011;$380 189;FALSE;87,6;$3,608;214,36;8,2;A;39 910;2011;8
36;19/08/2011;$373 268;FALSE;87,2;$3,534;214,42;8,2;A;39 910;2011;8
36;26/08/2011;$344 964;FALSE;86,0;$3,501;214,49;8,2;A;39 910;2011;8
36;02/09/2011;$350 276;FALSE;87,5;$3,481;214,55;8,2;A;39 910;2011;9
36;09/09/2011;$352 961;TRUE;77,9;$3,499;214,62;8,2;A;39 910;2011;9
36;16/09/2011;$343 108;FALSE;82,1;$3,473;214,79;8,2;A;39 910;2011;9
36;23/09/2011;$322 405;FALSE;78,4;$3,441;215,12;8,2;A;39 910;2011;9
36;30/09/2011;$314 910;FALSE;81,5;$3,328;215,45;8,2;A;39 910;2011;9
36;07/10/2011;$346 138;FALSE;71,2;$3,262;215,78;7,7;A;39 910;2011;10
36;14/10/2011;$342 077;FALSE;74,2;$3,234;216,09;7,7;A;39 910;2011;10
36;21/10/2011;$328 633;FALSE;67,9;$3,308;216,25;7,7;A;39 910;2011;10
36;28/10/2011;$306 194;FALSE;71,3;$3,306;216,41;7,7;A;39 910;2011;10
36;04/11/2011;$313 387;FALSE;59,0;$3,287;216,56;7,7;A;39 910;2011;11
36;11/11/2011;$328 499;FALSE;63,5;$3,254;216,72;7,7;A;39 910;2011;11
36;18/11/2011;$332 902;FALSE;66,3;$3,260;216,94;7,7;A;39 910;2011;11
36;25/11/2011;$332 812;TRUE;66,4;$3,181;217,18;7,7;A;39 910;2011;11
36;02/12/2011;$293 351;FALSE;53,6;$3,164;217,42;7,7;A;39 910;2011;12
36;09/12/2011;$312 298;FALSE;50,6;$3,147;217,66;7,7;A;39 910;2011;12
36;16/12/2011;$341 504;FALSE;58,3;$3,133;217,88;7,7;A;39 910;2011;12
36;23/12/2011;$325 262;FALSE;55,4;$3,098;218,05;7,7;A;39 910;2011;12
36;30/12/2011;$287 425;TRUE;48,3;$3,132;218,23;7,7;A;39 910;2011;12
36;06/01/2012;$329 468;FALSE;57,2;$3,129;218,41;7,2;A;39 910;2012;1
36;13/01/2012;$325 976;FALSE;56,3;$3,254;218,58;7,2;A;39 910;2012;1
36;20/01/2012;$330 927;FALSE;58,9;$3,275;218,68;7,2;A;39 910;2012;1
36;27/01/2012;$301 445;FALSE;62,7;$3,313;218,77;7,2;A;39 910;2012;1
36;03/02/2012;$310 983;FALSE;61,3;$3,421;218,86;7,2;A;39 910;2012;2
36;10/02/2012;$335 742;TRUE;54,5;$3,462;218,96;7,2;A;39 910;2012;2
36;17/02/2012;$326 317;FALSE;54,4;$3,503;219,11;7,2;A;39 910;2012;2
36;24/02/2012;$313 270;FALSE;62,2;$3,550;219,32;7,2;A;39 910;2012;2
36;02/03/2012;$315 397;FALSE;64,5;$3,619;219,53;7,2;A;39 910;2012;3
36;09/03/2012;$318 675;FALSE;63,2;$3,647;219,74;7,2;A;39 910;2012;3
36;16/03/2012;$335 346;FALSE;67,5;$3,779;219,90;7,2;A;39 910;2012;3
36;23/03/2012;$317 873;FALSE;69,2;$3,845;219,97;7,2;A;39 910;2012;3
36;30/03/2012;$304 145;FALSE;70,5;$3,891;220,05;7,2;A;39 910;2012;3
36;06/04/2012;$331 026;FALSE;74,0;$3,934;220,12;7,0;A;39 910;2012;4
36;13/04/2012;$339 408;FALSE;72,5;$3,919;220,20;7,0;A;39 910;2012;4
36;20/04/2012;$323 915;FALSE;70,9;$3,918;220,25;7,0;A;39 910;2012;4
36;27/04/2012;$308 390;FALSE;70,1;$3,888;220,30;7,0;A;39 910;2012;4
36;04/05/2012;$312 468;FALSE;77,2;$3,835;220,35;7,0;A;39 910;2012;5
36;11/05/2012;$330 518;FALSE;76,6;$3,764;220,41;7,0;A;39 910;2012;5
36;18/05/2012;$324 801;FALSE;73,7;$3,713;220,43;7,0;A;39 910;2012;5
36;25/05/2012;$306 098;FALSE;78,9;$3,636;220,43;7,0;A;39 910;2012;5
36;01/06/2012;$306 006;FALSE;80,7;$3,567;220,43;7,0;A;39 910;2012;6
36;08/06/2012;$338 273;FALSE;81,5;$3,513;220,44;7,0;A;39 910;2012;6
36;15/06/2012;$333 147;FALSE;82,2;$3,407;220,45;7,0;A;39 910;2012;6
36;22/06/2012;$306 411;FALSE;80,4;$3,358;220,49;7,0;A;39 910;2012;6
36;29/06/2012;$291 530;FALSE;86,7;$3,273;220,53;7,0;A;39 910;2012;6
36;06/07/2012;$306 579;FALSE;81,5;$3,232;220,57;6,6;A;39 910;2012;7
36;13/07/2012;$298 337;FALSE;78,2;$3,245;220,61;6,6;A;39 910;2012;7
36;20/07/2012;$303 290;FALSE;81,8;$3,301;220,61;6,6;A;39 910;2012;7
36;27/07/2012;$279 643;FALSE;84,0;$3,392;220,62;6,6;A;39 910;2012;7
36;03/08/2012;$304 990;FALSE;85,6;$3,404;220,63;6,6;A;39 910;2012;8
36;10/08/2012;$298 948;FALSE;84,4;$3,490;220,64;6,6;A;39 910;2012;8
36;17/08/2012;$314 607;FALSE;85,9;$3,571;220,72;6,6;A;39 910;2012;8
36;24/08/2012;$282 546;FALSE;81,3;$3,574;220,85;6,6;A;39 910;2012;8
36;31/08/2012;$282 647;FALSE;84,8;$3,608;220,99;6,6;A;39 910;2012;8
36;07/09/2012;$293 729;TRUE;84,2;$3,697;221,12;6,6;A;39 910;2012;9
36;14/09/2012;$301 894;FALSE;78,2;$3,692;221,26;6,6;A;39 910;2012;9
36;21/09/2012;$293 804;FALSE;76,0;$3,709;221,46;6,6;A;39 910;2012;9
36;28/09/2012;$270 678;FALSE;79,5;$3,660;221,66;6,6;A;39 910;2012;9
36;05/10/2012;$277 138;FALSE;73,6;$3,611;221,85;6,2;A;39 910;2012;10
36;12/10/2012;$300 237;FALSE;71,3;$3,576;222,05;6,2;A;39 910;2012;10
36;19/10/2012;$287 360;FALSE;74,1;$3,570;222,10;6,2;A;39 910;2012;10
36;26/10/2012;$272 489;FALSE;74,4;$3,494;222,11;6,2;A;39 910;2012;10
37;05/02/2010;$536 007;FALSE;46,0;$2,572;209,85;8,6;C;39 910;2010;2
37;12/02/2010;$529 853;TRUE;46,1;$2,548;210,00;8,6;C;39 910;2010;2
37;19/02/2010;$510 383;FALSE;45,7;$2,514;210,05;8,6;C;39 910;2010;2
37;26/02/2010;$513 616;FALSE;50,9;$2,561;210,08;8,6;C;39 910;2010;2
37;05/03/2010;$519 256;FALSE;51,3;$2,625;210,11;8,6;C;39 910;2010;3
37;12/03/2010;$513 015;FALSE;62,0;$2,667;210,14;8,6;C;39 910;2010;3
37;19/03/2010;$460 021;FALSE;59,6;$2,720;209,98;8,6;C;39 910;2010;3
37;26/03/2010;$515 778;FALSE;55,8;$2,732;209,79;8,6;C;39 910;2010;3
37;02/04/2010;$540 190;FALSE;63,4;$2,719;209,59;8,5;C;39 910;2010;4
37;09/04/2010;$513 328;FALSE;68,5;$2,770;209,40;8,5;C;39 910;2010;4
37;16/04/2010;$524 545;FALSE;66,7;$2,808;209,27;8,5;C;39 910;2010;4
37;23/04/2010;$527 020;FALSE;68,0;$2,795;209,22;8,5;C;39 910;2010;4
37;30/04/2010;$517 851;FALSE;70,9;$2,780;209,17;8,5;C;39 910;2010;4
37;07/05/2010;$543 235;FALSE;75,6;$2,835;209,12;8,5;C;39 910;2010;5
37;14/05/2010;$505 196;FALSE;77,5;$2,854;209,12;8,5;C;39 910;2010;5
37;21/05/2010;$510 495;FALSE;77,3;$2,826;209,39;8,5;C;39 910;2010;5
37;28/05/2010;$532 241;FALSE;80,9;$2,759;209,67;8,5;C;39 910;2010;5
37;04/06/2010;$479 195;FALSE;79,9;$2,705;209,94;8,5;C;39 910;2010;6
37;11/06/2010;$481 915;FALSE;82,3;$2,668;210,21;8,5;C;39 910;2010;6
37;18/06/2010;$505 762;FALSE;84,4;$2,637;210,21;8,5;C;39 910;2010;6
37;25/06/2010;$485 419;FALSE;84,1;$2,653;210,10;8,5;C;39 910;2010;6
37;02/07/2010;$498 293;FALSE;81,9;$2,669;209,98;8,4;C;39 910;2010;7
37;09/07/2010;$502 456;FALSE;81,7;$2,642;209,87;8,4;C;39 910;2010;7
37;16/07/2010;$485 150;FALSE;84,4;$2,623;209,86;8,4;C;39 910;2010;7
37;23/07/2010;$491 998;FALSE;82,6;$2,608;210,00;8,4;C;39 910;2010;7
37;30/07/2010;$487 913;FALSE;81,9;$2,640;210,13;8,4;C;39 910;2010;7
37;06/08/2010;$508 577;FALSE;85,5;$2,627;210,26;8,4;C;39 910;2010;8
37;13/08/2010;$491 816;FALSE;86,1;$2,692;210,39;8,4;C;39 910;2010;8
37;20/08/2010;$486 931;FALSE;85,5;$2,664;210,36;8,4;C;39 910;2010;8
37;27/08/2010;$512 157;FALSE;84,6;$2,619;210,33;8,4;C;39 910;2010;8
37;03/09/2010;$510 428;FALSE;82,3;$2,577;210,30;8,4;C;39 910;2010;9
37;10/09/2010;$510 296;TRUE;80,6;$2,565;210,26;8,4;C;39 910;2010;9
37;17/09/2010;$501 251;FALSE;82,1;$2,582;210,29;8,4;C;39 910;2010;9
37;24/09/2010;$494 265;FALSE;79,2;$2,624;210,37;8,4;C;39 910;2010;9
37;01/10/2010;$529 878;FALSE;74,7;$2,603;210,44;8,5;C;39 910;2010;10
37;08/10/2010;$524 484;FALSE;66,3;$2,633;210,51;8,5;C;39 910;2010;10
37;15/10/2010;$498 926;FALSE;71,6;$2,720;210,58;8,5;C;39 910;2010;10
37;22/10/2010;$510 425;FALSE;72,2;$2,725;210,63;8,5;C;39 910;2010;10
37;29/10/2010;$514 486;FALSE;76,2;$2,716;210,67;8,5;C;39 910;2010;10
37;05/11/2010;$539 683;FALSE;62,7;$2,689;210,72;8,5;C;39 910;2010;11
37;12/11/2010;$517 547;FALSE;62,0;$2,728;210,77;8,5;C;39 910;2010;11
37;19/11/2010;$518 124;FALSE;56,7;$2,771;210,65;8,5;C;39 910;2010;11
37;26/11/2010;$518 221;TRUE;67,7;$2,735;210,52;8,5;C;39 910;2010;11
37;03/12/2010;$508 213;FALSE;54,4;$2,708;210,38;8,5;C;39 910;2010;12
37;10/12/2010;$511 208;FALSE;51,8;$2,843;210,24;8,5;C;39 910;2010;12
37;17/12/2010;$534 285;FALSE;56,7;$2,869;210,18;8,5;C;39 910;2010;12
37;24/12/2010;$576 810;FALSE;59,1;$2,886;210,18;8,5;C;39 910;2010;12
37;31/12/2010;$460 332;TRUE;52,9;$2,943;210,18;8,5;C;39 910;2010;12
37;07/01/2011;$542 464;FALSE;54,1;$2,976;210,18;8,4;C;39 910;2011;1
37;14/01/2011;$525 617;FALSE;42,9;$2,983;210,24;8,4;C;39 910;2011;1
37;21/01/2011;$526 487;FALSE;51,2;$3,016;210,60;8,4;C;39 910;2011;1
37;28/01/2011;$513 672;FALSE;48,7;$3,010;210,97;8,4;C;39 910;2011;1
37;04/02/2011;$583 835;FALSE;46,7;$2,989;211,33;8,4;C;39 910;2011;2
37;11/02/2011;$522 514;TRUE;41,2;$3,022;211,70;8,4;C;39 910;2011;2
37;18/02/2011;$536 841;FALSE;57,5;$3,045;212,01;8,4;C;39 910;2011;2
37;25/02/2011;$514 758;FALSE;67,7;$3,065;212,29;8,4;C;39 910;2011;2
37;04/03/2011;$527 572;FALSE;64,6;$3,288;212,58;8,4;C;39 910;2011;3
37;11/03/2011;$505 610;FALSE;59,2;$3,459;212,86;8,4;C;39 910;2011;3
37;18/03/2011;$478 503;FALSE;64,9;$3,488;213,11;8,4;C;39 910;2011;3
37;25/03/2011;$522 106;FALSE;71,1;$3,473;213,34;8,4;C;39 910;2011;3
37;01/04/2011;$534 579;FALSE;67,3;$3,524;213,58;8,3;C;39 910;2011;4
37;08/04/2011;$543 703;FALSE;69,4;$3,622;213,81;8,3;C;39 910;2011;4
37;15/04/2011;$543 776;FALSE;73,3;$3,743;214,03;8,3;C;39 910;2011;4
37;22/04/2011;$526 434;FALSE;74,6;$3,807;214,19;8,3;C;39 910;2011;4
37;29/04/2011;$502 918;FALSE;76,1;$3,810;214,36;8,3;C;39 910;2011;4
37;06/05/2011;$547 513;FALSE;69,6;$3,906;214,52;8,3;C;39 910;2011;5
37;13/05/2011;$511 872;FALSE;76,7;$3,899;214,69;8,3;C;39 910;2011;5
37;20/05/2011;$533 564;FALSE;73,0;$3,907;214,47;8,3;C;39 910;2011;5
37;27/05/2011;$507 087;FALSE;81,3;$3,786;214,24;8,3;C;39 910;2011;5
37;03/06/2011;$500 381;FALSE;83,0;$3,699;214,02;8,3;C;39 910;2011;6
37;10/06/2011;$509 647;FALSE;82,4;$3,648;213,79;8,3;C;39 910;2011;6
37;17/06/2011;$525 132;FALSE;84,4;$3,637;213,75;8,3;C;39 910;2011;6
37;24/06/2011;$509 276;FALSE;84,0;$3,594;213,84;8,3;C;39 910;2011;6
37;01/07/2011;$517 021;FALSE;85,3;$3,524;213,93;8,2;C;39 910;2011;7
37;08/07/2011;$489 060;FALSE;84,7;$3,480;214,02;8,2;C;39 910;2011;7
37;15/07/2011;$498 750;FALSE;85,6;$3,575;214,11;8,2;C;39 910;2011;7
37;22/07/2011;$505 544;FALSE;83,3;$3,651;214,17;8,2;C;39 910;2011;7
37;29/07/2011;$504 975;FALSE;85,0;$3,682;214,23;8,2;C;39 910;2011;7
37;05/08/2011;$510 787;FALSE;86,7;$3,684;214,30;8,2;C;39 910;2011;8
37;12/08/2011;$502 504;FALSE;87,6;$3,638;214,36;8,2;C;39 910;2011;8
37;19/08/2011;$506 898;FALSE;87,2;$3,554;214,42;8,2;C;39 910;2011;8
37;26/08/2011;$527 947;FALSE;86,0;$3,523;214,49;8,2;C;39 910;2011;8
37;02/09/2011;$530 368;FALSE;87,5;$3,533;214,55;8,2;C;39 910;2011;9
37;09/09/2011;$506 274;TRUE;77,9;$3,546;214,62;8,2;C;39 910;2011;9
37;16/09/2011;$513 342;FALSE;82,1;$3,526;214,79;8,2;C;39 910;2011;9
37;23/09/2011;$516 557;FALSE;78,4;$3,467;215,12;8,2;C;39 910;2011;9
37;30/09/2011;$516 402;FALSE;81,5;$3,355;215,45;8,2;C;39 910;2011;9
37;07/10/2011;$522 817;FALSE;71,2;$3,285;215,78;7,7;C;39 910;2011;10
37;14/10/2011;$513 636;FALSE;74,2;$3,274;216,09;7,7;C;39 910;2011;10
37;21/10/2011;$522 784;FALSE;67,9;$3,353;216,25;7,7;C;39 910;2011;10
37;28/10/2011;$517 355;FALSE;71,3;$3,372;216,41;7,7;C;39 910;2011;10
37;04/11/2011;$555 926;FALSE;59,0;$3,332;216,56;7,7;C;39 910;2011;11
37;11/11/2011;$501 269;FALSE;63,5;$3,297;216,72;7,7;C;39 910;2011;11
37;18/11/2011;$527 495;FALSE;66,3;$3,308;216,94;7,7;C;39 910;2011;11
37;25/11/2011;$522 554;TRUE;66,4;$3,236;217,18;7,7;C;39 910;2011;11
37;02/12/2011;$527 118;FALSE;53,6;$3,172;217,42;7,7;C;39 910;2011;12
37;09/12/2011;$537 225;FALSE;50,6;$3,158;217,66;7,7;C;39 910;2011;12
37;16/12/2011;$533 906;FALSE;58,3;$3,159;217,88;7,7;C;39 910;2011;12
37;23/12/2011;$605 791;FALSE;55,4;$3,112;218,05;7,7;C;39 910;2011;12
37;30/12/2011;$451 328;TRUE;48,3;$3,129;218,23;7,7;C;39 910;2011;12
37;06/01/2012;$558 344;FALSE;57,2;$3,157;218,41;7,2;C;39 910;2012;1
37;13/01/2012;$546 221;FALSE;56,3;$3,261;218,58;7,2;C;39 910;2012;1
37;20/01/2012;$543 894;FALSE;58,9;$3,268;218,68;7,2;C;39 910;2012;1
37;27/01/2012;$514 117;FALSE;62,7;$3,290;218,77;7,2;C;39 910;2012;1
37;03/02/2012;$555 424;FALSE;61,3;$3,360;218,86;7,2;C;39 910;2012;2
37;10/02/2012;$527 041;TRUE;54,5;$3,409;218,96;7,2;C;39 910;2012;2
37;17/02/2012;$541 071;FALSE;54,4;$3,510;219,11;7,2;C;39 910;2012;2
37;24/02/2012;$518 697;FALSE;62,2;$3,555;219,32;7,2;C;39 910;2012;2
37;02/03/2012;$525 559;FALSE;64,5;$3,630;219,53;7,2;C;39 910;2012;3
37;09/03/2012;$535 937;FALSE;63,2;$3,669;219,74;7,2;C;39 910;2012;3
37;16/03/2012;$484 588;FALSE;67,5;$3,734;219,90;7,2;C;39 910;2012;3
37;23/03/2012;$520 887;FALSE;69,2;$3,787;219,97;7,2;C;39 910;2012;3
37;30/03/2012;$533 735;FALSE;70,5;$3,845;220,05;7,2;C;39 910;2012;3
37;06/04/2012;$564 849;FALSE;74,0;$3,891;220,12;7,0;C;39 910;2012;4
37;13/04/2012;$506 973;FALSE;72,5;$3,891;220,20;7,0;C;39 910;2012;4
37;20/04/2012;$523 483;FALSE;70,9;$3,877;220,25;7,0;C;39 910;2012;4
37;27/04/2012;$528 807;FALSE;70,1;$3,814;220,30;7,0;C;39 910;2012;4
37;04/05/2012;$535 312;FALSE;77,2;$3,749;220,35;7,0;C;39 910;2012;5
37;11/05/2012;$527 983;FALSE;76,6;$3,688;220,41;7,0;C;39 910;2012;5
37;18/05/2012;$534 848;FALSE;73,7;$3,630;220,43;7,0;C;39 910;2012;5
37;25/05/2012;$540 626;FALSE;78,9;$3,561;220,43;7,0;C;39 910;2012;5
37;01/06/2012;$531 812;FALSE;80,7;$3,501;220,43;7,0;C;39 910;2012;6
37;08/06/2012;$528 941;FALSE;81,5;$3,452;220,44;7,0;C;39 910;2012;6
37;15/06/2012;$508 573;FALSE;82,2;$3,393;220,45;7,0;C;39 910;2012;6
37;22/06/2012;$484 033;FALSE;80,4;$3,346;220,49;7,0;C;39 910;2012;6
37;29/06/2012;$508 310;FALSE;86,7;$3,286;220,53;7,0;C;39 910;2012;6
37;06/07/2012;$519 498;FALSE;81,5;$3,227;220,57;6,6;C;39 910;2012;7
37;13/07/2012;$506 005;FALSE;78,2;$3,256;220,61;6,6;C;39 910;2012;7
37;20/07/2012;$503 745;FALSE;81,8;$3,311;220,61;6,6;C;39 910;2012;7
37;27/07/2012;$514 489;FALSE;84,0;$3,407;220,62;6,6;C;39 910;2012;7
37;03/08/2012;$521 959;FALSE;85,6;$3,417;220,63;6,6;C;39 910;2012;8
37;10/08/2012;$500 965;FALSE;84,4;$3,494;220,64;6,6;C;39 910;2012;8
37;17/08/2012;$509 634;FALSE;85,9;$3,571;220,72;6,6;C;39 910;2012;8
37;24/08/2012;$522 665;FALSE;81,3;$3,620;220,85;6,6;C;39 910;2012;8
37;31/08/2012;$538 344;FALSE;84,8;$3,638;220,99;6,6;C;39 910;2012;8
37;07/09/2012;$526 838;TRUE;84,2;$3,730;221,12;6,6;C;39 910;2012;9
37;14/09/2012;$514 652;FALSE;78,2;$3,717;221,26;6,6;C;39 910;2012;9
37;21/09/2012;$521 321;FALSE;76,0;$3,721;221,46;6,6;C;39 910;2012;9
37;28/09/2012;$527 953;FALSE;79,5;$3,666;221,66;6,6;C;39 910;2012;9
37;05/10/2012;$546 122;FALSE;73,6;$3,617;221,85;6,2;C;39 910;2012;10
37;12/10/2012;$521 811;FALSE;71,3;$3,601;222,05;6,2;C;39 910;2012;10
37;19/10/2012;$551 969;FALSE;74,1;$3,594;222,10;6,2;C;39 910;2012;10
37;26/10/2012;$534 738;FALSE;74,4;$3,506;222,11;6,2;C;39 910;2012;10
38;05/02/2010;$358 496;FALSE;49,5;$2,962;126,44;14,0;C;39 690;2010;2
38;12/02/2010;$342 215;TRUE;47,9;$2,946;126,50;14,0;C;39 690;2010;2
38;19/02/2010;$327 238;FALSE;54,8;$2,915;126,53;14,0;C;39 690;2010;2
38;26/02/2010;$334 223;FALSE;50,2;$2,825;126,55;14,0;C;39 690;2010;2
38;05/03/2010;$372 240;FALSE;53,8;$2,987;126,58;14,0;C;39 690;2010;3
38;12/03/2010;$342 024;FALSE;50,1;$2,925;126,60;14,0;C;39 690;2010;3
38;19/03/2010;$333 025;FALSE;59,6;$3,054;126,61;14,0;C;39 690;2010;3
38;26/03/2010;$335 858;FALSE;60,1;$3,083;126,61;14,0;C;39 690;2010;3
38;02/04/2010;$368 930;FALSE;59,8;$3,086;126,60;14,1;C;39 690;2010;4
38;09/04/2010;$341 630;FALSE;59,3;$3,090;126,60;14,1;C;39 690;2010;4
38;16/04/2010;$337 723;FALSE;65,0;$3,109;126,56;14,1;C;39 690;2010;4
38;23/04/2010;$335 122;FALSE;64,6;$3,050;126,47;14,1;C;39 690;2010;4
38;30/04/2010;$337 980;FALSE;67,4;$3,105;126,38;14,1;C;39 690;2010;4
38;07/05/2010;$383 657;FALSE;70,2;$3,127;126,29;14,1;C;39 690;2010;5
38;14/05/2010;$346 174;FALSE;68,4;$3,145;126,21;14,1;C;39 690;2010;5
38;21/05/2010;$340 497;FALSE;76,2;$3,120;126,18;14,1;C;39 690;2010;5
38;28/05/2010;$326 469;FALSE;67,8;$3,058;126,16;14,1;C;39 690;2010;5
38;04/06/2010;$376 185;FALSE;81,4;$2,941;126,14;14,1;C;39 690;2010;6
38;11/06/2010;$354 829;FALSE;90,8;$2,949;126,11;14,1;C;39 690;2010;6
38;18/06/2010;$335 692;FALSE;81,1;$3,043;126,11;14,1;C;39 690;2010;6
38;25/06/2010;$322 047;FALSE;87,3;$3,084;126,13;14,1;C;39 690;2010;6
38;02/07/2010;$361 181;FALSE;92,0;$3,105;126,14;14,2;C;39 690;2010;7
38;09/07/2010;$343 850;FALSE;90,4;$3,100;126,15;14,2;C;39 690;2010;7
38;16/07/2010;$338 278;FALSE;97,2;$3,094;126,15;14,2;C;39 690;2010;7
38;23/07/2010;$328 337;FALSE;99,2;$3,112;126,13;14,2;C;39 690;2010;7
38;30/07/2010;$336 378;FALSE;96,3;$3,017;126,11;14,2;C;39 690;2010;7
38;06/08/2010;$378 574;FALSE;93,0;$3,123;126,09;14,2;C;39 690;2010;8
38;13/08/2010;$341 401;FALSE;87,0;$3,159;126,06;14,2;C;39 690;2010;8
38;20/08/2010;$329 140;FALSE;92,8;$3,041;126,08;14,2;C;39 690;2010;8
38;27/08/2010;$322 869;FALSE;93,2;$3,129;126,09;14,2;C;39 690;2010;8
38;03/09/2010;$377 097;FALSE;83,1;$3,087;126,10;14,2;C;39 690;2010;9
38;10/09/2010;$336 228;TRUE;83,6;$3,044;126,11;14,2;C;39 690;2010;9
38;17/09/2010;$336 253;FALSE;82,5;$3,028;126,15;14,2;C;39 690;2010;9
38;24/09/2010;$330 605;FALSE;81,8;$2,939;126,19;14,2;C;39 690;2010;9
38;01/10/2010;$360 257;FALSE;85,2;$3,001;126,23;14,3;C;39 690;2010;10
38;08/10/2010;$351 271;FALSE;71,8;$3,013;126,28;14,3;C;39 690;2010;10
38;15/10/2010;$337 743;FALSE;75,0;$2,976;126,33;14,3;C;39 690;2010;10
38;22/10/2010;$339 042;FALSE;68,9;$3,014;126,38;14,3;C;39 690;2010;10
38;29/10/2010;$341 220;FALSE;61,1;$3,016;126,44;14,3;C;39 690;2010;10
38;05/11/2010;$380 870;FALSE;65,5;$3,129;126,49;14,3;C;39 690;2010;11
38;12/11/2010;$340 147;FALSE;57,8;$3,130;126,55;14,3;C;39 690;2010;11
38;19/11/2010;$348 594;FALSE;58,2;$3,161;126,61;14,3;C;39 690;2010;11
38;26/11/2010;$360 858;TRUE;47,7;$3,162;126,67;14,3;C;39 690;2010;11
38;03/12/2010;$351 925;FALSE;43,3;$3,041;126,73;14,3;C;39 690;2010;12
38;10/12/2010;$355 965;FALSE;50,0;$3,203;126,79;14,3;C;39 690;2010;12
38;17/12/2010;$334 441;FALSE;52,8;$3,236;126,88;14,3;C;39 690;2010;12
38;24/12/2010;$369 107;FALSE;52,0;$3,236;126,98;14,3;C;39 690;2010;12
38;31/12/2010;$303 909;TRUE;45,6;$3,148;127,09;14,3;C;39 690;2010;12
38;07/01/2011;$386 345;FALSE;37,6;$3,287;127,19;14,0;C;39 690;2011;1
38;14/01/2011;$356 139;FALSE;43,2;$3,312;127,30;14,0;C;39 690;2011;1
38;21/01/2011;$341 098;FALSE;53,5;$3,223;127,44;14,0;C;39 690;2011;1
38;28/01/2011;$357 557;FALSE;50,7;$3,342;127,58;14,0;C;39 690;2011;1
38;04/02/2011;$402 342;FALSE;45,1;$3,348;127,72;14,0;C;39 690;2011;2
38;11/02/2011;$377 672;TRUE;51,3;$3,381;127,86;14,0;C;39 690;2011;2
38;18/02/2011;$364 607;FALSE;53,4;$3,430;128,00;14,0;C;39 690;2011;2
38;25/02/2011;$354 232;FALSE;48,5;$3,530;128,13;14,0;C;39 690;2011;2
38;04/03/2011;$405 429;FALSE;51,7;$3,674;128,26;14,0;C;39 690;2011;3
38;11/03/2011;$357 897;FALSE;57,8;$3,818;128,40;14,0;C;39 690;2011;3
38;18/03/2011;$349 460;FALSE;64,2;$3,692;128,51;14,0;C;39 690;2011;3
38;25/03/2011;$351 542;FALSE;54,4;$3,909;128,62;14,0;C;39 690;2011;3
38;01/04/2011;$382 098;FALSE;63,6;$3,772;128,72;13,7;C;39 690;2011;4
38;08/04/2011;$392 152;FALSE;64,5;$4,003;128,82;13,7;C;39 690;2011;4
38;15/04/2011;$362 759;FALSE;57,6;$3,868;128,91;13,7;C;39 690;2011;4
38;22/04/2011;$362 952;FALSE;72,1;$4,134;128,96;13,7;C;39 690;2011;4
38;29/04/2011;$344 226;FALSE;68,3;$4,151;129,00;13,7;C;39 690;2011;4
38;06/05/2011;$422 187;FALSE;68,4;$4,193;129,04;13,7;C;39 690;2011;5
38;13/05/2011;$366 978;FALSE;70,9;$4,202;129,09;13,7;C;39 690;2011;5
38;20/05/2011;$365 731;FALSE;66,6;$4,169;129,08;13,7;C;39 690;2011;5
38;27/05/2011;$356 886;FALSE;76,7;$4,087;129,06;13,7;C;39 690;2011;5
38;03/06/2011;$396 826;FALSE;71,8;$4,031;129,05;13,7;C;39 690;2011;6
38;10/06/2011;$381 763;FALSE;78,7;$3,981;129,04;13,7;C;39 690;2011;6
38;17/06/2011;$356 797;FALSE;86,8;$3,935;129,04;13,7;C;39 690;2011;6
38;24/06/2011;$354 079;FALSE;89,0;$3,898;129,07;13,7;C;39 690;2011;6
38;01/07/2011;$387 334;FALSE;89,9;$3,842;129,09;13,5;C;39 690;2011;7
38;08/07/2011;$399 699;FALSE;89,9;$3,705;129,11;13,5;C;39 690;2011;7
38;15/07/2011;$367 182;FALSE;88,1;$3,692;129,13;13,5;C;39 690;2011;7
38;22/07/2011;$365 563;FALSE;91,2;$3,794;129,15;13,5;C;39 690;2011;7
38;29/07/2011;$355 131;FALSE;93,3;$3,805;129,17;13,5;C;39 690;2011;7
38;05/08/2011;$437 631;FALSE;90,6;$3,803;129,18;13,5;C;39 690;2011;8
38;12/08/2011;$387 844;FALSE;91,0;$3,701;129,20;13,5;C;39 690;2011;8
38;19/08/2011;$362 225;FALSE;91,7;$3,743;129,24;13,5;C;39 690;2011;8
38;26/08/2011;$365 673;FALSE;94,6;$3,740;129,28;13,5;C;39 690;2011;8
38;02/09/2011;$416 954;FALSE;93,7;$3,798;129,33;13,5;C;39 690;2011;9
38;09/09/2011;$397 772;TRUE;88,0;$3,913;129,37;13,5;C;39 690;2011;9
38;16/09/2011;$408 189;FALSE;76,4;$3,918;129,43;13,5;C;39 690;2011;9
38;23/09/2011;$394 665;FALSE;83,0;$3,789;129,52;13,5;C;39 690;2011;9
38;30/09/2011;$366 820;FALSE;83,3;$3,877;129,61;13,5;C;39 690;2011;9
38;07/10/2011;$449 516;FALSE;70,4;$3,827;129,69;12,9;C;39 690;2011;10
38;14/10/2011;$400 431;FALSE;67,3;$3,805;129,77;12,9;C;39 690;2011;10
38;21/10/2011;$402 709;FALSE;73,1;$3,842;129,78;12,9;C;39 690;2011;10
38;28/10/2011;$378 539;FALSE;67,4;$3,727;129,79;12,9;C;39 690;2011;10
38;04/11/2011;$436 970;FALSE;59,8;$3,828;129,81;12,9;C;39 690;2011;11
38;11/11/2011;$411 117;FALSE;48,8;$3,824;129,82;12,9;C;39 690;2011;11
38;18/11/2011;$392 003;FALSE;54,2;$3,813;129,83;12,9;C;39 690;2011;11
38;25/11/2011;$393 716;TRUE;53,3;$3,622;129,84;12,9;C;39 690;2011;11
38;02/12/2011;$411 252;FALSE;52,5;$3,701;129,85;12,9;C;39 690;2011;12
38;09/12/2011;$435 402;FALSE;42,2;$3,644;129,86;12,9;C;39 690;2011;12
38;16/12/2011;$404 284;FALSE;43,3;$3,600;129,90;12,9;C;39 690;2011;12
38;23/12/2011;$419 717;FALSE;45,4;$3,541;129,98;12,9;C;39 690;2011;12
38;30/12/2011;$342 667;TRUE;44,6;$3,428;130,07;12,9;C;39 690;2011;12
38;06/01/2012;$478 483;FALSE;50,4;$3,599;130,16;12,2;C;39 690;2012;1
38;13/01/2012;$423 261;FALSE;48,1;$3,657;130,24;12,2;C;39 690;2012;1
38;20/01/2012;$405 216;FALSE;46,2;$3,660;130,28;12,2;C;39 690;2012;1
38;27/01/2012;$412 882;FALSE;50,4;$3,675;130,31;12,2;C;39 690;2012;1
38;03/02/2012;$457 712;FALSE;50,6;$3,702;130,35;12,2;C;39 690;2012;2
38;10/02/2012;$469 787;TRUE;52,3;$3,722;130,38;12,2;C;39 690;2012;2
38;17/02/2012;$415 514;FALSE;51,8;$3,781;130,45;12,2;C;39 690;2012;2
38;24/02/2012;$409 412;FALSE;53,1;$3,950;130,55;12,2;C;39 690;2012;2
38;02/03/2012;$471 115;FALSE;52,3;$4,178;130,65;12,2;C;39 690;2012;3
38;09/03/2012;$452 793;FALSE;54,5;$4,250;130,74;12,2;C;39 690;2012;3
38;16/03/2012;$428 465;FALSE;64,4;$4,273;130,83;12,2;C;39 690;2012;3
38;23/03/2012;$412 456;FALSE;56,3;$4,038;130,90;12,2;C;39 690;2012;3
38;30/03/2012;$408 679;FALSE;64,4;$4,294;130,97;12,2;C;39 690;2012;3
38;06/04/2012;$499 268;FALSE;64,1;$4,121;131,04;11,6;C;39 690;2012;4
38;13/04/2012;$435 791;FALSE;64,3;$4,254;131,11;11,6;C;39 690;2012;4
38;20/04/2012;$401 616;FALSE;66,7;$4,222;131,12;11,6;C;39 690;2012;4
38;27/04/2012;$419 965;FALSE;78,0;$4,193;131,13;11,6;C;39 690;2012;4
38;04/05/2012;$491 756;FALSE;76,0;$4,171;131,14;11,6;C;39 690;2012;5
38;11/05/2012;$429 915;FALSE;77,3;$4,186;131,15;11,6;C;39 690;2012;5
38;18/05/2012;$412 315;FALSE;84,5;$4,110;131,10;11,6;C;39 690;2012;5
38;25/05/2012;$422 810;FALSE;83,8;$4,293;131,03;11,6;C;39 690;2012;5
38;01/06/2012;$435 580;FALSE;78,1;$4,277;130,96;11,6;C;39 690;2012;6
38;08/06/2012;$448 110;FALSE;84,8;$4,103;130,89;11,6;C;39 690;2012;6
38;15/06/2012;$430 222;FALSE;85,9;$4,144;130,83;11,6;C;39 690;2012;6
38;22/06/2012;$405 938;FALSE;91,6;$4,014;130,79;11,6;C;39 690;2012;6
38;29/06/2012;$404 634;FALSE;90,5;$3,875;130,76;11,6;C;39 690;2012;6
38;06/07/2012;$471 086;FALSE;89,1;$3,765;130,72;10,9;C;39 690;2012;7
38;13/07/2012;$416 037;FALSE;95,6;$3,723;130,68;10,9;C;39 690;2012;7
38;20/07/2012;$441 684;FALSE;85,5;$3,726;130,70;10,9;C;39 690;2012;7
38;27/07/2012;$407 186;FALSE;93,5;$3,769;130,72;10,9;C;39 690;2012;7
38;03/08/2012;$469 311;FALSE;88,2;$3,760;130,74;10,9;C;39 690;2012;8
38;10/08/2012;$436 690;FALSE;95,9;$3,811;130,76;10,9;C;39 690;2012;8
38;17/08/2012;$411 866;FALSE;94,9;$4,002;130,79;10,9;C;39 690;2012;8
38;24/08/2012;$397 428;FALSE;85,3;$4,055;130,84;10,9;C;39 690;2012;8
38;31/08/2012;$424 905;FALSE;89,8;$4,093;130,89;10,9;C;39 690;2012;8
38;07/09/2012;$490 275;TRUE;88,5;$4,124;130,93;10,9;C;39 690;2012;9
38;14/09/2012;$430 944;FALSE;83,6;$4,133;130,98;10,9;C;39 690;2012;9
38;21/09/2012;$409 601;FALSE;83,0;$4,125;131,01;10,9;C;39 690;2012;9
38;28/09/2012;$398 468;FALSE;81,2;$3,966;131,04;10,9;C;39 690;2012;9
38;05/10/2012;$458 479;FALSE;81,6;$3,966;131,08;10,2;C;39 690;2012;10
38;12/10/2012;$437 321;FALSE;71,7;$4,468;131,11;10,2;C;39 690;2012;10
38;19/10/2012;$428 806;FALSE;68,7;$4,449;131,15;10,2;C;39 690;2012;10
38;26/10/2012;$417 290;FALSE;66,0;$4,301;131,19;10,2;C;39 690;2012;10
39;05/02/2010;$1 230 597;FALSE;44,3;$2,572;209,85;8,6;A;184 109;2010;2
39;12/02/2010;$1 266 229;TRUE;44,6;$2,548;210,00;8,6;A;184 109;2010;2
39;19/02/2010;$1 230 592;FALSE;44,0;$2,514;210,05;8,6;A;184 109;2010;2
39;26/02/2010;$1 168 582;FALSE;49,8;$2,561;210,08;8,6;A;184 109;2010;2
39;05/03/2010;$1 266 254;FALSE;50,9;$2,625;210,11;8,6;A;184 109;2010;3
39;12/03/2010;$1 244 392;FALSE;61,9;$2,667;210,14;8,6;A;184 109;2010;3
39;19/03/2010;$1 301 590;FALSE;58,6;$2,720;209,98;8,6;A;184 109;2010;3
39;26/03/2010;$1 235 095;FALSE;54,8;$2,732;209,79;8,6;A;184 109;2010;3
39;02/04/2010;$1 463 943;FALSE;63,3;$2,719;209,59;8,5;A;184 109;2010;4
39;09/04/2010;$1 327 035;FALSE;68,2;$2,770;209,40;8,5;A;184 109;2010;4
39;16/04/2010;$1 242 875;FALSE;66,3;$2,808;209,27;8,5;A;184 109;2010;4
39;23/04/2010;$1 280 232;FALSE;67,6;$2,795;209,22;8,5;A;184 109;2010;4
39;30/04/2010;$1 263 837;FALSE;70,0;$2,780;209,17;8,5;A;184 109;2010;4
39;07/05/2010;$1 355 704;FALSE;74,9;$2,835;209,12;8,5;A;184 109;2010;5
39;14/05/2010;$1 226 998;FALSE;77,5;$2,854;209,12;8,5;A;184 109;2010;5
39;21/05/2010;$1 350 674;FALSE;76,7;$2,826;209,39;8,5;A;184 109;2010;5
39;28/05/2010;$1 365 542;FALSE;80,2;$2,759;209,67;8,5;A;184 109;2010;5
39;04/06/2010;$1 512 208;FALSE;79,8;$2,705;209,94;8,5;A;184 109;2010;6
39;11/06/2010;$1 371 405;FALSE;81,8;$2,668;210,21;8,5;A;184 109;2010;6
39;18/06/2010;$1 368 312;FALSE;84,0;$2,637;210,21;8,5;A;184 109;2010;6
39;25/06/2010;$1 280 415;FALSE;83,2;$2,653;210,10;8,5;A;184 109;2010;6
39;02/07/2010;$1 352 548;FALSE;81,4;$2,669;209,98;8,4;A;184 109;2010;7
39;09/07/2010;$1 330 473;FALSE;81,1;$2,642;209,87;8,4;A;184 109;2010;7
39;16/07/2010;$1 339 812;FALSE;83,9;$2,623;209,86;8,4;A;184 109;2010;7
39;23/07/2010;$1 314 652;FALSE;82,2;$2,608;210,00;8,4;A;184 109;2010;7
39;30/07/2010;$1 308 222;FALSE;81,0;$2,640;210,13;8,4;A;184 109;2010;7
39;06/08/2010;$1 409 990;FALSE;84,9;$2,627;210,26;8,4;A;184 109;2010;8
39;13/08/2010;$1 371 466;FALSE;85,7;$2,692;210,39;8,4;A;184 109;2010;8
39;20/08/2010;$1 471 817;FALSE;85,7;$2,664;210,36;8,4;A;184 109;2010;8
39;27/08/2010;$1 417 516;FALSE;84,3;$2,619;210,33;8,4;A;184 109;2010;8
39;03/09/2010;$1 345 168;FALSE;82,1;$2,577;210,30;8,4;A;184 109;2010;9
39;10/09/2010;$1 279 666;TRUE;79,9;$2,565;210,26;8,4;A;184 109;2010;9
39;17/09/2010;$1 252 915;FALSE;81,8;$2,582;210,29;8,4;A;184 109;2010;9
39;24/09/2010;$1 199 450;FALSE;78,5;$2,624;210,37;8,4;A;184 109;2010;9
39;01/10/2010;$1 219 584;FALSE;72,7;$2,603;210,44;8,5;A;184 109;2010;10
39;08/10/2010;$1 286 599;FALSE;64,8;$2,633;210,51;8,5;A;184 109;2010;10
39;15/10/2010;$1 238 742;FALSE;70,0;$2,720;210,58;8,5;A;184 109;2010;10
39;22/10/2010;$1 261 109;FALSE;71,7;$2,725;210,63;8,5;A;184 109;2010;10
39;29/10/2010;$1 294 769;FALSE;75,1;$2,716;210,67;8,5;A;184 109;2010;10
39;05/11/2010;$1 293 707;FALSE;61,6;$2,689;210,72;8,5;A;184 109;2010;11
39;12/11/2010;$1 291 399;FALSE;62,2;$2,728;210,77;8,5;A;184 109;2010;11
39;19/11/2010;$1 370 660;FALSE;55,5;$2,771;210,65;8,5;A;184 109;2010;11
39;26/11/2010;$2 149 355;TRUE;67,8;$2,735;210,52;8,5;A;184 109;2010;11
39;03/12/2010;$1 431 911;FALSE;53,6;$2,708;210,38;8,5;A;184 109;2010;12
39;10/12/2010;$1 630 564;FALSE;50,8;$2,843;210,24;8,5;A;184 109;2010;12
39;17/12/2010;$1 842 172;FALSE;55,3;$2,869;210,18;8,5;A;184 109;2010;12
39;24/12/2010;$2 495 489;FALSE;58,9;$2,886;210,18;8,5;A;184 109;2010;12
39;31/12/2010;$1 230 012;TRUE;52,5;$2,943;210,18;8,5;A;184 109;2010;12
39;07/01/2011;$1 224 475;FALSE;52,7;$2,976;210,18;8,4;A;184 109;2011;1
39;14/01/2011;$1 193 199;FALSE;41,7;$2,983;210,24;8,4;A;184 109;2011;1
39;21/01/2011;$1 243 371;FALSE;50,3;$3,016;210,60;8,4;A;184 109;2011;1
39;28/01/2011;$1 158 698;FALSE;47,9;$3,010;210,97;8,4;A;184 109;2011;1
39;04/02/2011;$1 343 774;FALSE;46,0;$2,989;211,33;8,4;A;184 109;2011;2
39;11/02/2011;$1 227 894;TRUE;40,3;$3,022;211,70;8,4;A;184 109;2011;2
39;18/02/2011;$1 335 234;FALSE;58,2;$3,045;212,01;8,4;A;184 109;2011;2
39;25/02/2011;$1 240 921;FALSE;67,8;$3,065;212,29;8,4;A;184 109;2011;2
39;04/03/2011;$1 316 385;FALSE;63,6;$3,288;212,58;8,4;A;184 109;2011;3
39;11/03/2011;$1 283 717;FALSE;58,4;$3,459;212,86;8,4;A;184 109;2011;3
39;18/03/2011;$1 348 410;FALSE;65,3;$3,488;213,11;8,4;A;184 109;2011;3
39;25/03/2011;$1 284 335;FALSE;71,2;$3,473;213,34;8,4;A;184 109;2011;3
39;01/04/2011;$1 316 849;FALSE;66,6;$3,524;213,58;8,3;A;184 109;2011;4
39;08/04/2011;$1 350 646;FALSE;69,5;$3,622;213,81;8,3;A;184 109;2011;4
39;15/04/2011;$1 348 032;FALSE;73,2;$3,743;214,03;8,3;A;184 109;2011;4
39;22/04/2011;$1 563 141;FALSE;75,0;$3,807;214,19;8,3;A;184 109;2011;4
39;29/04/2011;$1 379 652;FALSE;76,5;$3,810;214,36;8,3;A;184 109;2011;4
39;06/05/2011;$1 370 921;FALSE;68,8;$3,906;214,52;8,3;A;184 109;2011;5
39;13/05/2011;$1 325 023;FALSE;77,4;$3,899;214,69;8,3;A;184 109;2011;5
39;20/05/2011;$1 373 907;FALSE;73,3;$3,907;214,47;8,3;A;184 109;2011;5
39;27/05/2011;$1 406 124;FALSE;82,1;$3,786;214,24;8,3;A;184 109;2011;5
39;03/06/2011;$1 541 746;FALSE;83,6;$3,699;214,02;8,3;A;184 109;2011;6
39;10/06/2011;$1 442 092;FALSE;82,8;$3,648;213,79;8,3;A;184 109;2011;6
39;17/06/2011;$1 451 393;FALSE;85,2;$3,637;213,75;8,3;A;184 109;2011;6
39;24/06/2011;$1 363 168;FALSE;84,1;$3,594;213,84;8,3;A;184 109;2011;6
39;01/07/2011;$1 429 829;FALSE;84,9;$3,524;213,93;8,2;A;184 109;2011;7
39;08/07/2011;$1 414 565;FALSE;84,3;$3,480;214,02;8,2;A;184 109;2011;7
39;15/07/2011;$1 380 257;FALSE;86,0;$3,575;214,11;8,2;A;184 109;2011;7
39;22/07/2011;$1 416 006;FALSE;84,6;$3,651;214,17;8,2;A;184 109;2011;7
39;29/07/2011;$1 426 419;FALSE;86,2;$3,682;214,23;8,2;A;184 109;2011;7
39;05/08/2011;$1 518 791;FALSE;87,7;$3,684;214,30;8,2;A;184 109;2011;8
39;12/08/2011;$1 514 056;FALSE;88,3;$3,638;214,36;8,2;A;184 109;2011;8
39;19/08/2011;$1 629 067;FALSE;87,9;$3,554;214,42;8,2;A;184 109;2011;8
39;26/08/2011;$1 573 899;FALSE;86,5;$3,523;214,49;8,2;A;184 109;2011;8
39;02/09/2011;$1 465 090;FALSE;88,7;$3,533;214,55;8,2;A;184 109;2011;9
39;09/09/2011;$1 429 346;TRUE;79,2;$3,546;214,62;8,2;A;184 109;2011;9
39;16/09/2011;$1 372 501;FALSE;83,1;$3,526;214,79;8,2;A;184 109;2011;9
39;23/09/2011;$1 338 658;FALSE;78,8;$3,467;215,12;8,2;A;184 109;2011;9
39;30/09/2011;$1 311 776;FALSE;81,5;$3,355;215,45;8,2;A;184 109;2011;9
39;07/10/2011;$1 443 884;FALSE;71,7;$3,285;215,78;7,7;A;184 109;2011;10
39;14/10/2011;$1 384 722;FALSE;73,8;$3,274;216,09;7,7;A;184 109;2011;10
39;21/10/2011;$1 465 283;FALSE;67,7;$3,353;216,25;7,7;A;184 109;2011;10
39;28/10/2011;$1 472 663;FALSE;71,1;$3,372;216,41;7,7;A;184 109;2011;10
39;04/11/2011;$1 553 630;FALSE;58,0;$3,332;216,56;7,7;A;184 109;2011;11
39;11/11/2011;$1 456 957;FALSE;63,1;$3,297;216,72;7,7;A;184 109;2011;11
39;18/11/2011;$1 510 397;FALSE;66,1;$3,308;216,94;7,7;A;184 109;2011;11
39;25/11/2011;$2 338 832;TRUE;66,4;$3,236;217,18;7,7;A;184 109;2011;11
39;02/12/2011;$1 632 895;FALSE;53,1;$3,172;217,42;7,7;A;184 109;2011;12
39;09/12/2011;$1 781 529;FALSE;49,4;$3,158;217,66;7,7;A;184 109;2011;12
39;16/12/2011;$1 991 824;FALSE;58,6;$3,159;217,88;7,7;A;184 109;2011;12
39;23/12/2011;$2 554 483;FALSE;54,6;$3,112;218,05;7,7;A;184 109;2011;12
39;30/12/2011;$1 537 140;TRUE;47,6;$3,129;218,23;7,7;A;184 109;2011;12
39;06/01/2012;$1 478 538;FALSE;55,8;$3,157;218,41;7,2;A;184 109;2012;1
39;13/01/2012;$1 369 125;FALSE;54,7;$3,261;218,58;7,2;A;184 109;2012;1
39;20/01/2012;$1 394 841;FALSE;58,0;$3,268;218,68;7,2;A;184 109;2012;1
39;27/01/2012;$1 320 302;FALSE;60,7;$3,290;218,77;7,2;A;184 109;2012;1
39;03/02/2012;$1 396 150;FALSE;60,7;$3,360;218,86;7,2;A;184 109;2012;2
39;10/02/2012;$1 442 988;TRUE;52,9;$3,409;218,96;7,2;A;184 109;2012;2
39;17/02/2012;$1 511 042;FALSE;52,8;$3,510;219,11;7,2;A;184 109;2012;2
39;24/02/2012;$1 412 065;FALSE;61,1;$3,555;219,32;7,2;A;184 109;2012;2
39;02/03/2012;$1 453 047;FALSE;64,1;$3,630;219,53;7,2;A;184 109;2012;3
39;09/03/2012;$1 470 764;FALSE;61,6;$3,669;219,74;7,2;A;184 109;2012;3
39;16/03/2012;$1 522 421;FALSE;65,8;$3,734;219,90;7,2;A;184 109;2012;3
39;23/03/2012;$1 469 593;FALSE;67,9;$3,787;219,97;7,2;A;184 109;2012;3
39;30/03/2012;$1 499 727;FALSE;69,1;$3,845;220,05;7,2;A;184 109;2012;3
39;06/04/2012;$1 764 848;FALSE;73,5;$3,891;220,12;7,0;A;184 109;2012;4
39;13/04/2012;$1 580 733;FALSE;71,6;$3,891;220,20;7,0;A;184 109;2012;4
39;20/04/2012;$1 433 391;FALSE;70,0;$3,877;220,25;7,0;A;184 109;2012;4
39;27/04/2012;$1 456 997;FALSE;69,1;$3,814;220,30;7,0;A;184 109;2012;4
39;04/05/2012;$1 512 227;FALSE;77,2;$3,749;220,35;7,0;A;184 109;2012;5
39;11/05/2012;$1 470 792;FALSE;75,5;$3,688;220,41;7,0;A;184 109;2012;5
39;18/05/2012;$1 522 979;FALSE;72,4;$3,630;220,43;7,0;A;184 109;2012;5
39;25/05/2012;$1 596 037;FALSE;78,3;$3,561;220,43;7,0;A;184 109;2012;5
39;01/06/2012;$1 640 477;FALSE;80,3;$3,501;220,43;7,0;A;184 109;2012;6
39;08/06/2012;$1 623 442;FALSE;81,1;$3,452;220,44;7,0;A;184 109;2012;6
39;15/06/2012;$1 587 500;FALSE;81,3;$3,393;220,45;7,0;A;184 109;2012;6
39;22/06/2012;$1 532 317;FALSE;79,8;$3,346;220,49;7,0;A;184 109;2012;6
39;29/06/2012;$1 492 389;FALSE;85,7;$3,286;220,53;7,0;A;184 109;2012;6
39;06/07/2012;$1 659 222;FALSE;81,1;$3,227;220,57;6,6;A;184 109;2012;7
39;13/07/2012;$1 471 262;FALSE;78,2;$3,256;220,61;6,6;A;184 109;2012;7
39;20/07/2012;$1 582 168;FALSE;80,3;$3,311;220,61;6,6;A;184 109;2012;7
39;27/07/2012;$1 487 798;FALSE;82,9;$3,407;220,62;6,6;A;184 109;2012;7
39;03/08/2012;$1 608 278;FALSE;84,1;$3,417;220,63;6,6;A;184 109;2012;8
39;10/08/2012;$1 641 868;FALSE;83,5;$3,494;220,64;6,6;A;184 109;2012;8
39;17/08/2012;$1 720 222;FALSE;84,7;$3,571;220,72;6,6;A;184 109;2012;8
39;24/08/2012;$1 724 670;FALSE;80,5;$3,620;220,85;6,6;A;184 109;2012;8
39;31/08/2012;$1 710 924;FALSE;83,7;$3,638;220,99;6,6;A;184 109;2012;8
39;07/09/2012;$1 609 812;TRUE;83,7;$3,730;221,12;6,6;A;184 109;2012;9
39;14/09/2012;$1 447 614;FALSE;76,7;$3,717;221,26;6,6;A;184 109;2012;9
39;21/09/2012;$1 555 673;FALSE;73,6;$3,721;221,46;6,6;A;184 109;2012;9
39;28/09/2012;$1 495 607;FALSE;78,0;$3,666;221,66;6,6;A;184 109;2012;9
39;05/10/2012;$1 574 409;FALSE;72,1;$3,617;221,85;6,2;A;184 109;2012;10
39;12/10/2012;$1 494 417;FALSE;69,9;$3,601;222,05;6,2;A;184 109;2012;10
39;19/10/2012;$1 577 486;FALSE;71,5;$3,594;222,10;6,2;A;184 109;2012;10
39;26/10/2012;$1 569 502;FALSE;72,9;$3,506;222,11;6,2;A;184 109;2012;10
40;05/02/2010;$1 001 944;FALSE;14,5;$2,788;131,53;5,9;A;155 083;2010;2
40;12/02/2010;$955 338;TRUE;20,8;$2,771;131,59;5,9;A;155 083;2010;2
40;19/02/2010;$916 289;FALSE;27,8;$2,747;131,64;5,9;A;155 083;2010;2
40;26/02/2010;$863 917;FALSE;33,3;$2,753;131,69;5,9;A;155 083;2010;2
40;05/03/2010;$990 152;FALSE;34,8;$2,766;131,74;5,9;A;155 083;2010;3
40;12/03/2010;$899 352;FALSE;35,1;$2,805;131,78;5,9;A;155 083;2010;3
40;19/03/2010;$894 865;FALSE;40,5;$2,834;131,82;5,9;A;155 083;2010;3
40;26/03/2010;$873 355;FALSE;39,5;$2,831;131,86;5,9;A;155 083;2010;3
40;02/04/2010;$1 041 202;FALSE;41,4;$2,826;131,90;5,4;A;155 083;2010;4
40;09/04/2010;$919 839;FALSE;54,3;$2,849;131,94;5,4;A;155 083;2010;4
40;16/04/2010;$882 637;FALSE;43,3;$2,885;131,98;5,4;A;155 083;2010;4
40;23/04/2010;$844 958;FALSE;45,9;$2,895;132,02;5,4;A;155 083;2010;4
40;30/04/2010;$816 838;FALSE;46,5;$2,935;132,06;5,4;A;155 083;2010;4
40;07/05/2010;$1 009 797;FALSE;60,1;$2,981;132,11;5,4;A;155 083;2010;5
40;14/05/2010;$907 262;FALSE;45,5;$2,983;132,15;5,4;A;155 083;2010;5
40;21/05/2010;$885 614;FALSE;56,8;$2,961;132,22;5,4;A;155 083;2010;5
40;28/05/2010;$1 008 483;FALSE;67,9;$2,906;132,29;5,4;A;155 083;2010;5
40;04/06/2010;$1 052 429;FALSE;65,7;$2,857;132,36;5,4;A;155 083;2010;6
40;11/06/2010;$1 007 575;FALSE;59,4;$2,830;132,44;5,4;A;155 083;2010;6
40;18/06/2010;$973 105;FALSE;61,0;$2,805;132,47;5,4;A;155 083;2010;6
40;25/06/2010;$940 405;FALSE;69,7;$2,810;132,50;5,4;A;155 083;2010;6
40;02/07/2010;$1 087 579;FALSE;65,5;$2,815;132,52;5,3;A;155 083;2010;7
40;09/07/2010;$1 058 251;FALSE;76,7;$2,806;132,55;5,3;A;155 083;2010;7
40;16/07/2010;$959 229;FALSE;74,3;$2,796;132,57;5,3;A;155 083;2010;7
40;23/07/2010;$922 342;FALSE;71,8;$2,784;132,58;5,3;A;155 083;2010;7
40;30/07/2010;$953 393;FALSE;71,4;$2,792;132,60;5,3;A;155 083;2010;7
40;06/08/2010;$1 057 296;FALSE;69,2;$2,792;132,61;5,3;A;155 083;2010;8
40;13/08/2010;$924 012;FALSE;67,5;$2,810;132,63;5,3;A;155 083;2010;8
40;20/08/2010;$932 397;FALSE;67,1;$2,796;132,66;5,3;A;155 083;2010;8
40;27/08/2010;$922 328;FALSE;62,6;$2,770;132,69;5,3;A;155 083;2010;8
40;03/09/2010;$976 453;FALSE;70,7;$2,735;132,72;5,3;A;155 083;2010;9
40;10/09/2010;$967 311;TRUE;62,8;$2,717;132,76;5,3;A;155 083;2010;9
40;17/09/2010;$855 047;FALSE;55,3;$2,716;132,77;5,3;A;155 083;2010;9
40;24/09/2010;$844 373;FALSE;55,6;$2,718;132,76;5,3;A;155 083;2010;9
40;01/10/2010;$891 152;FALSE;62,0;$2,717;132,76;5,3;A;155 083;2010;10
40;08/10/2010;$972 405;FALSE;52,0;$2,776;132,75;5,3;A;155 083;2010;10
40;15/10/2010;$917 883;FALSE;44,6;$2,878;132,76;5,3;A;155 083;2010;10
40;22/10/2010;$882 181;FALSE;41,3;$2,919;132,82;5,3;A;155 083;2010;10
40;29/10/2010;$875 039;FALSE;47,1;$2,938;132,87;5,3;A;155 083;2010;10
40;05/11/2010;$968 271;FALSE;36,5;$2,938;132,92;5,3;A;155 083;2010;11
40;12/11/2010;$935 481;FALSE;38,5;$2,961;132,98;5,3;A;155 083;2010;11
40;19/11/2010;$852 453;FALSE;40,5;$3,030;132,92;5,3;A;155 083;2010;11
40;26/11/2010;$1 166 143;TRUE;32,9;$3,070;132,84;5,3;A;155 083;2010;11
40;03/12/2010;$1 000 582;FALSE;33,6;$3,065;132,76;5,3;A;155 083;2010;12
40;10/12/2010;$1 111 216;FALSE;21,6;$3,132;132,68;5,3;A;155 083;2010;12
40;17/12/2010;$1 179 036;FALSE;23,0;$3,139;132,68;5,3;A;155 083;2010;12
40;24/12/2010;$1 648 829;FALSE;24,2;$3,150;132,75;5,3;A;155 083;2010;12
40;31/12/2010;$811 318;TRUE;19,3;$3,177;132,82;5,3;A;155 083;2010;12
40;07/01/2011;$894 280;FALSE;24,1;$3,193;132,88;5,1;A;155 083;2011;1
40;14/01/2011;$771 316;FALSE;18,6;$3,215;132,95;5,1;A;155 083;2011;1
40;21/01/2011;$764 015;FALSE;14,6;$3,232;133,03;5,1;A;155 083;2011;1
40;28/01/2011;$775 910;FALSE;9,5;$3,243;133,11;5,1;A;155 083;2011;1
40;04/02/2011;$904 262;FALSE;13,3;$3,240;133,18;5,1;A;155 083;2011;2
40;11/02/2011;$931 940;TRUE;16,9;$3,255;133,26;5,1;A;155 083;2011;2
40;18/02/2011;$968 694;FALSE;21,8;$3,263;133,37;5,1;A;155 083;2011;2
40;25/02/2011;$888 869;FALSE;16,5;$3,281;133,49;5,1;A;155 083;2011;2
40;04/03/2011;$977 071;FALSE;18,5;$3,437;133,61;5,1;A;155 083;2011;3
40;11/03/2011;$860 256;FALSE;30,5;$3,600;133,74;5,1;A;155 083;2011;3
40;18/03/2011;$871 024;FALSE;35,8;$3,634;133,85;5,1;A;155 083;2011;3
40;25/03/2011;$834 621;FALSE;28,9;$3,624;133,96;5,1;A;155 083;2011;3
40;01/04/2011;$841 889;FALSE;28,6;$3,638;134,07;4,8;A;155 083;2011;4
40;08/04/2011;$947 753;FALSE;34,8;$3,720;134,18;4,8;A;155 083;2011;4
40;15/04/2011;$874 446;FALSE;43,7;$3,823;134,28;4,8;A;155 083;2011;4
40;22/04/2011;$965 056;FALSE;39,3;$3,919;134,36;4,8;A;155 083;2011;4
40;29/04/2011;$847 247;FALSE;52,7;$3,988;134,44;4,8;A;155 083;2011;4
40;06/05/2011;$1 016 753;FALSE;50,8;$4,078;134,51;4,8;A;155 083;2011;5
40;13/05/2011;$903 864;FALSE;54,1;$4,095;134,59;4,8;A;155 083;2011;5
40;20/05/2011;$907 111;FALSE;56,4;$4,101;134,68;4,8;A;155 083;2011;5
40;27/05/2011;$972 374;FALSE;63,1;$4,034;134,77;4,8;A;155 083;2011;5
40;03/06/2011;$1 075 688;FALSE;66,2;$3,973;134,86;4,8;A;155 083;2011;6
40;10/06/2011;$984 336;FALSE;64,2;$3,924;134,94;4,8;A;155 083;2011;6
40;17/06/2011;$971 423;FALSE;59,2;$3,873;135,08;4,8;A;155 083;2011;6
40;24/06/2011;$977 104;FALSE;62,6;$3,851;135,27;4,8;A;155 083;2011;6
40;01/07/2011;$1 048 866;FALSE;65,3;$3,815;135,45;4,6;A;155 083;2011;7
40;08/07/2011;$1 107 366;FALSE;67,9;$3,784;135,63;4,6;A;155 083;2011;7
40;15/07/2011;$953 252;FALSE;68,9;$3,827;135,78;4,6;A;155 083;2011;7
40;22/07/2011;$980 642;FALSE;73,3;$3,882;135,87;4,6;A;155 083;2011;7
40;29/07/2011;$929 097;FALSE;67,5;$3,898;135,96;4,6;A;155 083;2011;7
40;05/08/2011;$1 063 818;FALSE;68,1;$3,903;136,05;4,6;A;155 083;2011;8
40;12/08/2011;$955 507;FALSE;68,3;$3,880;136,14;4,6;A;155 083;2011;8
40;19/08/2011;$943 237;FALSE;64,1;$3,820;136,18;4,6;A;155 083;2011;8
40;26/08/2011;$969 611;FALSE;65,0;$3,796;136,21;4,6;A;155 083;2011;8
40;02/09/2011;$957 298;FALSE;63,8;$3,784;136,24;4,6;A;155 083;2011;9
40;09/09/2011;$1 021 392;TRUE;64,8;$3,809;136,27;4,6;A;155 083;2011;9
40;16/09/2011;$890 662;FALSE;58,3;$3,809;136,31;4,6;A;155 083;2011;9
40;23/09/2011;$876 584;FALSE;54,1;$3,758;136,37;4,6;A;155 083;2011;9
40;30/09/2011;$912 857;FALSE;63,5;$3,684;136,42;4,6;A;155 083;2011;9
40;07/10/2011;$1 070 390;FALSE;50,2;$3,633;136,47;4,4;A;155 083;2011;10
40;14/10/2011;$936 752;FALSE;53,9;$3,583;136,52;4,4;A;155 083;2011;10
40;21/10/2011;$942 320;FALSE;51,6;$3,618;136,50;4,4;A;155 083;2011;10
40;28/10/2011;$941 676;FALSE;42,1;$3,604;136,49;4,4;A;155 083;2011;10
40;04/11/2011;$1 011 321;FALSE;35,4;$3,586;136,48;4,4;A;155 083;2011;11
40;11/11/2011;$1 037 687;FALSE;40,8;$3,570;136,46;4,4;A;155 083;2011;11
40;18/11/2011;$905 400;FALSE;41,9;$3,571;136,47;4,4;A;155 083;2011;11
40;25/11/2011;$1 230 012;TRUE;32,8;$3,536;136,48;4,4;A;155 083;2011;11
40;02/12/2011;$1 059 677;FALSE;38,5;$3,501;136,49;4,4;A;155 083;2011;12
40;09/12/2011;$1 158 709;FALSE;34,5;$3,470;136,50;4,4;A;155 083;2011;12
40;16/12/2011;$1 198 670;FALSE;29,5;$3,445;136,53;4,4;A;155 083;2011;12
40;23/12/2011;$1 601 586;FALSE;24,5;$3,413;136,59;4,4;A;155 083;2011;12
40;30/12/2011;$908 853;TRUE;18,8;$3,402;136,64;4,4;A;155 083;2011;12
40;06/01/2012;$954 577;FALSE;23,3;$3,439;136,70;4,3;A;155 083;2012;1
40;13/01/2012;$780 608;FALSE;25,9;$3,523;136,75;4,3;A;155 083;2012;1
40;20/01/2012;$811 365;FALSE;14,0;$3,542;136,86;4,3;A;155 083;2012;1
40;27/01/2012;$770 157;FALSE;22,9;$3,568;136,96;4,3;A;155 083;2012;1
40;03/02/2012;$979 552;FALSE;27,9;$3,633;137,06;4,3;A;155 083;2012;2
40;10/02/2012;$999 785;TRUE;23,9;$3,655;137,17;4,3;A;155 083;2012;2
40;17/02/2012;$975 501;FALSE;25,6;$3,703;137,26;4,3;A;155 083;2012;2
40;24/02/2012;$919 302;FALSE;29,9;$3,751;137,34;4,3;A;155 083;2012;2
40;02/03/2012;$927 732;FALSE;23,8;$3,827;137,42;4,3;A;155 083;2012;3
40;09/03/2012;$954 234;FALSE;30,6;$3,876;137,51;4,3;A;155 083;2012;3
40;16/03/2012;$891 154;FALSE;37,1;$3,867;137,58;4,3;A;155 083;2012;3
40;23/03/2012;$844 491;FALSE;52,3;$3,889;137,66;4,3;A;155 083;2012;3
40;30/03/2012;$871 946;FALSE;36,3;$3,921;137,73;4,3;A;155 083;2012;3
40;06/04/2012;$1 132 064;FALSE;36,5;$3,957;137,80;4,1;A;155 083;2012;4
40;13/04/2012;$857 811;FALSE;40,7;$4,025;137,87;4,1;A;155 083;2012;4
40;20/04/2012;$896 980;FALSE;55,3;$4,046;137,92;4,1;A;155 083;2012;4
40;27/04/2012;$875 373;FALSE;47,5;$4,023;137,98;4,1;A;155 083;2012;4
40;04/05/2012;$993 312;FALSE;44,5;$3,991;138,03;4,1;A;155 083;2012;5
40;11/05/2012;$967 729;FALSE;52,1;$3,947;138,09;4,1;A;155 083;2012;5
40;18/05/2012;$896 295;FALSE;57,6;$3,899;138,11;4,1;A;155 083;2012;5
40;25/05/2012;$991 054;FALSE;65,3;$3,850;138,11;4,1;A;155 083;2012;5
40;01/06/2012;$1 037 464;FALSE;64,8;$3,798;138,11;4,1;A;155 083;2012;6
40;08/06/2012;$1 079 387;FALSE;55,8;$3,746;138,12;4,1;A;155 083;2012;6
40;15/06/2012;$977 950;FALSE;63,4;$3,683;138,13;4,1;A;155 083;2012;6
40;22/06/2012;$1 033 552;FALSE;69,3;$3,629;138,16;4,1;A;155 083;2012;6
40;29/06/2012;$988 765;FALSE;64,4;$3,577;138,20;4,1;A;155 083;2012;6
40;06/07/2012;$1 182 902;FALSE;69,1;$3,538;138,23;4,2;A;155 083;2012;7
40;13/07/2012;$979 849;FALSE;67,5;$3,561;138,26;4,2;A;155 083;2012;7
40;20/07/2012;$968 502;FALSE;70,5;$3,610;138,23;4,2;A;155 083;2012;7
40;27/07/2012;$954 397;FALSE;67,9;$3,701;138,20;4,2;A;155 083;2012;7
40;03/08/2012;$1 068 347;FALSE;70,2;$3,698;138,17;4,2;A;155 083;2012;8
40;10/08/2012;$1 007 906;FALSE;70,1;$3,772;138,14;4,2;A;155 083;2012;8
40;17/08/2012;$969 387;FALSE;69,4;$3,840;138,19;4,2;A;155 083;2012;8
40;24/08/2012;$945 318;FALSE;63,9;$3,874;138,28;4,2;A;155 083;2012;8
40;31/08/2012;$987 265;FALSE;66,1;$3,884;138,38;4,2;A;155 083;2012;8
40;07/09/2012;$1 088 248;TRUE;65,1;$3,921;138,47;4,2;A;155 083;2012;9
40;14/09/2012;$901 710;FALSE;59,4;$3,988;138,57;4,2;A;155 083;2012;9
40;21/09/2012;$899 768;FALSE;54,1;$4,056;138,65;4,2;A;155 083;2012;9
40;28/09/2012;$919 595;FALSE;51,0;$4,018;138,74;4,2;A;155 083;2012;9
40;05/10/2012;$1 069 112;FALSE;57,2;$4,027;138,83;4,1;A;155 083;2012;10
40;12/10/2012;$982 523;FALSE;47,4;$4,029;138,91;4,1;A;155 083;2012;10
40;19/10/2012;$918 171;FALSE;46,3;$4,000;138,83;4,1;A;155 083;2012;10
40;26/10/2012;$921 265;FALSE;49,7;$3,917;138,73;4,1;A;155 083;2012;10
41;05/02/2010;$1 086 533;FALSE;30,3;$2,580;189,38;7,5;A;196 321;2010;2
41;12/02/2010;$1 075 656;TRUE;23,0;$2,572;189,46;7,5;A;196 321;2010;2
41;19/02/2010;$1 052 035;FALSE;24,1;$2,550;189,53;7,5;A;196 321;2010;2
41;26/02/2010;$991 942;FALSE;21,8;$2,586;189,60;7,5;A;196 321;2010;2
41;05/03/2010;$1 063 557;FALSE;32,5;$2,620;189,67;7,5;A;196 321;2010;3
41;12/03/2010;$1 023 998;FALSE;33,4;$2,684;189,74;7,5;A;196 321;2010;3
41;19/03/2010;$1 006 598;FALSE;36,7;$2,692;189,73;7,5;A;196 321;2010;3
41;26/03/2010;$1 015 196;FALSE;32,3;$2,717;189,72;7,5;A;196 321;2010;3
41;02/04/2010;$1 168 826;FALSE;41,3;$2,725;189,70;7,4;A;196 321;2010;4
41;09/04/2010;$1 082 158;FALSE;37,3;$2,750;189,69;7,4;A;196 321;2010;4
41;16/04/2010;$1 043 389;FALSE;46,8;$2,765;189,66;7,4;A;196 321;2010;4
41;23/04/2010;$1 067 341;FALSE;45,3;$2,776;189,62;7,4;A;196 321;2010;4
41;30/04/2010;$1 063 960;FALSE;40,2;$2,766;189,58;7,4;A;196 321;2010;4
41;07/05/2010;$1 175 738;FALSE;41,5;$2,771;189,53;7,4;A;196 321;2010;5
41;14/05/2010;$1 116 439;FALSE;40,2;$2,788;189,49;7,4;A;196 321;2010;5
41;21/05/2010;$1 163 234;FALSE;50,6;$2,776;189,47;7,4;A;196 321;2010;5
41;28/05/2010;$1 246 654;FALSE;57,0;$2,737;189,45;7,4;A;196 321;2010;5
41;04/06/2010;$1 305 068;FALSE;60,1;$2,700;189,42;7,4;A;196 321;2010;6
41;11/06/2010;$1 217 199;FALSE;63,4;$2,684;189,40;7,4;A;196 321;2010;6
41;18/06/2010;$1 202 963;FALSE;54,9;$2,674;189,42;7,4;A;196 321;2010;6
41;25/06/2010;$1 174 210;FALSE;66,0;$2,715;189,45;7,4;A;196 321;2010;6
41;02/07/2010;$1 273 280;FALSE;69,4;$2,728;189,49;7,3;A;196 321;2010;7
41;09/07/2010;$1 176 080;FALSE;60,9;$2,711;189,52;7,3;A;196 321;2010;7
41;16/07/2010;$1 179 788;FALSE;69,1;$2,699;189,61;7,3;A;196 321;2010;7
41;23/07/2010;$1 192 214;FALSE;70,8;$2,691;189,77;7,3;A;196 321;2010;7
41;30/07/2010;$1 211 137;FALSE;70,1;$2,690;189,94;7,3;A;196 321;2010;7
41;06/08/2010;$1 338 133;FALSE;69,2;$2,690;190,10;7,3;A;196 321;2010;8
41;13/08/2010;$1 285 977;FALSE;70,2;$2,723;190,26;7,3;A;196 321;2010;8
41;20/08/2010;$1 353 838;FALSE;66,2;$2,732;190,29;7,3;A;196 321;2010;8
41;27/08/2010;$1 173 132;FALSE;70,6;$2,731;190,33;7,3;A;196 321;2010;8
41;03/09/2010;$1 223 356;FALSE;64,1;$2,773;190,36;7,3;A;196 321;2010;9
41;10/09/2010;$1 172 672;TRUE;63,3;$2,780;190,40;7,3;A;196 321;2010;9
41;17/09/2010;$1 111 171;FALSE;62,4;$2,800;190,47;7,3;A;196 321;2010;9
41;24/09/2010;$1 110 942;FALSE;60,1;$2,793;190,57;7,3;A;196 321;2010;9
41;01/10/2010;$1 109 216;FALSE;62,7;$2,759;190,67;7,5;A;196 321;2010;10
41;08/10/2010;$1 162 042;FALSE;57,1;$2,745;190,78;7,5;A;196 321;2010;10
41;15/10/2010;$1 133 913;FALSE;49,9;$2,762;190,86;7,5;A;196 321;2010;10
41;22/10/2010;$1 156 004;FALSE;48,1;$2,762;190,91;7,5;A;196 321;2010;10
41;29/10/2010;$1 144 855;FALSE;42,2;$2,748;190,95;7,5;A;196 321;2010;10
41;05/11/2010;$1 163 878;FALSE;46,7;$2,729;191,00;7,5;A;196 321;2010;11
41;12/11/2010;$1 175 326;FALSE;39,0;$2,737;191,04;7,5;A;196 321;2010;11
41;19/11/2010;$1 172 155;FALSE;31,3;$2,758;191,03;7,5;A;196 321;2010;11
41;26/11/2010;$1 866 682;TRUE;25,3;$2,742;191,01;7,5;A;196 321;2010;11
41;03/12/2010;$1 220 116;FALSE;33,0;$2,712;190,99;7,5;A;196 321;2010;12
41;10/12/2010;$1 434 908;FALSE;33,9;$2,728;190,97;7,5;A;196 321;2010;12
41;17/12/2010;$1 627 905;FALSE;31,5;$2,778;191,03;7,5;A;196 321;2010;12
41;24/12/2010;$2 225 017;FALSE;29,8;$2,781;191,14;7,5;A;196 321;2010;12
41;31/12/2010;$1 001 790;TRUE;25,2;$2,829;191,26;7,5;A;196 321;2010;12
41;07/01/2011;$1 153 597;FALSE;23,8;$2,882;191,37;7,2;A;196 321;2011;1
41;14/01/2011;$1 052 609;FALSE;22,4;$2,911;191,48;7,2;A;196 321;2011;1
41;21/01/2011;$1 088 026;FALSE;32,7;$2,973;191,57;7,2;A;196 321;2011;1
41;28/01/2011;$1 026 440;FALSE;32,2;$3,008;191,67;7,2;A;196 321;2011;1
41;04/02/2011;$1 179 421;FALSE;14,6;$3,011;191,76;7,2;A;196 321;2011;2
41;11/02/2011;$1 150 003;TRUE;16,8;$3,037;191,86;7,2;A;196 321;2011;2
41;18/02/2011;$1 203 400;FALSE;39,4;$3,051;191,92;7,2;A;196 321;2011;2
41;25/02/2011;$1 099 715;FALSE;26,1;$3,101;191,96;7,2;A;196 321;2011;2
41;04/03/2011;$1 229 258;FALSE;35,0;$3,232;192,01;7,2;A;196 321;2011;3
41;11/03/2011;$1 159 090;FALSE;31,6;$3,372;192,06;7,2;A;196 321;2011;3
41;18/03/2011;$1 115 504;FALSE;40,2;$3,406;192,12;7,2;A;196 321;2011;3
41;25/03/2011;$1 140 578;FALSE;41,1;$3,414;192,20;7,2;A;196 321;2011;3
41;01/04/2011;$1 179 125;FALSE;38,2;$3,461;192,27;6,9;A;196 321;2011;4
41;08/04/2011;$1 206 252;FALSE;42,9;$3,532;192,34;6,9;A;196 321;2011;4
41;15/04/2011;$1 192 982;FALSE;39,9;$3,611;192,42;6,9;A;196 321;2011;4
41;22/04/2011;$1 304 482;FALSE;42,9;$3,636;192,52;6,9;A;196 321;2011;4
41;29/04/2011;$1 178 841;FALSE;39,8;$3,663;192,62;6,9;A;196 321;2011;4
41;06/05/2011;$1 244 957;FALSE;41,2;$3,735;192,73;6,9;A;196 321;2011;5
41;13/05/2011;$1 270 026;FALSE;50,3;$3,767;192,83;6,9;A;196 321;2011;5
41;20/05/2011;$1 244 542;FALSE;41,1;$3,828;192,83;6,9;A;196 321;2011;5
41;27/05/2011;$1 278 304;FALSE;50,6;$3,795;192,84;6,9;A;196 321;2011;5
41;03/06/2011;$1 297 585;FALSE;54,8;$3,763;192,84;6,9;A;196 321;2011;6
41;10/06/2011;$1 311 690;FALSE;61,1;$3,735;192,85;6,9;A;196 321;2011;6
41;17/06/2011;$1 289 152;FALSE;62,3;$3,697;192,90;6,9;A;196 321;2011;6
41;24/06/2011;$1 244 382;FALSE;59,5;$3,661;193,00;6,9;A;196 321;2011;6
41;01/07/2011;$1 333 348;FALSE;67,0;$3,597;193,09;6,9;A;196 321;2011;7
41;08/07/2011;$1 338 863;FALSE;68,5;$3,540;193,19;6,9;A;196 321;2011;7
41;15/07/2011;$1 245 773;FALSE;68,2;$3,532;193,31;6,9;A;196 321;2011;7
41;22/07/2011;$1 292 831;FALSE;74,1;$3,545;193,51;6,9;A;196 321;2011;7
41;29/07/2011;$1 248 330;FALSE;71,3;$3,547;193,71;6,9;A;196 321;2011;7
41;05/08/2011;$1 402 234;FALSE;72,2;$3,554;193,91;6,9;A;196 321;2011;8
41;12/08/2011;$1 356 690;FALSE;67,7;$3,542;194,11;6,9;A;196 321;2011;8
41;19/08/2011;$1 412 960;FALSE;70,6;$3,499;194,25;6,9;A;196 321;2011;8
41;26/08/2011;$1 328 741;FALSE;71,6;$3,485;194,38;6,9;A;196 321;2011;8
41;02/09/2011;$1 283 849;FALSE;70,4;$3,511;194,51;6,9;A;196 321;2011;9
41;09/09/2011;$1 280 959;TRUE;58,3;$3,566;194,64;6,9;A;196 321;2011;9
41;16/09/2011;$1 197 019;FALSE;54,8;$3,596;194,74;6,9;A;196 321;2011;9
41;23/09/2011;$1 173 060;FALSE;55,1;$3,581;194,81;6,9;A;196 321;2011;9
41;30/09/2011;$1 160 620;FALSE;61,8;$3,538;194,88;6,9;A;196 321;2011;9
41;07/10/2011;$1 277 883;FALSE;58,7;$3,498;194,95;6,8;A;196 321;2011;10
41;14/10/2011;$1 247 130;FALSE;47,4;$3,491;195,03;6,8;A;196 321;2011;10
41;21/10/2011;$1 214 944;FALSE;45,6;$3,548;195,18;6,8;A;196 321;2011;10
41;28/10/2011;$1 274 463;FALSE;37,0;$3,550;195,33;6,8;A;196 321;2011;10
41;04/11/2011;$1 315 685;FALSE;35,0;$3,527;195,48;6,8;A;196 321;2011;11
41;11/11/2011;$1 302 499;FALSE;32,9;$3,505;195,64;6,8;A;196 321;2011;11
41;18/11/2011;$1 230 118;FALSE;36,6;$3,479;195,72;6,8;A;196 321;2011;11
41;25/11/2011;$1 906 713;TRUE;36,4;$3,424;195,77;6,8;A;196 321;2011;11
41;02/12/2011;$1 292 436;FALSE;34,5;$3,378;195,82;6,8;A;196 321;2011;12
41;09/12/2011;$1 548 661;FALSE;17,1;$3,331;195,87;6,8;A;196 321;2011;12
41;16/12/2011;$1 682 368;FALSE;25,0;$3,266;195,98;6,8;A;196 321;2011;12
41;23/12/2011;$2 263 723;FALSE;25,6;$3,173;196,17;6,8;A;196 321;2011;12
41;30/12/2011;$1 264 014;TRUE;34,1;$3,119;196,36;6,8;A;196 321;2011;12
41;06/01/2012;$1 208 192;FALSE;37,2;$3,095;196,55;6,6;A;196 321;2012;1
41;13/01/2012;$1 134 767;FALSE;27,5;$3,077;196,73;6,6;A;196 321;2012;1
41;20/01/2012;$1 116 295;FALSE;31,6;$3,055;196,78;6,6;A;196 321;2012;1
41;27/01/2012;$1 079 399;FALSE;33,2;$3,038;196,83;6,6;A;196 321;2012;1
41;03/02/2012;$1 208 826;FALSE;31,7;$3,031;196,87;6,6;A;196 321;2012;2
41;10/02/2012;$1 238 845;TRUE;22,0;$3,103;196,92;6,6;A;196 321;2012;2
41;17/02/2012;$1 330 451;FALSE;22,5;$3,113;196,94;6,6;A;196 321;2012;2
41;24/02/2012;$1 224 916;FALSE;27,9;$3,129;196,95;6,6;A;196 321;2012;2
41;02/03/2012;$1 239 813;FALSE;27,4;$3,191;196,96;6,6;A;196 321;2012;3
41;09/03/2012;$1 243 815;FALSE;35,3;$3,286;196,96;6,6;A;196 321;2012;3
41;16/03/2012;$1 201 512;FALSE;47,8;$3,486;197,05;6,6;A;196 321;2012;3
41;23/03/2012;$1 215 354;FALSE;44,0;$3,664;197,23;6,6;A;196 321;2012;3
41;30/03/2012;$1 239 423;FALSE;51,6;$3,750;197,41;6,6;A;196 321;2012;3
41;06/04/2012;$1 460 234;FALSE;48,5;$3,854;197,60;6,5;A;196 321;2012;4
41;13/04/2012;$1 323 005;FALSE;46,8;$3,901;197,78;6,5;A;196 321;2012;4
41;20/04/2012;$1 220 815;FALSE;43,6;$3,936;197,72;6,5;A;196 321;2012;4
41;27/04/2012;$1 248 951;FALSE;57,7;$3,927;197,66;6,5;A;196 321;2012;4
41;04/05/2012;$1 359 771;FALSE;52,9;$3,903;197,61;6,5;A;196 321;2012;5
41;11/05/2012;$1 353 285;FALSE;50,2;$3,870;197,55;6,5;A;196 321;2012;5
41;18/05/2012;$1 331 514;FALSE;55,2;$3,837;197,56;6,5;A;196 321;2012;5
41;25/05/2012;$1 424 500;FALSE;54,9;$3,804;197,59;6,5;A;196 321;2012;5
41;01/06/2012;$1 374 891;FALSE;57,3;$3,764;197,62;6,5;A;196 321;2012;6
41;08/06/2012;$1 436 384;FALSE;65,1;$3,741;197,66;6,5;A;196 321;2012;6
41;15/06/2012;$1 384 585;FALSE;64,9;$3,723;197,69;6,5;A;196 321;2012;6
41;22/06/2012;$1 386 407;FALSE;66,9;$3,735;197,74;6,5;A;196 321;2012;6
41;29/06/2012;$1 355 600;FALSE;76,5;$3,693;197,79;6,5;A;196 321;2012;6
41;06/07/2012;$1 456 301;FALSE;74,5;$3,646;197,83;6,4;A;196 321;2012;7
41;13/07/2012;$1 332 594;FALSE;67,2;$3,613;197,88;6,4;A;196 321;2012;7
41;20/07/2012;$1 347 176;FALSE;74,1;$3,585;197,93;6,4;A;196 321;2012;7
41;27/07/2012;$1 344 724;FALSE;73,3;$3,570;197,98;6,4;A;196 321;2012;7
41;03/08/2012;$1 439 607;FALSE;73,2;$3,528;198,03;6,4;A;196 321;2012;8
41;10/08/2012;$1 504 546;FALSE;71,7;$3,509;198,08;6,4;A;196 321;2012;8
41;17/08/2012;$1 560 590;FALSE;65,8;$3,545;198,10;6,4;A;196 321;2012;8
41;24/08/2012;$1 464 463;FALSE;69,1;$3,558;198,10;6,4;A;196 321;2012;8
41;31/08/2012;$1 360 518;FALSE;71,6;$3,556;198,10;6,4;A;196 321;2012;8
41;07/09/2012;$1 392 144;TRUE;67,4;$3,596;198,10;6,4;A;196 321;2012;9
41;14/09/2012;$1 306 644;FALSE;59,4;$3,659;198,13;6,4;A;196 321;2012;9
41;21/09/2012;$1 276 609;FALSE;59,8;$3,765;198,36;6,4;A;196 321;2012;9
41;28/09/2012;$1 307 928;FALSE;56,1;$3,789;198,59;6,4;A;196 321;2012;9
41;05/10/2012;$1 400 161;FALSE;50,1;$3,779;198,82;6,2;A;196 321;2012;10
41;12/10/2012;$1 409 545;FALSE;39,4;$3,760;199,05;6,2;A;196 321;2012;10
41;19/10/2012;$1 326 197;FALSE;49,6;$3,750;199,15;6,2;A;196 321;2012;10
41;26/10/2012;$1 316 543;FALSE;41,8;$3,686;199,22;6,2;A;196 321;2012;10
42;05/02/2010;$543 384;FALSE;54,3;$2,962;126,44;9,8;C;39 690;2010;2
42;12/02/2010;$575 710;TRUE;50,0;$2,828;126,50;9,8;C;39 690;2010;2
42;19/02/2010;$508 795;FALSE;58,2;$2,915;126,53;9,8;C;39 690;2010;2
42;26/02/2010;$491 511;FALSE;52,8;$2,825;126,55;9,8;C;39 690;2010;2
42;05/03/2010;$554 972;FALSE;55,9;$2,877;126,58;9,8;C;39 690;2010;3
42;12/03/2010;$588 364;FALSE;52,3;$3,034;126,60;9,8;C;39 690;2010;3
42;19/03/2010;$519 914;FALSE;61,5;$3,054;126,61;9,8;C;39 690;2010;3
42;26/03/2010;$478 022;FALSE;60,1;$2,980;126,61;9,8;C;39 690;2010;3
42;02/04/2010;$505 907;FALSE;63,7;$3,086;126,60;9,5;C;39 690;2010;4
42;09/04/2010;$582 552;FALSE;65,3;$3,004;126,60;9,5;C;39 690;2010;4
42;16/04/2010;$549 528;FALSE;69,7;$3,109;126,56;9,5;C;39 690;2010;4
42;23/04/2010;$492 365;FALSE;66,4;$3,050;126,47;9,5;C;39 690;2010;4
42;30/04/2010;$477 616;FALSE;69,8;$3,105;126,38;9,5;C;39 690;2010;4
42;07/05/2010;$582 846;FALSE;71,1;$3,127;126,29;9,5;C;39 690;2010;5
42;14/05/2010;$564 346;FALSE;73,9;$3,145;126,21;9,5;C;39 690;2010;5
42;21/05/2010;$504 403;FALSE;78,3;$3,120;126,18;9,5;C;39 690;2010;5
42;28/05/2010;$484 097;FALSE;76,7;$3,058;126,16;9,5;C;39 690;2010;5
42;04/06/2010;$556 046;FALSE;82,8;$2,941;126,14;9,5;C;39 690;2010;6
42;11/06/2010;$607 219;FALSE;89,7;$3,057;126,11;9,5;C;39 690;2010;6
42;18/06/2010;$529 419;FALSE;83,5;$2,935;126,11;9,5;C;39 690;2010;6
42;25/06/2010;$484 328;FALSE;90,3;$3,084;126,13;9,5;C;39 690;2010;6
42;02/07/2010;$507 169;FALSE;92,9;$2,978;126,14;9,2;C;39 690;2010;7
42;09/07/2010;$570 069;FALSE;91,0;$3,100;126,15;9,2;C;39 690;2010;7
42;16/07/2010;$558 837;FALSE;91,8;$2,971;126,15;9,2;C;39 690;2010;7
42;23/07/2010;$491 116;FALSE;88,4;$3,112;126,13;9,2;C;39 690;2010;7
42;30/07/2010;$469 599;FALSE;85,0;$3,017;126,11;9,2;C;39 690;2010;7
42;06/08/2010;$579 544;FALSE;86,1;$3,123;126,09;9,2;C;39 690;2010;8
42;13/08/2010;$583 080;FALSE;88,4;$3,049;126,06;9,2;C;39 690;2010;8
42;20/08/2010;$500 946;FALSE;89,9;$3,041;126,08;9,2;C;39 690;2010;8
42;27/08/2010;$465 994;FALSE;85,0;$3,022;126,09;9,2;C;39 690;2010;8
42;03/09/2010;$524 658;FALSE;83,8;$3,087;126,10;9,2;C;39 690;2010;9
42;10/09/2010;$589 091;TRUE;84,0;$2,961;126,11;9,2;C;39 690;2010;9
42;17/09/2010;$536 872;FALSE;85,5;$3,028;126,15;9,2;C;39 690;2010;9
42;24/09/2010;$492 263;FALSE;85,8;$2,939;126,19;9,2;C;39 690;2010;9
42;01/10/2010;$481 524;FALSE;86,0;$3,001;126,23;9,0;C;39 690;2010;10
42;08/10/2010;$599 759;FALSE;77,0;$2,924;126,28;9,0;C;39 690;2010;10
42;15/10/2010;$559 285;FALSE;75,5;$3,080;126,33;9,0;C;39 690;2010;10
42;22/10/2010;$522 468;FALSE;68,1;$3,014;126,38;9,0;C;39 690;2010;10
42;29/10/2010;$476 968;FALSE;68,8;$3,130;126,44;9,0;C;39 690;2010;10
42;05/11/2010;$565 390;FALSE;71,0;$3,009;126,49;9,0;C;39 690;2010;11
42;12/11/2010;$588 593;FALSE;61,2;$3,130;126,55;9,0;C;39 690;2010;11
42;19/11/2010;$524 316;FALSE;58,8;$3,047;126,61;9,0;C;39 690;2010;11
42;26/11/2010;$522 297;TRUE;55,3;$3,162;126,67;9,0;C;39 690;2010;11
42;03/12/2010;$500 251;FALSE;51,2;$3,041;126,73;9,0;C;39 690;2010;12
42;10/12/2010;$585 175;FALSE;60,5;$3,091;126,79;9,0;C;39 690;2010;12
42;17/12/2010;$537 456;FALSE;59,2;$3,125;126,88;9,0;C;39 690;2010;12
42;24/12/2010;$555 075;FALSE;57,1;$3,236;126,98;9,0;C;39 690;2010;12
42;31/12/2010;$428 954;TRUE;49,7;$3,148;127,09;9,0;C;39 690;2010;12
42;07/01/2011;$592 948;FALSE;43,4;$3,287;127,19;8,7;C;39 690;2011;1
42;14/01/2011;$613 899;FALSE;50,0;$3,312;127,30;8,7;C;39 690;2011;1
42;21/01/2011;$533 415;FALSE;56,8;$3,336;127,44;8,7;C;39 690;2011;1
42;28/01/2011;$499 082;FALSE;53,0;$3,231;127,58;8,7;C;39 690;2011;1
42;04/02/2011;$586 886;FALSE;44,9;$3,348;127,72;8,7;C;39 690;2011;2
42;11/02/2011;$628 064;TRUE;51,5;$3,381;127,86;8,7;C;39 690;2011;2
42;18/02/2011;$556 485;FALSE;61,8;$3,430;128,00;8,7;C;39 690;2011;2
42;25/02/2011;$526 904;FALSE;53,6;$3,398;128,13;8,7;C;39 690;2011;2
42;04/03/2011;$570 879;FALSE;57,0;$3,674;128,26;8,7;C;39 690;2011;3
42;11/03/2011;$607 295;FALSE;64,2;$3,630;128,40;8,7;C;39 690;2011;3
42;18/03/2011;$558 239;FALSE;70,1;$3,892;128,51;8,7;C;39 690;2011;3
42;25/03/2011;$522 674;FALSE;62,5;$3,716;128,62;8,7;C;39 690;2011;3
42;01/04/2011;$508 432;FALSE;67,6;$3,772;128,72;8,5;C;39 690;2011;4
42;08/04/2011;$620 087;FALSE;73,0;$3,818;128,82;8,5;C;39 690;2011;4
42;15/04/2011;$597 644;FALSE;61,1;$4,089;128,91;8,5;C;39 690;2011;4
42;22/04/2011;$534 598;FALSE;75,9;$3,917;128,96;8,5;C;39 690;2011;4
42;29/04/2011;$496 010;FALSE;73,4;$4,151;129,00;8,5;C;39 690;2011;4
42;06/05/2011;$612 337;FALSE;73,6;$4,193;129,04;8,5;C;39 690;2011;5
42;13/05/2011;$603 025;FALSE;74,0;$4,202;129,09;8,5;C;39 690;2011;5
42;20/05/2011;$524 560;FALSE;72,6;$3,990;129,08;8,5;C;39 690;2011;5
42;27/05/2011;$503 295;FALSE;78,6;$3,933;129,06;8,5;C;39 690;2011;5
42;03/06/2011;$545 109;FALSE;81,9;$3,893;129,05;8,5;C;39 690;2011;6
42;10/06/2011;$616 702;FALSE;84,6;$3,981;129,04;8,5;C;39 690;2011;6
42;17/06/2011;$546 676;FALSE;88,0;$3,935;129,04;8,5;C;39 690;2011;6
42;24/06/2011;$501 781;FALSE;90,7;$3,807;129,07;8,5;C;39 690;2011;6
42;01/07/2011;$506 344;FALSE;95,4;$3,842;129,09;8,3;C;39 690;2011;7
42;08/07/2011;$593 234;FALSE;88,6;$3,793;129,11;8,3;C;39 690;2011;7
42;15/07/2011;$591 704;FALSE;86,0;$3,779;129,13;8,3;C;39 690;2011;7
42;22/07/2011;$511 316;FALSE;88,6;$3,697;129,15;8,3;C;39 690;2011;7
42;29/07/2011;$479 257;FALSE;86,8;$3,694;129,17;8,3;C;39 690;2011;7
42;05/08/2011;$572 603;FALSE;89,8;$3,803;129,18;8,3;C;39 690;2011;8
42;12/08/2011;$603 147;FALSE;85,6;$3,794;129,20;8,3;C;39 690;2011;8
42;19/08/2011;$526 641;FALSE;87,4;$3,743;129,24;8,3;C;39 690;2011;8
42;26/08/2011;$503 721;FALSE;91,6;$3,663;129,28;8,3;C;39 690;2011;8
42;02/09/2011;$537 125;FALSE;91,6;$3,798;129,33;8,3;C;39 690;2011;9
42;09/09/2011;$608 391;TRUE;89,1;$3,771;129,37;8,3;C;39 690;2011;9
42;16/09/2011;$576 837;FALSE;77,5;$3,784;129,43;8,3;C;39 690;2011;9
42;23/09/2011;$528 486;FALSE;82,5;$3,789;129,52;8,3;C;39 690;2011;9
42;30/09/2011;$510 244;FALSE;82,3;$3,877;129,61;8,3;C;39 690;2011;9
42;07/10/2011;$649 111;FALSE;75,0;$3,827;129,69;7,9;C;39 690;2011;10
42;14/10/2011;$613 531;FALSE;70,3;$3,698;129,77;7,9;C;39 690;2011;10
42;21/10/2011;$537 276;FALSE;77,9;$3,842;129,78;7,9;C;39 690;2011;10
42;28/10/2011;$515 600;FALSE;72,8;$3,843;129,79;7,9;C;39 690;2011;10
42;04/11/2011;$597 667;FALSE;68,6;$3,828;129,81;7,9;C;39 690;2011;11
42;11/11/2011;$643 125;FALSE;55,3;$3,677;129,82;7,9;C;39 690;2011;11
42;18/11/2011;$567 674;FALSE;59,0;$3,669;129,83;7,9;C;39 690;2011;11
42;25/11/2011;$577 698;TRUE;60,7;$3,760;129,84;7,9;C;39 690;2011;11
42;02/12/2011;$511 883;FALSE;57,3;$3,701;129,85;7,9;C;39 690;2011;12
42;09/12/2011;$619 133;FALSE;42,6;$3,644;129,86;7,9;C;39 690;2011;12
42;16/12/2011;$598 438;FALSE;50,5;$3,489;129,90;7,9;C;39 690;2011;12
42;23/12/2011;$575 676;FALSE;48,4;$3,541;129,98;7,9;C;39 690;2011;12
42;30/12/2011;$454 412;TRUE;48,9;$3,428;130,07;7,9;C;39 690;2011;12
42;06/01/2012;$636 372;FALSE;59,9;$3,443;130,16;7,5;C;39 690;2012;1
42;13/01/2012;$664 348;FALSE;51,0;$3,477;130,24;7,5;C;39 690;2012;1
42;20/01/2012;$579 500;FALSE;54,5;$3,660;130,28;7,5;C;39 690;2012;1
42;27/01/2012;$538 979;FALSE;53,6;$3,675;130,31;7,5;C;39 690;2012;1
42;03/02/2012;$588 448;FALSE;56,9;$3,543;130,35;7,5;C;39 690;2012;2
42;10/02/2012;$674 919;TRUE;55,7;$3,722;130,38;7,5;C;39 690;2012;2
42;17/02/2012;$606 672;FALSE;54,1;$3,781;130,45;7,5;C;39 690;2012;2
42;24/02/2012;$564 304;FALSE;56,0;$3,950;130,55;7,5;C;39 690;2012;2
42;02/03/2012;$585 895;FALSE;57,6;$3,882;130,65;7,5;C;39 690;2012;3
42;09/03/2012;$659 816;FALSE;57,7;$3,963;130,74;7,5;C;39 690;2012;3
42;16/03/2012;$618 767;FALSE;62,1;$4,273;130,83;7,5;C;39 690;2012;3
42;23/03/2012;$561 226;FALSE;56,5;$4,288;130,90;7,5;C;39 690;2012;3
42;30/03/2012;$544 408;FALSE;67,9;$4,294;130,97;7,5;C;39 690;2012;3
42;06/04/2012;$652 312;FALSE;66,0;$4,282;131,04;7,4;C;39 690;2012;4
42;13/04/2012;$639 123;FALSE;70,3;$4,254;131,11;7,4;C;39 690;2012;4
42;20/04/2012;$552 529;FALSE;67,8;$4,111;131,12;7,4;C;39 690;2012;4
42;27/04/2012;$526 625;FALSE;80,1;$4,088;131,13;7,4;C;39 690;2012;4
42;04/05/2012;$609 275;FALSE;77,0;$4,058;131,14;7,4;C;39 690;2012;5
42;11/05/2012;$643 604;FALSE;76,0;$4,186;131,15;7,4;C;39 690;2012;5
42;18/05/2012;$590 636;FALSE;85,2;$4,308;131,10;7,4;C;39 690;2012;5
42;25/05/2012;$535 765;FALSE;86,0;$4,127;131,03;7,4;C;39 690;2012;5
42;01/06/2012;$521 954;FALSE;80,1;$4,277;130,96;7,4;C;39 690;2012;6
42;08/06/2012;$642 671;FALSE;86,9;$4,103;130,89;7,4;C;39 690;2012;6
42;15/06/2012;$606 309;FALSE;88,6;$4,144;130,83;7,4;C;39 690;2012;6
42;22/06/2012;$540 031;FALSE;89,9;$4,014;130,79;7,4;C;39 690;2012;6
42;29/06/2012;$507 404;FALSE;91,4;$3,875;130,76;7,4;C;39 690;2012;6
42;06/07/2012;$618 702;FALSE;86,9;$3,666;130,72;7,2;C;39 690;2012;7
42;13/07/2012;$628 099;FALSE;89,8;$3,723;130,68;7,2;C;39 690;2012;7
42;20/07/2012;$530 318;FALSE;84,5;$3,589;130,70;7,2;C;39 690;2012;7
42;27/07/2012;$516 352;FALSE;84,0;$3,769;130,72;7,2;C;39 690;2012;7
42;03/08/2012;$573 085;FALSE;84,8;$3,595;130,74;7,2;C;39 690;2012;8
42;10/08/2012;$576 620;FALSE;90,8;$3,811;130,76;7,2;C;39 690;2012;8
42;17/08/2012;$575 998;FALSE;88,8;$4,002;130,79;7,2;C;39 690;2012;8
42;24/08/2012;$535 537;FALSE;82,5;$4,055;130,84;7,2;C;39 690;2012;8
42;31/08/2012;$504 761;FALSE;87,0;$3,886;130,89;7,2;C;39 690;2012;8
42;07/09/2012;$617 405;TRUE;83,1;$4,124;130,93;7,2;C;39 690;2012;9
42;14/09/2012;$586 738;FALSE;78,5;$3,966;130,98;7,2;C;39 690;2012;9
42;21/09/2012;$527 166;FALSE;81,9;$4,125;131,01;7,2;C;39 690;2012;9
42;28/09/2012;$505 978;FALSE;82,5;$3,966;131,04;7,2;C;39 690;2012;9
42;05/10/2012;$593 163;FALSE;80,9;$4,132;131,08;6,9;C;39 690;2012;10
42;12/10/2012;$612 380;FALSE;76,0;$4,468;131,11;6,9;C;39 690;2012;10
42;19/10/2012;$541 407;FALSE;72,7;$4,449;131,15;6,9;C;39 690;2012;10
42;26/10/2012;$514 756;FALSE;70,5;$4,301;131,19;6,9;C;39 690;2012;10
43;05/02/2010;$647 029;FALSE;47,3;$2,572;203,06;9,5;C;41 062;2010;2
43;12/02/2010;$682 919;TRUE;48,0;$2,548;203,20;9,5;C;41 062;2010;2
43;19/02/2010;$658 998;FALSE;48,8;$2,514;203,25;9,5;C;41 062;2010;2
43;26/02/2010;$618 703;FALSE;48,8;$2,561;203,28;9,5;C;41 062;2010;2
43;05/03/2010;$658 600;FALSE;52,9;$2,625;203,31;9,5;C;41 062;2010;3
43;12/03/2010;$645 387;FALSE;53,7;$2,667;203,34;9,5;C;41 062;2010;3
43;19/03/2010;$668 098;FALSE;56,0;$2,720;203,20;9,5;C;41 062;2010;3
43;26/03/2010;$623 098;FALSE;54,5;$2,732;203,02;9,5;C;41 062;2010;3
43;02/04/2010;$650 103;FALSE;62,2;$2,719;202,84;9,6;C;41 062;2010;4
43;09/04/2010;$693 058;FALSE;64,4;$2,770;202,66;9,6;C;41 062;2010;4
43;16/04/2010;$675 282;FALSE;69,5;$2,808;202,54;9,6;C;41 062;2010;4
43;23/04/2010;$638 957;FALSE;62,7;$2,795;202,48;9,6;C;41 062;2010;4
43;30/04/2010;$630 740;FALSE;66,9;$2,780;202,43;9,6;C;41 062;2010;4
43;07/05/2010;$691 499;FALSE;67,2;$2,835;202,38;9,6;C;41 062;2010;5
43;14/05/2010;$690 852;FALSE;72,1;$2,854;202,37;9,6;C;41 062;2010;5
43;21/05/2010;$672 062;FALSE;74,7;$2,826;202,62;9,6;C;41 062;2010;5
43;28/05/2010;$630 316;FALSE;78,6;$2,759;202,87;9,6;C;41 062;2010;5
43;04/06/2010;$682 013;FALSE;82,8;$2,705;203,12;9,6;C;41 062;2010;6
43;11/06/2010;$684 024;FALSE;88,1;$2,668;203,37;9,6;C;41 062;2010;6
43;18/06/2010;$700 010;FALSE;84,9;$2,637;203,37;9,6;C;41 062;2010;6
43;25/06/2010;$625 196;FALSE;88,5;$2,653;203,27;9,6;C;41 062;2010;6
43;02/07/2010;$667 354;FALSE;80,2;$2,669;203,16;9,8;C;41 062;2010;7
43;09/07/2010;$718 748;FALSE;81,5;$2,642;203,06;9,8;C;41 062;2010;7
43;16/07/2010;$696 844;FALSE;84,2;$2,623;203,05;9,8;C;41 062;2010;7
43;23/07/2010;$649 036;FALSE;86,6;$2,608;203,18;9,8;C;41 062;2010;7
43;30/07/2010;$622 112;FALSE;79,8;$2,640;203,30;9,8;C;41 062;2010;7
43;06/08/2010;$698 536;FALSE;84,7;$2,627;203,42;9,8;C;41 062;2010;8
43;13/08/2010;$713 480;FALSE;86,3;$2,692;203,54;9,8;C;41 062;2010;8
43;20/08/2010;$712 869;FALSE;85,3;$2,664;203,51;9,8;C;41 062;2010;8
43;27/08/2010;$655 285;FALSE;80,3;$2,619;203,48;9,8;C;41 062;2010;8
43;03/09/2010;$689 327;FALSE;80,4;$2,577;203,45;9,8;C;41 062;2010;9
43;10/09/2010;$722 120;TRUE;81,3;$2,565;203,42;9,8;C;41 062;2010;9
43;17/09/2010;$725 043;FALSE;78,9;$2,582;203,45;9,8;C;41 062;2010;9
43;24/09/2010;$650 264;FALSE;77,4;$2,624;203,52;9,8;C;41 062;2010;9
43;01/10/2010;$657 109;FALSE;77,9;$2,603;203,59;10,2;C;41 062;2010;10
43;08/10/2010;$713 333;FALSE;72,8;$2,633;203,67;10,2;C;41 062;2010;10
43;15/10/2010;$699 853;FALSE;68,8;$2,720;203,73;10,2;C;41 062;2010;10
43;22/10/2010;$680 943;FALSE;69,5;$2,725;203,78;10,2;C;41 062;2010;10
43;29/10/2010;$610 076;FALSE;65,9;$2,716;203,82;10,2;C;41 062;2010;10
43;05/11/2010;$605 960;FALSE;62,5;$2,689;203,87;10,2;C;41 062;2010;11
43;12/11/2010;$595 421;FALSE;60,0;$2,728;203,92;10,2;C;41 062;2010;11
43;19/11/2010;$589 467;FALSE;55,0;$2,771;203,82;10,2;C;41 062;2010;11
43;26/11/2010;$633 520;TRUE;54,8;$2,735;203,70;10,2;C;41 062;2010;11
43;03/12/2010;$557 544;FALSE;44,6;$2,708;203,57;10,2;C;41 062;2010;12
43;10/12/2010;$598 679;FALSE;52,5;$2,843;203,45;10,2;C;41 062;2010;12
43;17/12/2010;$615 762;FALSE;56,5;$2,869;203,40;10,2;C;41 062;2010;12
43;24/12/2010;$656 638;FALSE;57,2;$2,886;203,41;10,2;C;41 062;2010;12
43;31/12/2010;$534 740;TRUE;48,6;$2,943;203,42;10,2;C;41 062;2010;12
43;07/01/2011;$611 797;FALSE;40,5;$2,976;203,43;10,4;C;41 062;2011;1
43;14/01/2011;$614 940;FALSE;43,5;$2,983;203,48;10,4;C;41 062;2011;1
43;21/01/2011;$601 005;FALSE;53,1;$3,016;203,83;10,4;C;41 062;2011;1
43;28/01/2011;$562 558;FALSE;45,0;$3,010;204,18;10,4;C;41 062;2011;1
43;04/02/2011;$651 522;FALSE;33,2;$2,989;204,53;10,4;C;41 062;2011;2
43;11/02/2011;$635 651;TRUE;40,7;$3,022;204,87;10,4;C;41 062;2011;2
43;18/02/2011;$626 628;FALSE;59,2;$3,045;205,17;10,4;C;41 062;2011;2
43;25/02/2011;$592 340;FALSE;58,4;$3,065;205,44;10,4;C;41 062;2011;2
43;04/03/2011;$616 345;FALSE;60,3;$3,288;205,71;10,4;C;41 062;2011;3
43;11/03/2011;$629 027;FALSE;60,2;$3,459;205,99;10,4;C;41 062;2011;3
43;18/03/2011;$635 171;FALSE;69,0;$3,488;206,23;10,4;C;41 062;2011;3
43;25/03/2011;$585 989;FALSE;65,5;$3,473;206,45;10,4;C;41 062;2011;3
43;01/04/2011;$611 586;FALSE;67,8;$3,524;206,67;10,6;C;41 062;2011;4
43;08/04/2011;$650 419;FALSE;70,4;$3,622;206,90;10,6;C;41 062;2011;4
43;15/04/2011;$635 758;FALSE;65,0;$3,743;207,10;10,6;C;41 062;2011;4
43;22/04/2011;$638 281;FALSE;74,5;$3,807;207,26;10,6;C;41 062;2011;4
43;29/04/2011;$611 464;FALSE;71,3;$3,810;207,41;10,6;C;41 062;2011;4
43;06/05/2011;$649 149;FALSE;66,8;$3,906;207,57;10,6;C;41 062;2011;5
43;13/05/2011;$684 656;FALSE;76,0;$3,899;207,73;10,6;C;41 062;2011;5
43;20/05/2011;$648 330;FALSE;74,2;$3,907;207,52;10,6;C;41 062;2011;5
43;27/05/2011;$578 210;FALSE;80,9;$3,786;207,31;10,6;C;41 062;2011;5
43;03/06/2011;$630 972;FALSE;83,5;$3,699;207,10;10,6;C;41 062;2011;6
43;10/06/2011;$643 042;FALSE;85,8;$3,648;206,90;10,6;C;41 062;2011;6
43;17/06/2011;$665 782;FALSE;88,5;$3,637;206,86;10,6;C;41 062;2011;6
43;24/06/2011;$604 925;FALSE;88,3;$3,594;206,94;10,6;C;41 062;2011;6
43;01/07/2011;$586 782;FALSE;91,4;$3,524;207,03;10,6;C;41 062;2011;7
43;08/07/2011;$651 148;FALSE;87,0;$3,480;207,12;10,6;C;41 062;2011;7
43;15/07/2011;$631 827;FALSE;84,7;$3,575;207,19;10,6;C;41 062;2011;7
43;22/07/2011;$597 354;FALSE;88,6;$3,651;207,25;10,6;C;41 062;2011;7
43;29/07/2011;$533 918;FALSE;83,4;$3,682;207,31;10,6;C;41 062;2011;7
43;05/08/2011;$605 957;FALSE;87,5;$3,684;207,37;10,6;C;41 062;2011;8
43;12/08/2011;$595 627;FALSE;86,6;$3,638;207,43;10,6;C;41 062;2011;8
43;19/08/2011;$663 396;FALSE;82,1;$3,554;207,50;10,6;C;41 062;2011;8
43;26/08/2011;$561 573;FALSE;87,4;$3,523;207,56;10,6;C;41 062;2011;8
43;02/09/2011;$594 225;FALSE;87,8;$3,533;207,62;10,6;C;41 062;2011;9
43;09/09/2011;$649 128;TRUE;79,3;$3,546;207,68;10,6;C;41 062;2011;9
43;16/09/2011;$618 877;FALSE;77,2;$3,526;207,85;10,6;C;41 062;2011;9
43;23/09/2011;$586 108;FALSE;79,0;$3,467;208,16;10,6;C;41 062;2011;9
43;30/09/2011;$555 184;FALSE;79,0;$3,355;208,48;10,6;C;41 062;2011;9
43;07/10/2011;$642 829;FALSE;74,2;$3,285;208,79;10,1;C;41 062;2011;10
43;14/10/2011;$590 985;FALSE;68,1;$3,274;209,08;10,1;C;41 062;2011;10
43;21/10/2011;$594 626;FALSE;70,3;$3,353;209,22;10,1;C;41 062;2011;10
43;28/10/2011;$572 517;FALSE;66,8;$3,372;209,37;10,1;C;41 062;2011;10
43;04/11/2011;$641 905;FALSE;59,1;$3,332;209,52;10,1;C;41 062;2011;11
43;11/11/2011;$615 976;FALSE;51,3;$3,297;209,66;10,1;C;41 062;2011;11
43;18/11/2011;$628 116;FALSE;57,8;$3,308;209,87;10,1;C;41 062;2011;11
43;25/11/2011;$669 965;TRUE;55,7;$3,236;210,09;10,1;C;41 062;2011;11
43;02/12/2011;$585 028;FALSE;47,5;$3,172;210,31;10,1;C;41 062;2011;12
43;09/12/2011;$617 898;FALSE;34,2;$3,158;210,54;10,1;C;41 062;2011;12
43;16/12/2011;$665 007;FALSE;43,8;$3,159;210,74;10,1;C;41 062;2011;12
43;23/12/2011;$676 290;FALSE;42,6;$3,112;210,91;10,1;C;41 062;2011;12
43;30/12/2011;$505 406;TRUE;41,8;$3,129;211,07;10,1;C;41 062;2011;12
43;06/01/2012;$670 993;FALSE;47,6;$3,157;211,24;9,7;C;41 062;2012;1
43;13/01/2012;$663 530;FALSE;43,7;$3,261;211,41;9,7;C;41 062;2012;1
43;20/01/2012;$619 226;FALSE;52,7;$3,268;211,50;9,7;C;41 062;2012;1
43;27/01/2012;$587 685;FALSE;52,1;$3,290;211,59;9,7;C;41 062;2012;1
43;03/02/2012;$629 177;FALSE;51,9;$3,360;211,68;9,7;C;41 062;2012;2
43;10/02/2012;$662 199;TRUE;46,5;$3,409;211,76;9,7;C;41 062;2012;2
43;17/02/2012;$660 632;FALSE;49,4;$3,510;211,92;9,7;C;41 062;2012;2
43;24/02/2012;$613 043;FALSE;53,5;$3,555;212,12;9,7;C;41 062;2012;2
43;02/03/2012;$693 250;FALSE;56,4;$3,630;212,32;9,7;C;41 062;2012;3
43;09/03/2012;$636 678;FALSE;54,5;$3,669;212,52;9,7;C;41 062;2012;3
43;16/03/2012;$661 707;FALSE;57,9;$3,734;212,67;9,7;C;41 062;2012;3
43;23/03/2012;$610 941;FALSE;56,3;$3,787;212,74;9,7;C;41 062;2012;3
43;30/03/2012;$623 258;FALSE;69,9;$3,845;212,81;9,7;C;41 062;2012;3
43;06/04/2012;$658 468;FALSE;64,7;$3,891;212,89;9,6;C;41 062;2012;4
43;13/04/2012;$665 688;FALSE;70,2;$3,891;212,96;9,6;C;41 062;2012;4
43;20/04/2012;$638 145;FALSE;67,3;$3,877;213,01;9,6;C;41 062;2012;4
43;27/04/2012;$593 139;FALSE;78,3;$3,814;213,06;9,6;C;41 062;2012;4
43;04/05/2012;$637 964;FALSE;77,5;$3,749;213,11;9,6;C;41 062;2012;5
43;11/05/2012;$640 159;FALSE;67,6;$3,688;213,16;9,6;C;41 062;2012;5
43;18/05/2012;$648 542;FALSE;72,1;$3,630;213,18;9,6;C;41 062;2012;5
43;25/05/2012;$597 406;FALSE;82,4;$3,561;213,17;9,6;C;41 062;2012;5
43;01/06/2012;$605 079;FALSE;80,9;$3,501;213,17;9,6;C;41 062;2012;6
43;08/06/2012;$643 033;FALSE;85,7;$3,452;213,17;9,6;C;41 062;2012;6
43;15/06/2012;$634 815;FALSE;87,8;$3,393;213,18;9,6;C;41 062;2012;6
43;22/06/2012;$613 271;FALSE;87,5;$3,346;213,21;9,6;C;41 062;2012;6
43;29/06/2012;$593 128;FALSE;89,9;$3,286;213,25;9,6;C;41 062;2012;6
43;06/07/2012;$645 619;FALSE;82,7;$3,227;213,28;9,3;C;41 062;2012;7
43;13/07/2012;$627 634;FALSE;78,8;$3,256;213,31;9,3;C;41 062;2012;7
43;20/07/2012;$596 554;FALSE;83,8;$3,311;213,32;9,3;C;41 062;2012;7
43;27/07/2012;$572 448;FALSE;82,0;$3,407;213,33;9,3;C;41 062;2012;7
43;03/08/2012;$614 379;FALSE;85,1;$3,417;213,34;9,3;C;41 062;2012;8
43;10/08/2012;$643 559;FALSE;86,4;$3,494;213,35;9,3;C;41 062;2012;8
43;17/08/2012;$640 211;FALSE;85,7;$3,571;213,42;9,3;C;41 062;2012;8
43;24/08/2012;$598 235;FALSE;81,7;$3,620;213,55;9,3;C;41 062;2012;8
43;31/08/2012;$593 141;FALSE;81,1;$3,638;213,67;9,3;C;41 062;2012;8
43;07/09/2012;$663 814;TRUE;85,0;$3,730;213,80;9,3;C;41 062;2012;9
43;14/09/2012;$625 197;FALSE;73,0;$3,717;213,93;9,3;C;41 062;2012;9
43;21/09/2012;$601 990;FALSE;75,9;$3,721;214,12;9,3;C;41 062;2012;9
43;28/09/2012;$577 792;FALSE;77,6;$3,666;214,31;9,3;C;41 062;2012;9
43;05/10/2012;$642 615;FALSE;74,1;$3,617;214,49;8,8;C;41 062;2012;10
43;12/10/2012;$619 370;FALSE;71,1;$3,601;214,68;8,8;C;41 062;2012;10
43;19/10/2012;$623 919;FALSE;71,3;$3,594;214,72;8,8;C;41 062;2012;10
43;26/10/2012;$587 604;FALSE;69,2;$3,506;214,74;8,8;C;41 062;2012;10
44;05/02/2010;$281 091;FALSE;31,5;$2,666;126,44;8,1;C;39 910;2010;2
44;12/02/2010;$286 857;TRUE;33,2;$2,671;126,50;8,1;C;39 910;2010;2
44;19/02/2010;$267 956;FALSE;35,7;$2,654;126,53;8,1;C;39 910;2010;2
44;26/02/2010;$273 079;FALSE;30,0;$2,667;126,55;8,1;C;39 910;2010;2
44;05/03/2010;$284 617;FALSE;40,7;$2,681;126,58;8,1;C;39 910;2010;3
44;12/03/2010;$272 191;FALSE;37,6;$2,733;126,60;8,1;C;39 910;2010;3
44;19/03/2010;$269 624;FALSE;42,5;$2,782;126,61;8,1;C;39 910;2010;3
44;26/03/2010;$276 279;FALSE;41,5;$2,819;126,61;8,1;C;39 910;2010;3
44;02/04/2010;$286 198;FALSE;42,2;$2,842;126,60;8,0;C;39 910;2010;4
44;09/04/2010;$257 361;FALSE;39,0;$2,877;126,60;8,0;C;39 910;2010;4
44;16/04/2010;$280 049;FALSE;50,4;$2,915;126,56;8,0;C;39 910;2010;4
44;23/04/2010;$278 287;FALSE;55,7;$2,936;126,47;8,0;C;39 910;2010;4
44;30/04/2010;$272 998;FALSE;48,3;$2,941;126,38;8,0;C;39 910;2010;4
44;07/05/2010;$285 380;FALSE;44,4;$2,948;126,29;8,0;C;39 910;2010;5
44;14/05/2010;$286 516;FALSE;50,2;$2,962;126,21;8,0;C;39 910;2010;5
44;21/05/2010;$267 065;FALSE;57,7;$2,950;126,18;8,0;C;39 910;2010;5
44;28/05/2010;$291 891;FALSE;53,1;$2,908;126,16;8,0;C;39 910;2010;5
44;04/06/2010;$282 352;FALSE;59,9;$2,871;126,14;8,0;C;39 910;2010;6
44;11/06/2010;$296 818;FALSE;65,2;$2,841;126,11;8,0;C;39 910;2010;6
44;18/06/2010;$293 481;FALSE;58,4;$2,819;126,11;8,0;C;39 910;2010;6
44;25/06/2010;$288 247;FALSE;71,8;$2,820;126,13;8,0;C;39 910;2010;6
44;02/07/2010;$300 628;FALSE;78,8;$2,814;126,14;7,8;C;39 910;2010;7
44;09/07/2010;$280 473;FALSE;71,3;$2,802;126,15;7,8;C;39 910;2010;7
44;16/07/2010;$297 100;FALSE;77,8;$2,791;126,15;7,8;C;39 910;2010;7
44;23/07/2010;$292 680;FALSE;82,3;$2,797;126,13;7,8;C;39 910;2010;7
44;30/07/2010;$275 021;FALSE;78,9;$2,797;126,11;7,8;C;39 910;2010;7
44;06/08/2010;$296 804;FALSE;81,2;$2,802;126,09;7,8;C;39 910;2010;8
44;13/08/2010;$291 028;FALSE;74,9;$2,837;126,06;7,8;C;39 910;2010;8
44;20/08/2010;$284 741;FALSE;76,3;$2,850;126,08;7,8;C;39 910;2010;8
44;27/08/2010;$293 155;FALSE;75,3;$2,854;126,09;7,8;C;39 910;2010;8
44;03/09/2010;$295 880;FALSE;65,7;$2,868;126,10;7,8;C;39 910;2010;9
44;10/09/2010;$283 455;TRUE;65,7;$2,870;126,11;7,8;C;39 910;2010;9
44;17/09/2010;$279 364;FALSE;66,8;$2,875;126,15;7,8;C;39 910;2010;9
44;24/09/2010;$281 314;FALSE;68,2;$2,872;126,19;7,8;C;39 910;2010;9
44;01/10/2010;$300 152;FALSE;68,7;$2,853;126,23;7,6;C;39 910;2010;10
44;08/10/2010;$279 524;FALSE;63,0;$2,841;126,28;7,6;C;39 910;2010;10
44;15/10/2010;$268 708;FALSE;54,1;$2,845;126,33;7,6;C;39 910;2010;10
44;22/10/2010;$270 110;FALSE;56,9;$2,849;126,38;7,6;C;39 910;2010;10
44;29/10/2010;$286 497;FALSE;45,1;$2,841;126,44;7,6;C;39 910;2010;10
44;05/11/2010;$270 517;FALSE;50,0;$2,831;126,49;7,6;C;39 910;2010;11
44;12/11/2010;$281 910;FALSE;42,6;$2,831;126,55;7,6;C;39 910;2010;11
44;19/11/2010;$284 323;FALSE;42,0;$2,842;126,61;7,6;C;39 910;2010;11
44;26/11/2010;$307 647;TRUE;28,2;$2,830;126,67;7,6;C;39 910;2010;11
44;03/12/2010;$264 214;FALSE;25,8;$2,812;126,73;7,6;C;39 910;2010;12
44;10/12/2010;$278 253;FALSE;36,8;$2,817;126,79;7,6;C;39 910;2010;12
44;17/12/2010;$278 646;FALSE;35,2;$2,842;126,88;7,6;C;39 910;2010;12
44;24/12/2010;$365 098;FALSE;34,9;$2,846;126,98;7,6;C;39 910;2010;12
44;31/12/2010;$241 937;TRUE;26,8;$2,868;127,09;7,6;C;39 910;2010;12
44;07/01/2011;$288 320;FALSE;16,9;$2,891;127,19;7,2;C;39 910;2011;1
44;14/01/2011;$292 859;FALSE;20,6;$2,903;127,30;7,2;C;39 910;2011;1
44;21/01/2011;$276 158;FALSE;34,8;$2,934;127,44;7,2;C;39 910;2011;1
44;28/01/2011;$276 011;FALSE;31,6;$2,960;127,58;7,2;C;39 910;2011;1
44;04/02/2011;$293 953;FALSE;23,4;$2,974;127,72;7,2;C;39 910;2011;2
44;11/02/2011;$307 487;TRUE;30,8;$3,034;127,86;7,2;C;39 910;2011;2
44;18/02/2011;$280 786;FALSE;40,9;$3,062;128,00;7,2;C;39 910;2011;2
44;25/02/2011;$279 428;FALSE;33,2;$3,120;128,13;7,2;C;39 910;2011;2
44;04/03/2011;$293 985;FALSE;34,2;$3,230;128,26;7,2;C;39 910;2011;3
44;11/03/2011;$284 496;FALSE;41,3;$3,346;128,40;7,2;C;39 910;2011;3
44;18/03/2011;$281 700;FALSE;44,7;$3,407;128,51;7,2;C;39 910;2011;3
44;25/03/2011;$285 032;FALSE;42,4;$3,435;128,62;7,2;C;39 910;2011;3
44;01/04/2011;$281 514;FALSE;42,5;$3,487;128,72;6,9;C;39 910;2011;4
44;08/04/2011;$292 499;FALSE;42,8;$3,547;128,82;6,9;C;39 910;2011;4
44;15/04/2011;$289 668;FALSE;41,7;$3,616;128,91;6,9;C;39 910;2011;4
44;22/04/2011;$280 357;FALSE;47,6;$3,655;128,96;6,9;C;39 910;2011;4
44;29/04/2011;$281 248;FALSE;43,9;$3,683;129,00;6,9;C;39 910;2011;4
44;06/05/2011;$299 355;FALSE;47,8;$3,744;129,04;6,9;C;39 910;2011;5
44;13/05/2011;$307 095;FALSE;52,4;$3,770;129,09;6,9;C;39 910;2011;5
44;20/05/2011;$303 559;FALSE;52,1;$3,802;129,08;6,9;C;39 910;2011;5
44;27/05/2011;$308 442;FALSE;54,6;$3,778;129,06;6,9;C;39 910;2011;5
44;03/06/2011;$308 950;FALSE;52,8;$3,752;129,05;6,9;C;39 910;2011;6
44;10/06/2011;$308 770;FALSE;61,4;$3,732;129,04;6,9;C;39 910;2011;6
44;17/06/2011;$300 256;FALSE;63,4;$3,704;129,04;6,9;C;39 910;2011;6
44;24/06/2011;$296 766;FALSE;66,4;$3,668;129,07;6,9;C;39 910;2011;6
44;01/07/2011;$315 273;FALSE;74,3;$3,613;129,09;6,6;C;39 910;2011;7
44;08/07/2011;$295 339;FALSE;77,3;$3,563;129,11;6,6;C;39 910;2011;7
44;15/07/2011;$289 201;FALSE;75,6;$3,553;129,13;6,6;C;39 910;2011;7
44;22/07/2011;$303 109;FALSE;78,5;$3,563;129,15;6,6;C;39 910;2011;7
44;29/07/2011;$279 677;FALSE;77,6;$3,574;129,17;6,6;C;39 910;2011;7
44;05/08/2011;$298 080;FALSE;75,6;$3,595;129,18;6,6;C;39 910;2011;8
44;12/08/2011;$290 400;FALSE;76,0;$3,606;129,20;6,6;C;39 910;2011;8
44;19/08/2011;$290 910;FALSE;76,7;$3,578;129,24;6,6;C;39 910;2011;8
44;26/08/2011;$324 175;FALSE;81,5;$3,570;129,28;6,6;C;39 910;2011;8
44;02/09/2011;$309 544;FALSE;77,0;$3,580;129,33;6,6;C;39 910;2011;9
44;09/09/2011;$295 811;TRUE;70,2;$3,619;129,37;6,6;C;39 910;2011;9
44;16/09/2011;$303 974;FALSE;67,5;$3,641;129,43;6,6;C;39 910;2011;9
44;23/09/2011;$307 409;FALSE;63,6;$3,648;129,52;6,6;C;39 910;2011;9
44;30/09/2011;$299 758;FALSE;68,3;$3,623;129,61;6,6;C;39 910;2011;9
44;07/10/2011;$312 577;FALSE;60,6;$3,592;129,69;6,1;C;39 910;2011;10
44;14/10/2011;$293 032;FALSE;51,7;$3,567;129,77;6,1;C;39 910;2011;10
44;21/10/2011;$305 970;FALSE;54,7;$3,579;129,78;6,1;C;39 910;2011;10
44;28/10/2011;$306 336;FALSE;47,4;$3,567;129,79;6,1;C;39 910;2011;10
44;04/11/2011;$307 126;FALSE;43,5;$3,538;129,81;6,1;C;39 910;2011;11
44;11/11/2011;$312 234;FALSE;33,8;$3,513;129,82;6,1;C;39 910;2011;11
44;18/11/2011;$310 531;FALSE;40,7;$3,489;129,83;6,1;C;39 910;2011;11
44;25/11/2011;$309 129;TRUE;38,9;$3,445;129,84;6,1;C;39 910;2011;11
44;02/12/2011;$284 309;FALSE;33,9;$3,389;129,85;6,1;C;39 910;2011;12
44;09/12/2011;$304 301;FALSE;24,8;$3,341;129,86;6,1;C;39 910;2011;12
44;16/12/2011;$311 144;FALSE;27,9;$3,282;129,90;6,1;C;39 910;2011;12
44;23/12/2011;$376 234;FALSE;24,8;$3,186;129,98;6,1;C;39 910;2011;12
44;30/12/2011;$263 918;TRUE;31,5;$3,119;130,07;6,1;C;39 910;2011;12
44;06/01/2012;$325 328;FALSE;33,8;$3,080;130,16;5,8;C;39 910;2012;1
44;13/01/2012;$312 362;FALSE;25,6;$3,056;130,24;5,8;C;39 910;2012;1
44;20/01/2012;$316 948;FALSE;32,7;$3,047;130,28;5,8;C;39 910;2012;1
44;27/01/2012;$308 295;FALSE;34,3;$3,058;130,31;5,8;C;39 910;2012;1
44;03/02/2012;$325 986;FALSE;31,4;$3,077;130,35;5,8;C;39 910;2012;2
44;10/02/2012;$325 378;TRUE;33,7;$3,116;130,38;5,8;C;39 910;2012;2
44;17/02/2012;$320 691;FALSE;36,6;$3,119;130,45;5,8;C;39 910;2012;2
44;24/02/2012;$315 642;FALSE;35,4;$3,145;130,55;5,8;C;39 910;2012;2
44;02/03/2012;$316 687;FALSE;32,4;$3,242;130,65;5,8;C;39 910;2012;3
44;09/03/2012;$303 438;FALSE;38,2;$3,380;130,74;5,8;C;39 910;2012;3
44;16/03/2012;$331 966;FALSE;52,5;$3,529;130,83;5,8;C;39 910;2012;3
44;23/03/2012;$296 947;FALSE;47,8;$3,671;130,90;5,8;C;39 910;2012;3
44;30/03/2012;$310 027;FALSE;53,2;$3,734;130,97;5,8;C;39 910;2012;3
44;06/04/2012;$320 021;FALSE;48,9;$3,793;131,04;5,6;C;39 910;2012;4
44;13/04/2012;$311 390;FALSE;51,7;$3,833;131,11;5,6;C;39 910;2012;4
44;20/04/2012;$323 234;FALSE;50,2;$3,845;131,12;5,6;C;39 910;2012;4
44;27/04/2012;$330 338;FALSE;64,8;$3,842;131,13;5,6;C;39 910;2012;4
44;04/05/2012;$326 053;FALSE;54,4;$3,831;131,14;5,6;C;39 910;2012;5
44;11/05/2012;$341 381;FALSE;56,5;$3,809;131,15;5,6;C;39 910;2012;5
44;18/05/2012;$334 042;FALSE;65,2;$3,808;131,10;5,6;C;39 910;2012;5
44;25/05/2012;$343 268;FALSE;62,4;$3,801;131,03;5,6;C;39 910;2012;5
44;01/06/2012;$323 411;FALSE;61,1;$3,788;130,96;5,6;C;39 910;2012;6
44;08/06/2012;$340 238;FALSE;68,4;$3,776;130,89;5,6;C;39 910;2012;6
44;15/06/2012;$338 401;FALSE;66,0;$3,756;130,83;5,6;C;39 910;2012;6
44;22/06/2012;$336 241;FALSE;72,9;$3,737;130,79;5,6;C;39 910;2012;6
44;29/06/2012;$338 386;FALSE;82,0;$3,681;130,76;5,6;C;39 910;2012;6
44;06/07/2012;$358 462;FALSE;79,2;$3,630;130,72;5,4;C;39 910;2012;7
44;13/07/2012;$336 479;FALSE;83,7;$3,595;130,68;5,4;C;39 910;2012;7
44;20/07/2012;$337 819;FALSE;75,7;$3,556;130,70;5,4;C;39 910;2012;7
44;27/07/2012;$319 855;FALSE;80,4;$3,537;130,72;5,4;C;39 910;2012;7
44;03/08/2012;$342 385;FALSE;82,0;$3,512;130,74;5,4;C;39 910;2012;8
44;10/08/2012;$333 595;FALSE;81,7;$3,509;130,76;5,4;C;39 910;2012;8
44;17/08/2012;$327 390;FALSE;79,4;$3,545;130,79;5,4;C;39 910;2012;8
44;24/08/2012;$337 986;FALSE;77,4;$3,582;130,84;5,4;C;39 910;2012;8
44;31/08/2012;$339 491;FALSE;79,2;$3,624;130,89;5,4;C;39 910;2012;8
44;07/09/2012;$338 737;TRUE;70,7;$3,689;130,93;5,4;C;39 910;2012;9
44;14/09/2012;$347 727;FALSE;68,6;$3,749;130,98;5,4;C;39 910;2012;9
44;21/09/2012;$336 018;FALSE;68,0;$3,821;131,01;5,4;C;39 910;2012;9
44;28/09/2012;$355 308;FALSE;64,8;$3,821;131,04;5,4;C;39 910;2012;9
44;05/10/2012;$337 390;FALSE;61,8;$3,815;131,08;5,2;C;39 910;2012;10
44;12/10/2012;$337 796;FALSE;55,1;$3,797;131,11;5,2;C;39 910;2012;10
44;19/10/2012;$323 767;FALSE;52,1;$3,781;131,15;5,2;C;39 910;2012;10
44;26/10/2012;$361 067;FALSE;47,0;$3,755;131,19;5,2;C;39 910;2012;10
45;05/02/2010;$890 690;FALSE;27,3;$2,784;181,87;9,0;B;118 221;2010;2
45;12/02/2010;$656 989;TRUE;27,7;$2,773;181,98;9,0;B;118 221;2010;2
45;19/02/2010;$841 264;FALSE;31,3;$2,745;182,03;9,0;B;118 221;2010;2
45;26/02/2010;$741 892;FALSE;34,9;$2,754;182,08;9,0;B;118 221;2010;2
45;05/03/2010;$777 951;FALSE;37,1;$2,777;182,12;9,0;B;118 221;2010;3
45;12/03/2010;$765 687;FALSE;45,8;$2,818;182,16;9,0;B;118 221;2010;3
45;19/03/2010;$773 819;FALSE;48,8;$2,844;182,08;9,0;B;118 221;2010;3
45;26/03/2010;$782 563;FALSE;54,4;$2,854;181,97;9,0;B;118 221;2010;3
45;02/04/2010;$877 236;FALSE;47,7;$2,850;181,87;8,9;B;118 221;2010;4
45;09/04/2010;$833 783;FALSE;65,5;$2,869;181,76;8,9;B;118 221;2010;4
45;16/04/2010;$782 222;FALSE;54,3;$2,899;181,69;8,9;B;118 221;2010;4
45;23/04/2010;$749 779;FALSE;53,5;$2,902;181,68;8,9;B;118 221;2010;4
45;30/04/2010;$737 266;FALSE;53,2;$2,921;181,66;8,9;B;118 221;2010;4
45;07/05/2010;$812 191;FALSE;70,8;$2,966;181,65;8,9;B;118 221;2010;5
45;14/05/2010;$758 182;FALSE;54,3;$2,982;181,66;8,9;B;118 221;2010;5
45;21/05/2010;$747 888;FALSE;62,6;$2,958;181,85;8,9;B;118 221;2010;5
45;28/05/2010;$801 098;FALSE;69,3;$2,899;182,05;8,9;B;118 221;2010;5
45;04/06/2010;$837 549;FALSE;75,9;$2,847;182,24;8,9;B;118 221;2010;6
45;11/06/2010;$794 699;FALSE;69,7;$2,809;182,43;8,9;B;118 221;2010;6
45;18/06/2010;$815 131;FALSE;72,6;$2,780;182,44;8,9;B;118 221;2010;6
45;25/06/2010;$792 299;FALSE;79,3;$2,808;182,38;8,9;B;118 221;2010;6
45;02/07/2010;$800 148;FALSE;76,6;$2,815;182,32;8,7;B;118 221;2010;7
45;09/07/2010;$787 062;FALSE;82,5;$2,793;182,26;8,7;B;118 221;2010;7
45;16/07/2010;$723 709;FALSE;77,8;$2,783;182,26;8,7;B;118 221;2010;7
45;23/07/2010;$714 601;FALSE;81,5;$2,771;182,35;8,7;B;118 221;2010;7
45;30/07/2010;$716 859;FALSE;79,8;$2,781;182,44;8,7;B;118 221;2010;7
45;06/08/2010;$746 517;FALSE;77,2;$2,784;182,53;8,7;B;118 221;2010;8
45;13/08/2010;$722 262;FALSE;78,4;$2,805;182,62;8,7;B;118 221;2010;8
45;20/08/2010;$708 568;FALSE;76,0;$2,779;182,62;8,7;B;118 221;2010;8
45;27/08/2010;$721 744;FALSE;71,4;$2,755;182,61;8,7;B;118 221;2010;8
45;03/09/2010;$790 145;FALSE;78,4;$2,715;182,60;8,7;B;118 221;2010;9
45;10/09/2010;$721 460;TRUE;70,9;$2,699;182,60;8,7;B;118 221;2010;9
45;17/09/2010;$716 988;FALSE;66,6;$2,706;182,62;8,7;B;118 221;2010;9
45;24/09/2010;$678 229;FALSE;68,6;$2,713;182,67;8,7;B;118 221;2010;9
45;01/10/2010;$690 008;FALSE;70,6;$2,707;182,72;8,7;B;118 221;2010;10
45;08/10/2010;$745 782;FALSE;56,5;$2,764;182,76;8,7;B;118 221;2010;10
45;15/10/2010;$715 263;FALSE;58,6;$2,868;182,81;8,7;B;118 221;2010;10
45;22/10/2010;$730 899;FALSE;53,2;$2,917;182,86;8,7;B;118 221;2010;10
45;29/10/2010;$732 860;FALSE;61,3;$2,921;182,90;8,7;B;118 221;2010;10
45;05/11/2010;$764 014;FALSE;45,7;$2,917;182,95;8,7;B;118 221;2010;11
45;12/11/2010;$765 649;FALSE;46,1;$2,931;182,99;8,7;B;118 221;2010;11
45;19/11/2010;$723 988;FALSE;50,0;$3,000;182,90;8,7;B;118 221;2010;11
45;26/11/2010;$1 182 500;TRUE;46,2;$3,039;182,78;8,7;B;118 221;2010;11
45;03/12/2010;$879 245;FALSE;40,9;$3,046;182,67;8,7;B;118 221;2010;12
45;10/12/2010;$1 002 364;FALSE;30,5;$3,109;182,55;8,7;B;118 221;2010;12
45;17/12/2010;$1 123 283;FALSE;30,5;$3,140;182,52;8,7;B;118 221;2010;12
45;24/12/2010;$1 682 862;FALSE;30,6;$3,141;182,54;8,7;B;118 221;2010;12
45;31/12/2010;$679 156;TRUE;29,7;$3,179;182,57;8,7;B;118 221;2010;12
45;07/01/2011;$680 254;FALSE;34,3;$3,193;182,60;8,5;B;118 221;2011;1
45;14/01/2011;$654 019;FALSE;24,8;$3,205;182,66;8,5;B;118 221;2011;1
45;21/01/2011;$644 285;FALSE;30,6;$3,229;182,92;8,5;B;118 221;2011;1
45;28/01/2011;$617 208;FALSE;24,1;$3,237;183,18;8,5;B;118 221;2011;1
45;04/02/2011;$759 442;FALSE;28,7;$3,231;183,44;8,5;B;118 221;2011;2
45;11/02/2011;$766 456;TRUE;30,3;$3,239;183,70;8,5;B;118 221;2011;2
45;18/02/2011;$802 253;FALSE;40,7;$3,245;183,94;8,5;B;118 221;2011;2
45;25/02/2011;$733 717;FALSE;35,8;$3,274;184,16;8,5;B;118 221;2011;2
45;04/03/2011;$761 880;FALSE;38,7;$3,433;184,39;8,5;B;118 221;2011;3
45;11/03/2011;$714 015;FALSE;45,0;$3,582;184,61;8,5;B;118 221;2011;3
45;18/03/2011;$733 565;FALSE;46,7;$3,631;184,81;8,5;B;118 221;2011;3
45;25/03/2011;$719 737;FALSE;41,8;$3,625;184,99;8,5;B;118 221;2011;3
45;01/04/2011;$712 426;FALSE;37,3;$3,638;185,18;8,5;B;118 221;2011;4
45;08/04/2011;$750 183;FALSE;48,7;$3,720;185,36;8,5;B;118 221;2011;4
45;15/04/2011;$765 270;FALSE;53,7;$3,821;185,53;8,5;B;118 221;2011;4
45;22/04/2011;$813 630;FALSE;53,0;$3,892;185,67;8,5;B;118 221;2011;4
45;29/04/2011;$786 562;FALSE;66,2;$3,962;185,80;8,5;B;118 221;2011;4
45;06/05/2011;$810 151;FALSE;58,2;$4,046;185,94;8,5;B;118 221;2011;5
45;13/05/2011;$793 889;FALSE;60,4;$4,066;186,07;8,5;B;118 221;2011;5
45;20/05/2011;$727 164;FALSE;62,3;$4,062;185,97;8,5;B;118 221;2011;5
45;27/05/2011;$817 653;FALSE;69,7;$3,985;185,86;8,5;B;118 221;2011;5
45;03/06/2011;$877 423;FALSE;76,4;$3,922;185,75;8,5;B;118 221;2011;6
45;10/06/2011;$814 395;FALSE;73,9;$3,881;185,65;8,5;B;118 221;2011;6
45;17/06/2011;$811 154;FALSE;69,3;$3,842;185,67;8,5;B;118 221;2011;6
45;24/06/2011;$762 862;FALSE;74,9;$3,804;185,79;8,5;B;118 221;2011;6
45;01/07/2011;$791 495;FALSE;74,0;$3,748;185,91;8,6;B;118 221;2011;7
45;08/07/2011;$768 718;FALSE;77,5;$3,711;186,03;8,6;B;118 221;2011;7
45;15/07/2011;$748 435;FALSE;78,5;$3,760;186,14;8,6;B;118 221;2011;7
45;22/07/2011;$741 625;FALSE;82,3;$3,811;186,22;8,6;B;118 221;2011;7
45;29/07/2011;$704 681;FALSE;81,3;$3,829;186,30;8,6;B;118 221;2011;7
45;05/08/2011;$765 997;FALSE;78,2;$3,842;186,37;8,6;B;118 221;2011;8
45;12/08/2011;$724 181;FALSE;77,0;$3,812;186,45;8,6;B;118 221;2011;8
45;19/08/2011;$712 363;FALSE;73,0;$3,747;186,51;8,6;B;118 221;2011;8
45;26/08/2011;$833 979;FALSE;72,6;$3,704;186,56;8,6;B;118 221;2011;8
45;02/09/2011;$726 482;FALSE;70,6;$3,703;186,62;8,6;B;118 221;2011;9
45;09/09/2011;$746 130;TRUE;71,5;$3,738;186,67;8,6;B;118 221;2011;9
45;16/09/2011;$711 368;FALSE;69,2;$3,742;186,80;8,6;B;118 221;2011;9
45;23/09/2011;$714 106;FALSE;63,8;$3,711;187,03;8,6;B;118 221;2011;9
45;30/09/2011;$698 986;FALSE;70,7;$3,645;187,26;8,6;B;118 221;2011;9
45;07/10/2011;$753 447;FALSE;55,8;$3,583;187,48;8,5;B;118 221;2011;10
45;14/10/2011;$720 947;FALSE;63,8;$3,541;187,69;8,5;B;118 221;2011;10
45;21/10/2011;$771 686;FALSE;59,6;$3,570;187,78;8,5;B;118 221;2011;10
45;28/10/2011;$781 695;FALSE;51,8;$3,569;187,88;8,5;B;118 221;2011;10
45;04/11/2011;$833 429;FALSE;43,9;$3,551;187,97;8,5;B;118 221;2011;11
45;11/11/2011;$808 625;FALSE;47,7;$3,530;188,06;8,5;B;118 221;2011;11
45;18/11/2011;$773 604;FALSE;51,3;$3,530;188,20;8,5;B;118 221;2011;11
45;25/11/2011;$1 170 673;TRUE;48,7;$3,492;188,35;8,5;B;118 221;2011;11
45;02/12/2011;$875 700;FALSE;50,2;$3,452;188,50;8,5;B;118 221;2011;12
45;09/12/2011;$957 155;FALSE;46,6;$3,415;188,65;8,5;B;118 221;2011;12
45;16/12/2011;$1 078 906;FALSE;39,9;$3,413;188,80;8,5;B;118 221;2011;12
45;23/12/2011;$1 521 958;FALSE;42,3;$3,389;188,93;8,5;B;118 221;2011;12
45;30/12/2011;$869 404;TRUE;37,8;$3,389;189,06;8,5;B;118 221;2011;12
45;06/01/2012;$714 081;FALSE;35,9;$3,422;189,19;8,4;B;118 221;2012;1
45;13/01/2012;$676 616;FALSE;41,2;$3,513;189,33;8,4;B;118 221;2012;1
45;20/01/2012;$700 392;FALSE;31,9;$3,533;189,42;8,4;B;118 221;2012;1
45;27/01/2012;$624 082;FALSE;37,9;$3,567;189,52;8,4;B;118 221;2012;1
45;03/02/2012;$757 331;FALSE;43,0;$3,617;189,61;8,4;B;118 221;2012;2
45;10/02/2012;$803 657;TRUE;37,0;$3,640;189,71;8,4;B;118 221;2012;2
45;17/02/2012;$858 854;FALSE;36,9;$3,695;189,84;8,4;B;118 221;2012;2
45;24/02/2012;$753 061;FALSE;42,9;$3,739;190,01;8,4;B;118 221;2012;2
45;02/03/2012;$782 796;FALSE;41,6;$3,816;190,17;8,4;B;118 221;2012;3
45;09/03/2012;$776 969;FALSE;45,5;$3,848;190,34;8,4;B;118 221;2012;3
45;16/03/2012;$788 340;FALSE;50,6;$3,862;190,46;8,4;B;118 221;2012;3
45;23/03/2012;$791 835;FALSE;59,5;$3,900;190,54;8,4;B;118 221;2012;3
45;30/03/2012;$777 254;FALSE;50,0;$3,953;190,61;8,4;B;118 221;2012;3
45;06/04/2012;$899 479;FALSE;49,7;$3,996;190,69;8,6;B;118 221;2012;4
45;13/04/2012;$781 971;FALSE;51,8;$4,044;190,76;8,6;B;118 221;2012;4
45;20/04/2012;$776 662;FALSE;63,1;$4,027;190,81;8,6;B;118 221;2012;4
45;27/04/2012;$711 572;FALSE;53,2;$4,004;190,87;8,6;B;118 221;2012;4
45;04/05/2012;$782 301;FALSE;55,2;$3,951;190,92;8,6;B;118 221;2012;5
45;11/05/2012;$770 487;FALSE;61,2;$3,889;190,98;8,6;B;118 221;2012;5
45;18/05/2012;$800 842;FALSE;66,3;$3,848;191,00;8,6;B;118 221;2012;5
45;25/05/2012;$817 741;FALSE;67,2;$3,798;191,00;8,6;B;118 221;2012;5
45;01/06/2012;$837 145;FALSE;74,5;$3,742;191,01;8,6;B;118 221;2012;6
45;08/06/2012;$795 133;FALSE;64,3;$3,689;191,02;8,6;B;118 221;2012;6
45;15/06/2012;$821 498;FALSE;71,9;$3,620;191,03;8,6;B;118 221;2012;6
45;22/06/2012;$822 569;FALSE;74,2;$3,564;191,06;8,6;B;118 221;2012;6
45;29/06/2012;$773 368;FALSE;75,2;$3,506;191,10;8,6;B;118 221;2012;6
45;06/07/2012;$843 361;FALSE;83,0;$3,475;191,13;8,7;B;118 221;2012;7
45;13/07/2012;$749 817;FALSE;80,0;$3,523;191,17;8,7;B;118 221;2012;7
45;20/07/2012;$737 614;FALSE;78,9;$3,567;191,17;8,7;B;118 221;2012;7
45;27/07/2012;$711 672;FALSE;77,2;$3,647;191,17;8,7;B;118 221;2012;7
45;03/08/2012;$725 730;FALSE;76,6;$3,654;191,16;8,7;B;118 221;2012;8
45;10/08/2012;$733 037;FALSE;78,7;$3,722;191,16;8,7;B;118 221;2012;8
45;17/08/2012;$722 497;FALSE;75,7;$3,807;191,23;8,7;B;118 221;2012;8
45;24/08/2012;$718 232;FALSE;72,6;$3,834;191,34;8,7;B;118 221;2012;8
45;31/08/2012;$734 298;FALSE;75,1;$3,867;191,46;8,7;B;118 221;2012;8
45;07/09/2012;$766 513;TRUE;75,7;$3,911;191,58;8,7;B;118 221;2012;9
45;14/09/2012;$702 238;FALSE;67,9;$3,948;191,70;8,7;B;118 221;2012;9
45;21/09/2012;$723 086;FALSE;65,3;$4,038;191,86;8,7;B;118 221;2012;9
45;28/09/2012;$713 174;FALSE;64,9;$3,997;192,01;8,7;B;118 221;2012;9
45;05/10/2012;$733 455;FALSE;64,9;$3,985;192,17;8,7;B;118 221;2012;10
45;12/10/2012;$734 464;FALSE;54,5;$4,000;192,33;8,7;B;118 221;2012;10
45;19/10/2012;$718 126;FALSE;56,5;$3,969;192,33;8,7;B;118 221;2012;10
45;26/10/2012;$760 281;FALSE;58,9;$3,882;192,31;8,7;B;118 221;2012;10
